pat_id	event_dt	cd_type	pos	cat	cont_enrl_st_dt	cont_enrl_end_dt
1	2024-08-14	dx	op	preg-care	2025-03-01	2026-10-31
1	2024-08-14	dx	ip	preg-care	2025-03-01	2026-10-31
1	2024-08-14	dx	op	ant-scrn	2025-03-01	2026-10-31
1	2024-09-13	dx	op	compl-preg4	2025-03-01	2026-10-31
1	2024-09-13	dx	op	hemo-preg	2025-03-01	2026-10-31
1	2024-09-25	dx	op	ant-scrn	2025-03-01	2026-10-31
1	2024-09-25	dx	op	preg-week-18	2025-03-01	2026-10-31
1	2025-02-19	dx	op	preg-care	2025-03-01	2026-10-31
1	2025-02-23	dx	ip	compl-preg4	2025-03-01	2026-10-31
1	2025-02-24	px	op	birth-px	2025-03-01	2026-10-31
1	2025-02-24	dx	op	birth	2025-03-01	2026-10-31
1	2025-02-24	dx	op	preg-week-40	2025-03-01	2026-10-31
1	2025-02-24	dx	op	birth-outcom	2025-03-01	2026-10-31
1	2025-02-25	dx	op	compl-preg4	2025-03-01	2026-10-31
2	2023-03-16	px	op	birth-px	2020-02-26	2026-10-20
2	2023-05-18	tx_px	op	psy-thrp	2020-02-26	2026-10-20
2	2024-09-09	dx	op	ant-scrn	2020-02-26	2026-10-20
2	2024-09-09	dx	op	preg-care	2020-02-26	2026-10-20
2	2024-09-09	dx	op	preg-week-01	2020-02-26	2026-10-20
2	2024-12-16	dx	op	ant-scrn	2020-02-26	2026-10-20
2	2024-12-16	dx	ip	preg-week-21	2020-02-26	2026-10-20
2	2024-12-16	dx	op	preg-care	2020-02-26	2026-10-20
2	2025-01-14	dx	op	preg-week-25	2020-02-26	2026-10-20
2	2025-01-14	dx	op	abrnl-fetus-care2	2020-02-26	2026-10-20
2	2025-02-05	dx	op	abrnl-fetus-care2	2020-02-26	2026-10-20
2	2025-02-05	dx	op	preg-week-28	2020-02-26	2026-10-20
2	2025-02-05	dx	op	preg-care	2020-02-26	2026-10-20
2	2025-03-03	dx	ip	ant-scrn	2020-02-26	2026-10-20
2	2025-03-03	dx	op	preg-week-32	2020-02-26	2026-10-20
2	2025-04-04	dx	op	preg-care	2020-02-26	2026-10-20
2	2025-04-04	dx	op	ant-scrn	2020-02-26	2026-10-20
2	2025-04-04	dx	op	preg-week-36	2020-02-26	2026-10-20
2	2025-04-15	dx	op	preg-week-38	2020-02-26	2026-10-20
2	2025-04-22	dx	ip	birth-outcom	2020-02-26	2026-10-20
2	2025-04-22	dx	op	preg-week-39	2020-02-26	2026-10-20
2	2025-04-22	px	op	birth-px	2020-02-26	2026-10-20
3	2024-02-09	dx	op	preg-care	2023-03-14	2026-08-04
3	2024-02-09	dx	op	ant-scrn	2023-03-14	2026-08-04
3	2024-02-09	dx	op	preg-week-16	2023-03-14	2026-08-04
3	2024-03-11	dx	op	preg-care	2023-03-14	2026-08-04
3	2024-03-11	dx	op	ant-scrn	2023-03-14	2026-08-04
3	2024-03-11	dx	ip	preg-week-20	2023-03-14	2026-08-04
3	2024-04-08	dx	op	preg-care	2023-03-14	2026-08-04
3	2024-05-21	dx	op	preg-care	2023-03-14	2026-08-04
3	2024-06-03	dx	op	preg-care	2023-03-14	2026-08-04
3	2024-06-17	dx	op	preg-care	2023-03-14	2026-08-04
3	2024-06-18	dx	op	preg-week-34	2023-03-14	2026-08-04
3	2024-06-18	dx	op	compl-preg4	2023-03-14	2026-08-04
3	2024-06-24	dx	op	preg-care	2023-03-14	2026-08-04
3	2024-06-25	dx	ip	preg-week-35	2023-03-14	2026-08-04
3	2024-07-11	dx	ip	preg-care	2023-03-14	2026-08-04
3	2024-07-18	dx	op	preg-care	2023-03-14	2026-08-04
3	2024-07-18	dx	ip	preg-care	2023-03-14	2026-08-04
3	2024-07-20	px	op	birth-px	2023-03-14	2026-08-04
3	2024-07-20	dx	ip	birth-outcom	2023-03-14	2026-08-04
3	2024-07-20	dx	op	preg-week-39	2023-03-14	2026-08-04
3	2024-07-20	dx	op	birth	2023-03-14	2026-08-04
4	2022-06-22	dx	op	hemo-preg	2010-06-09	2026-07-27
4	2022-07-16	dx	ip	s-abort	2010-06-09	2026-07-27
4	2024-02-24	dx	op	r-mdd	2010-06-09	2026-07-27
4	2024-02-26	dx	op	r-mdd	2010-06-09	2026-07-27
4	2024-03-03	dx	ip	mdd	2010-06-09	2026-07-27
4	2024-03-04	dx	ip	r-mdd	2010-06-09	2026-07-27
4	2024-03-05	dx	ip	r-mdd	2010-06-09	2026-07-27
4	2024-03-06	dx	op	r-mdd	2010-06-09	2026-07-27
4	2024-03-07	tx_rx	pharmacy	SERTRALINE	2010-06-09	2026-07-27
4	2024-03-07	dx	op	r-mdd	2010-06-09	2026-07-27
4	2025-04-27	dx	op	birth	2010-06-09	2026-07-27
5	2023-09-07	dx	op	incidental, preg-unplnd	2012-07-15	2026-04-02
5	2025-03-21	px	op	ppd-scrn	2012-07-15	2026-04-02
5	2025-03-21	dx	op	incidental, preg-unplnd	2012-07-15	2026-04-02
5	2025-03-21	px	ip	ppd-scrn	2012-07-15	2026-04-02
6	2022-01-10	tx_rx	pharmacy	SERTRALINE	2022-01-14	2026-05-20
6	2022-01-11	tx_rx	pharmacy	SERTRALINE	2022-01-14	2026-05-20
6	2022-01-24	dx	op	r-mdd	2022-01-14	2026-05-20
6	2022-01-31	dx	op	r-mdd	2022-01-14	2026-05-20
6	2022-02-10	tx_rx	pharmacy	SERTRALINE	2022-01-14	2026-05-20
6	2022-03-23	tx_rx	pharmacy	SERTRALINE	2022-01-14	2026-05-20
6	2022-03-28	dx	op	abrnl-fetus-care1	2022-01-14	2026-05-20
6	2022-03-28	dx	op	compl-preg4	2022-01-14	2026-05-20
6	2022-03-28	dx	ip	hrp-care	2022-01-14	2026-05-20
6	2022-04-27	tx_rx	pharmacy	SERTRALINE	2022-01-14	2026-05-20
6	2022-06-01	tx_rx	pharmacy	SERTRALINE	2022-01-14	2026-05-20
6	2022-07-11	tx_rx	pharmacy	SERTRALINE	2022-01-14	2026-05-20
6	2022-08-07	tx_rx	pharmacy	SERTRALINE	2022-01-14	2026-05-20
6	2022-09-26	tx_rx	pharmacy	SERTRALINE	2022-01-14	2026-05-20
6	2022-10-26	tx_rx	pharmacy	SERTRALINE	2022-01-14	2026-05-20
6	2022-12-07	tx_px	op	psy-thrp	2022-01-14	2026-05-20
6	2022-12-28	tx_px	ip	psy-thrp	2022-01-14	2026-05-20
6	2023-01-04	tx_px	op	psy-thrp	2022-01-14	2026-05-20
6	2023-01-11	tx_px	op	psy-thrp	2022-01-14	2026-05-20
6	2023-01-11	dx	op	r-mdd	2022-01-14	2026-05-20
6	2023-01-18	tx_px	op	psy-thrp	2022-01-14	2026-05-20
6	2023-01-25	tx_px	op	psy-thrp	2022-01-14	2026-05-20
6	2023-01-29	tx_rx	pharmacy	SERTRALINE	2022-01-14	2026-05-20
6	2023-02-01	tx_px	op	psy-thrp	2022-01-14	2026-05-20
6	2023-02-08	tx_px	op	psy-thrp	2022-01-14	2026-05-20
6	2023-02-22	tx_px	op	psy-thrp	2022-01-14	2026-05-20
6	2023-03-01	tx_px	op	psy-thrp	2022-01-14	2026-05-20
6	2023-03-08	tx_px	op	psy-thrp	2022-01-14	2026-05-20
6	2023-03-15	tx_px	op	psy-thrp	2022-01-14	2026-05-20
6	2023-03-22	tx_px	op	psy-thrp	2022-01-14	2026-05-20
6	2023-03-29	tx_px	op	psy-thrp	2022-01-14	2026-05-20
6	2023-04-05	tx_px	op	psy-thrp	2022-01-14	2026-05-20
6	2023-04-13	tx_px	op	psy-thrp	2022-01-14	2026-05-20
6	2023-04-19	tx_px	op	psy-thrp	2022-01-14	2026-05-20
6	2023-04-26	tx_px	op	psy-thrp	2022-01-14	2026-05-20
6	2023-05-03	tx_px	op	psy-thrp	2022-01-14	2026-05-20
6	2023-05-10	tx_px	op	psy-thrp	2022-01-14	2026-05-20
6	2023-05-15	tx_rx	pharmacy	SERTRALINE	2022-01-14	2026-05-20
6	2023-05-17	tx_px	ip	psy-thrp	2022-01-14	2026-05-20
6	2023-05-24	tx_px	op	psy-thrp	2022-01-14	2026-05-20
6	2023-05-31	tx_px	op	psy-thrp	2022-01-14	2026-05-20
6	2023-06-14	tx_px	op	psy-thrp	2022-01-14	2026-05-20
6	2023-06-21	tx_px	op	psy-thrp	2022-01-14	2026-05-20
6	2023-06-28	tx_px	op	psy-thrp	2022-01-14	2026-05-20
6	2023-07-05	tx_px	op	psy-thrp	2022-01-14	2026-05-20
6	2023-07-11	tx_rx	pharmacy	SERTRALINE	2022-01-14	2026-05-20
6	2023-07-19	tx_px	ip	psy-thrp	2022-01-14	2026-05-20
6	2023-07-24	tx_px	op	psy-thrp	2022-01-14	2026-05-20
6	2023-08-09	tx_px	ip	psy-thrp	2022-01-14	2026-05-20
6	2023-08-09	tx_rx	pharmacy	SERTRALINE	2022-01-14	2026-05-20
6	2023-08-23	tx_px	op	psy-thrp	2022-01-14	2026-05-20
6	2023-08-30	tx_px	op	psy-thrp	2022-01-14	2026-05-20
6	2023-09-06	tx_px	op	psy-thrp	2022-01-14	2026-05-20
6	2023-09-13	tx_px	op	psy-thrp	2022-01-14	2026-05-20
6	2023-09-18	tx_rx	pharmacy	SERTRALINE	2022-01-14	2026-05-20
6	2023-09-20	tx_px	op	psy-thrp	2022-01-14	2026-05-20
6	2023-09-27	tx_px	op	psy-thrp	2022-01-14	2026-05-20
6	2023-10-11	tx_px	op	psy-thrp	2022-01-14	2026-05-20
6	2023-10-24	tx_rx	pharmacy	SERTRALINE	2022-01-14	2026-05-20
6	2023-10-25	tx_px	op	psy-thrp	2022-01-14	2026-05-20
6	2023-11-08	tx_px	ip	psy-thrp	2022-01-14	2026-05-20
6	2023-11-15	tx_px	op	psy-thrp	2022-01-14	2026-05-20
6	2023-11-29	tx_px	ip	psy-thrp	2022-01-14	2026-05-20
6	2023-11-29	tx_rx	pharmacy	SERTRALINE	2022-01-14	2026-05-20
6	2023-12-06	tx_px	op	psy-thrp	2022-01-14	2026-05-20
6	2023-12-15	tx_px	op	psy-thrp	2022-01-14	2026-05-20
6	2023-12-20	tx_px	ip	psy-thrp	2022-01-14	2026-05-20
6	2023-12-27	tx_px	op	psy-thrp	2022-01-14	2026-05-20
6	2024-01-03	tx_px	op	psy-thrp	2022-01-14	2026-05-20
6	2024-01-10	tx_px	op	psy-thrp	2022-01-14	2026-05-20
6	2024-01-24	tx_px	op	psy-thrp	2022-01-14	2026-05-20
6	2024-01-31	tx_px	ip	psy-thrp	2022-01-14	2026-05-20
6	2024-02-07	tx_px	op	psy-thrp	2022-01-14	2026-05-20
6	2024-02-14	tx_px	op	psy-thrp	2022-01-14	2026-05-20
6	2024-03-04	tx_rx	pharmacy	SERTRALINE	2022-01-14	2026-05-20
6	2024-05-11	tx_rx	pharmacy	SERTRALINE	2022-01-14	2026-05-20
6	2024-06-05	tx_rx	pharmacy	SERTRALINE	2022-01-14	2026-05-20
6	2024-07-06	tx_rx	pharmacy	SERTRALINE	2022-01-14	2026-05-20
6	2024-09-18	tx_rx	pharmacy	SERTRALINE	2022-01-14	2026-05-20
6	2024-10-23	tx_rx	pharmacy	SERTRALINE	2022-01-14	2026-05-20
6	2024-11-05	dx	op	ant-scrn	2022-01-14	2026-05-20
6	2024-11-05	dx	op	other-history	2022-01-14	2026-05-20
6	2024-11-05	dx	op	preg-week-00	2022-01-14	2026-05-20
6	2024-11-13	dx	op	abrnl-fetus-care2	2022-01-14	2026-05-20
6	2024-11-13	dx	op	ant-scrn	2022-01-14	2026-05-20
6	2024-11-13	dx	op	preg-week-08	2022-01-14	2026-05-20
6	2024-12-10	dx	op	ant-scrn	2022-01-14	2026-05-20
6	2024-12-10	dx	op	m-hypert	2022-01-14	2026-05-20
6	2025-01-17	tx_rx	pharmacy	SERTRALINE	2022-01-14	2026-05-20
6	2025-01-30	dx	op	preg-week-19	2022-01-14	2026-05-20
6	2025-01-30	dx	op	ant-scrn	2022-01-14	2026-05-20
6	2025-02-03	dx	op	compl-preg4	2022-01-14	2026-05-20
6	2025-02-03	dx	op	preg-week-19	2022-01-14	2026-05-20
6	2025-02-17	tx_rx	pharmacy	SERTRALINE	2022-01-14	2026-05-20
6	2025-03-04	dx	ip	preg-week-24	2022-01-14	2026-05-20
6	2025-03-04	dx	op	ant-scrn	2022-01-14	2026-05-20
6	2025-03-16	tx_rx	pharmacy	SERTRALINE	2022-01-14	2026-05-20
6	2025-04-01	dx	op	hrp-care	2022-01-14	2026-05-20
6	2025-04-01	dx	ip	preg-week-28	2022-01-14	2026-05-20
6	2025-04-01	dx	ip	ant-scrn	2022-01-14	2026-05-20
6	2025-04-24	tx_rx	pharmacy	SERTRALINE	2022-01-14	2026-05-20
6	2025-04-29	dx	op	preg-week-32	2022-01-14	2026-05-20
6	2025-04-29	dx	op	m-hypert	2022-01-14	2026-05-20
6	2025-04-29	dx	op	hrp-care	2022-01-14	2026-05-20
6	2025-04-30	dx	op	preg-week-32	2022-01-14	2026-05-20
6	2025-04-30	dx	ip	hrp-care	2022-01-14	2026-05-20
6	2025-05-05	dx	op	preg-week-32	2022-01-14	2026-05-20
6	2025-05-12	tx_rx	pharmacy	SERTRALINE	2022-01-14	2026-05-20
6	2025-05-13	dx	op	preg-week-34	2022-01-14	2026-05-20
6	2025-05-13	dx	op	ant-scrn	2022-01-14	2026-05-20
6	2025-05-19	dx	op	ant-scrn	2022-01-14	2026-05-20
6	2025-05-19	dx	op	m-hypert	2022-01-14	2026-05-20
6	2025-05-19	dx	op	preg-week-34	2022-01-14	2026-05-20
6	2025-05-27	px	ip	birth-px	2022-01-14	2026-05-20
6	2025-05-27	dx	ip	birth-outcom	2022-01-14	2026-05-20
6	2025-05-29	tx_rx	pharmacy	SERTRALINE	2022-01-14	2026-05-20
7	2022-02-15	px	op	birth-px	2016-10-02	2026-10-06
7	2022-02-28	tx_px	ip	psy-thrp	2016-10-02	2026-10-06
7	2022-03-10	tx_px	op	psy-thrp	2016-10-02	2026-10-06
7	2022-03-21	tx_px	op	psy-thrp	2016-10-02	2026-10-06
7	2022-03-31	tx_px	op	psy-thrp	2016-10-02	2026-10-06
7	2022-04-12	tx_px	op	psy-thrp	2016-10-02	2026-10-06
7	2022-05-10	tx_px	op	psy-thrp	2016-10-02	2026-10-06
7	2022-05-20	tx_px	op	psy-thrp	2016-10-02	2026-10-06
7	2022-06-27	dx	op	preg-week-01	2016-10-02	2026-10-06
7	2022-06-28	tx_px	op	psy-thrp	2016-10-02	2026-10-06
7	2022-07-11	tx_px	op	psy-thrp	2016-10-02	2026-10-06
7	2022-07-13	dx	op	incidental, preg-unplnd	2016-10-02	2026-10-06
7	2022-07-13	dx	op	preg-care	2016-10-02	2026-10-06
7	2022-08-03	dx	op	ant-scrn	2016-10-02	2026-10-06
7	2022-08-04	dx	op	preg-care	2016-10-02	2026-10-06
7	2022-08-11	tx_px	op	psy-thrp	2016-10-02	2026-10-06
7	2022-08-31	dx	op	preg-week-16	2016-10-02	2026-10-06
7	2022-08-31	dx	op	compl-preg4	2016-10-02	2026-10-06
7	2022-09-02	dx	op	preg-care	2016-10-02	2026-10-06
7	2022-09-29	dx	op	ant-scrn	2016-10-02	2026-10-06
7	2022-09-29	dx	ip	preg-care	2016-10-02	2026-10-06
7	2022-10-20	dx	op	preg-week-00	2016-10-02	2026-10-06
7	2022-10-20	dx	op	preg-week-23	2016-10-02	2026-10-06
7	2022-10-21	dx	op	preg-week-23	2016-10-02	2026-10-06
7	2022-10-22	dx	ip	preg-week-23	2016-10-02	2026-10-06
7	2022-11-22	dx	ip	preg-week-28	2016-10-02	2026-10-06
7	2022-11-24	dx	op	preg-week-00	2016-10-02	2026-10-06
7	2022-11-25	dx	ip	preg-week-00	2016-10-02	2026-10-06
7	2022-11-29	dx	op	preg-care	2016-10-02	2026-10-06
7	2022-12-04	dx	op	preg-week-29	2016-10-02	2026-10-06
7	2022-12-20	dx	op	preg-care	2016-10-02	2026-10-06
7	2023-01-04	dx	op	preg-week-34	2016-10-02	2026-10-06
7	2023-01-10	dx	op	preg-week-35	2016-10-02	2026-10-06
7	2023-01-14	dx	ip	prem-rupt	2016-10-02	2026-10-06
7	2023-01-14	dx	op	preg-week-35	2016-10-02	2026-10-06
7	2023-02-23	tx_rx	pharmacy	SERTRALINE	2016-10-02	2026-10-06
7	2023-02-23	dx	op	mdd	2016-10-02	2026-10-06
7	2023-02-23	dx	op	post-care	2016-10-02	2026-10-06
7	2023-03-09	dx	op	r-mdd	2016-10-02	2026-10-06
7	2023-03-14	dx	op	mdd	2016-10-02	2026-10-06
7	2023-03-14	tx_rx	pharmacy	CITALOPRAM	2016-10-02	2026-10-06
7	2023-03-14	dx	op	post-care	2016-10-02	2026-10-06
7	2023-04-19	tx_rx	pharmacy	CITALOPRAM	2016-10-02	2026-10-06
7	2023-08-31	dx	op	r-mdd	2016-10-02	2026-10-06
7	2023-08-31	tx_px	op	psy-thrp	2016-10-02	2026-10-06
7	2023-09-15	dx	op	r-mdd	2016-10-02	2026-10-06
7	2023-09-15	tx_px	op	psy-thrp	2016-10-02	2026-10-06
7	2024-08-06	dx	op	compl-preg4	2016-10-02	2026-10-06
7	2024-08-06	dx	op	preg-week-01	2016-10-02	2026-10-06
7	2024-09-05	dx	ip	preg-week-00	2016-10-02	2026-10-06
7	2024-09-05	dx	ip	preg-week-08	2016-10-02	2026-10-06
7	2024-09-05	dx	op	hemo-preg	2016-10-02	2026-10-06
7	2024-09-05	dx	op	compl-preg4	2016-10-02	2026-10-06
7	2024-09-06	dx	op	hemo-preg	2016-10-02	2026-10-06
7	2024-09-06	dx	ip	compl-preg4	2016-10-02	2026-10-06
7	2024-09-06	dx	op	preg-week-08	2016-10-02	2026-10-06
7	2024-09-09	dx	op	preg-care	2016-10-02	2026-10-06
7	2024-09-23	dx	op	preg-care	2016-10-02	2026-10-06
7	2024-09-23	dx	ip	preg-week-12	2016-10-02	2026-10-06
7	2024-10-06	dx	op	preg-week-12	2016-10-02	2026-10-06
7	2024-10-21	dx	op	preg-care	2016-10-02	2026-10-06
7	2024-12-16	dx	op	preg-care	2016-10-02	2026-10-06
7	2024-12-16	dx	op	ant-scrn	2016-10-02	2026-10-06
7	2024-12-30	dx	op	preg-care	2016-10-02	2026-10-06
7	2025-01-14	dx	op	preg-week-28	2016-10-02	2026-10-06
7	2025-01-30	px	op	birth-px	2016-10-02	2026-10-06
7	2025-02-01	dx	op	preg-week-30	2016-10-02	2026-10-06
7	2025-02-02	dx	op	preg-care	2016-10-02	2026-10-06
7	2025-02-10	tx_px	op	psy-thrp	2016-10-02	2026-10-06
7	2025-02-14	dx	ip	preg-week-32	2016-10-02	2026-10-06
7	2025-02-18	dx	op	preg-care	2016-10-02	2026-10-06
7	2025-02-19	tx_px	ip	psy-thrp	2016-10-02	2026-10-06
7	2025-02-27	tx_px	op	psy-thrp	2016-10-02	2026-10-06
7	2025-02-28	dx	op	preg-week-00	2016-10-02	2026-10-06
7	2025-03-06	tx_px	op	psy-thrp	2016-10-02	2026-10-06
7	2025-03-11	tx_px	op	psy-thrp	2016-10-02	2026-10-06
7	2025-03-12	dx	op	preg-care	2016-10-02	2026-10-06
7	2025-03-15	dx	op	preg-week-36	2016-10-02	2026-10-06
7	2025-03-20	dx	op	preg-week-37	2016-10-02	2026-10-06
7	2025-03-25	dx	ip	preg-week-38	2016-10-02	2026-10-06
7	2025-03-25	dx	ip	abrnl-fetus-care2	2016-10-02	2026-10-06
7	2025-03-29	dx	ip	preg-week-38	2016-10-02	2026-10-06
7	2025-05-01	tx_px	op	psy-thrp	2016-10-02	2026-10-06
8	2022-09-13	tx_rx	pharmacy	BUPROPION	2016-07-25	2026-10-25
8	2022-09-13	px	op	birth-px	2016-07-25	2026-10-25
8	2022-10-14	tx_rx	pharmacy	SERTRALINE	2016-07-25	2026-10-25
8	2022-11-12	tx_rx	pharmacy	SERTRALINE	2016-07-25	2026-10-25
8	2024-05-02	dx	op	preg-care	2016-07-25	2026-10-25
8	2024-05-06	dx	ip	hemo-preg	2016-07-25	2026-10-25
8	2024-05-06	dx	op	hemo-preg	2016-07-25	2026-10-25
8	2024-05-28	dx	op	preg-care	2016-07-25	2026-10-25
8	2024-06-18	dx	op	preg-week-20	2016-07-25	2026-10-25
8	2024-06-18	dx	op	preg-week-12	2016-07-25	2026-10-25
8	2024-06-18	dx	op	preg-week-24	2016-07-25	2026-10-25
8	2024-06-18	dx	op	preg-care	2016-07-25	2026-10-25
8	2024-08-14	dx	op	preg-care	2016-07-25	2026-10-25
8	2024-09-11	dx	op	preg-care	2016-07-25	2026-10-25
8	2024-09-11	dx	ip	preg-week-24	2016-07-25	2026-10-25
8	2024-10-09	dx	op	preg-care	2016-07-25	2026-10-25
8	2024-11-19	dx	op	preg-week-32	2016-07-25	2026-10-25
8	2024-11-22	dx	op	abrnl-fetus-care2	2016-07-25	2026-10-25
8	2024-12-16	dx	op	birth-outcom	2016-07-25	2026-10-25
8	2024-12-16	px	op	birth-px	2016-07-25	2026-10-25
9	2024-08-31	dx	ip	preg-week-01	2014-08-25	2026-05-16
9	2024-09-01	dx	op	preg-week-01	2014-08-25	2026-05-16
9	2024-09-06	dx	op	vomit-preg	2014-08-25	2026-05-16
9	2024-09-06	dx	ip	preg-week-01	2014-08-25	2026-05-16
9	2024-09-07	dx	op	abrnl-fetus-care2	2014-08-25	2026-05-16
9	2024-09-07	dx	op	preg-week-01	2014-08-25	2026-05-16
9	2024-09-07	dx	op	vomit-preg	2014-08-25	2026-05-16
9	2024-09-12	dx	op	preg-care	2014-08-25	2026-05-16
9	2024-09-12	dx	ip	preg-week-01	2014-08-25	2026-05-16
9	2024-09-15	dx	op	hemo-preg	2014-08-25	2026-05-16
9	2024-09-15	dx	ip	abrnl-fetus-care2	2014-08-25	2026-05-16
9	2024-09-15	dx	ip	compl-preg4	2014-08-25	2026-05-16
9	2024-09-19	dx	ip	compl-preg4	2014-08-25	2026-05-16
9	2024-09-19	dx	op	hemo-preg	2014-08-25	2026-05-16
9	2024-09-19	dx	ip	preg-care	2014-08-25	2026-05-16
9	2024-11-22	dx	op	compl-preg4	2014-08-25	2026-05-16
9	2024-11-22	dx	op	preg-week-17	2014-08-25	2026-05-16
9	2024-12-05	dx	op	ant-scrn	2014-08-25	2026-05-16
9	2024-12-05	dx	op	preg-week-19	2014-08-25	2026-05-16
9	2024-12-10	dx	op	compl-preg4	2014-08-25	2026-05-16
9	2024-12-10	dx	ip	compl-preg4	2014-08-25	2026-05-16
9	2024-12-20	dx	op	compl-preg4	2014-08-25	2026-05-16
9	2025-01-03	dx	op	preg-care	2014-08-25	2026-05-16
9	2025-01-03	dx	op	compl-preg4	2014-08-25	2026-05-16
9	2025-01-30	dx	op	preg-week-27	2014-08-25	2026-05-16
9	2025-01-30	dx	ip	compl-preg4	2014-08-25	2026-05-16
9	2025-02-09	dx	ip	compl-preg4	2014-08-25	2026-05-16
9	2025-02-09	dx	op	compl-preg4	2014-08-25	2026-05-16
9	2025-03-04	dx	op	compl-preg4	2014-08-25	2026-05-16
9	2025-03-04	dx	op	hrp-care	2014-08-25	2026-05-16
9	2025-03-04	dx	op	preg-care	2014-08-25	2026-05-16
9	2025-03-19	dx	op	abrnl-preg2	2014-08-25	2026-05-16
9	2025-03-19	dx	op	compl-preg4	2014-08-25	2026-05-16
9	2025-03-19	dx	op	preg-care	2014-08-25	2026-05-16
9	2025-04-03	dx	op	compl-preg4	2014-08-25	2026-05-16
9	2025-04-03	dx	op	preg-care	2014-08-25	2026-05-16
9	2025-04-05	dx	op	compl-preg4	2014-08-25	2026-05-16
9	2025-04-17	dx	op	preg-care	2014-08-25	2026-05-16
9	2025-04-23	dx	op	compl-preg4	2014-08-25	2026-05-16
9	2025-04-23	dx	ip	compl-preg4	2014-08-25	2026-05-16
9	2025-04-24	dx	op	preg-care	2014-08-25	2026-05-16
9	2025-04-24	dx	op	compl-preg4	2014-08-25	2026-05-16
9	2025-05-01	dx	op	compl-preg4	2014-08-25	2026-05-16
9	2025-05-01	dx	op	preg-care	2014-08-25	2026-05-16
9	2025-05-01	dx	op	hrp-care	2014-08-25	2026-05-16
9	2025-05-05	dx	op	trauma	2014-08-25	2026-05-16
9	2025-05-05	dx	op	birth-outcom	2014-08-25	2026-05-16
9	2025-05-05	dx	ip	preg-week-41	2014-08-25	2026-05-16
9	2025-05-06	dx	op	birth-outcom	2014-08-25	2026-05-16
9	2025-05-06	px	op	birth-px	2014-08-25	2026-05-16
9	2025-05-06	dx	op	preg-week-41	2014-08-25	2026-05-16
9	2025-05-16	dx	op	hemo-post	2014-08-25	2026-05-16
9	2025-05-16	dx	ip	s-abort	2014-08-25	2026-05-16
9	2025-05-17	dx	op	preg-week-00	2014-08-25	2026-05-16
9	2025-05-17	dx	op	s-abort	2014-08-25	2026-05-16
9	2025-05-17	px	op	birth-px	2014-08-25	2026-05-16
9	2025-05-17	dx	op	hemo-post	2014-08-25	2026-05-16
10	2023-07-03	dx	ip	spl-scrn	2017-11-06	2026-05-17
10	2024-12-18	dx	op	incidental, preg-unplnd	2017-11-06	2026-05-17
10	2024-12-26	dx	op	incidental, preg-unplnd	2017-11-06	2026-05-17
10	2024-12-31	dx	op	incidental, preg-unplnd	2017-11-06	2026-05-17
10	2025-04-23	px	op	ppd-scrn	2017-11-06	2026-05-17
10	2025-04-23	px	ip	ppd-scrn	2017-11-06	2026-05-17
10	2025-04-23	dx	op	incidental, preg-unplnd	2017-11-06	2026-05-17
11	2023-11-14	dx	op	preg-week-01	2014-03-04	2026-05-21
11	2023-11-16	dx	op	preg-care	2014-03-04	2026-05-21
11	2023-12-01	dx	op	preg-care	2014-03-04	2026-05-21
11	2023-12-11	dx	op	preg-care	2014-03-04	2026-05-21
11	2023-12-11	dx	op	preg-week-00	2014-03-04	2026-05-21
11	2024-06-24	dx	op	prem-rupt	2014-03-04	2026-05-21
11	2024-06-24	dx	op	preg-week-39	2014-03-04	2026-05-21
11	2024-06-24	dx	op	birth-outcom	2014-03-04	2026-05-21
12	2023-01-12	dx	op	preg-care	2011-04-29	2026-12-06
12	2023-02-21	dx	ip	ant-scrn	2011-04-29	2026-12-06
12	2023-05-12	dx	op	preg-care	2011-04-29	2026-12-06
12	2023-05-29	dx	ip	spl-scrn	2011-04-29	2026-12-06
12	2023-05-30	dx	op	diab-preg	2011-04-29	2026-12-06
12	2023-06-06	dx	op	diab-preg	2011-04-29	2026-12-06
12	2023-06-13	dx	op	diab-preg	2011-04-29	2026-12-06
12	2023-06-20	dx	ip	preg-care	2011-04-29	2026-12-06
12	2023-06-20	dx	op	diab-preg	2011-04-29	2026-12-06
12	2023-06-27	dx	op	diab-preg	2011-04-29	2026-12-06
12	2023-07-06	dx	op	diab-preg	2011-04-29	2026-12-06
12	2023-07-11	dx	op	diab-preg	2011-04-29	2026-12-06
12	2023-07-17	px	op	birth-px	2011-04-29	2026-12-06
12	2023-07-17	dx	op	birth-outcom	2011-04-29	2026-12-06
12	2023-07-17	dx	op	birth	2011-04-29	2026-12-06
12	2023-07-17	dx	ip	preg-week-39	2011-04-29	2026-12-06
12	2024-01-15	dx	op	preg-care	2011-04-29	2026-12-06
12	2024-02-27	dx	op	ant-scrn	2011-04-29	2026-12-06
12	2024-03-27	px	op	birth-px	2011-04-29	2026-12-06
12	2024-04-03	tx_px	op	psy-thrp	2011-04-29	2026-12-06
12	2024-04-10	tx_px	op	psy-thrp	2011-04-29	2026-12-06
12	2024-04-24	tx_px	op	psy-thrp	2011-04-29	2026-12-06
12	2024-05-01	tx_px	op	psy-thrp	2011-04-29	2026-12-06
12	2024-05-08	tx_px	ip	psy-thrp	2011-04-29	2026-12-06
12	2024-05-22	tx_px	ip	psy-thrp	2011-04-29	2026-12-06
12	2024-05-28	tx_px	op	psy-thrp	2011-04-29	2026-12-06
12	2024-06-04	tx_px	op	psy-thrp	2011-04-29	2026-12-06
12	2024-06-06	dx	op	preg-care	2011-04-29	2026-12-06
12	2024-06-18	tx_px	ip	psy-thrp	2011-04-29	2026-12-06
12	2024-06-27	tx_px	op	psy-thrp	2011-04-29	2026-12-06
12	2024-07-01	dx	op	birth	2011-04-29	2026-12-06
12	2024-07-01	dx	op	preg-week-37	2011-04-29	2026-12-06
12	2024-07-01	px	op	birth-px	2011-04-29	2026-12-06
12	2024-07-01	dx	op	birth-outcom	2011-04-29	2026-12-06
12	2024-07-16	tx_px	op	psy-thrp	2011-04-29	2026-12-06
12	2024-07-30	tx_px	op	psy-thrp	2011-04-29	2026-12-06
13	2022-03-02	dx	op	incidental, preg-unplnd	2013-03-26	2026-12-11
13	2022-03-28	dx	op	r-mdd	2013-03-26	2026-12-11
13	2022-03-28	tx_px	op	psy-thrp	2013-03-26	2026-12-11
13	2022-04-27	tx_px	ip	psy-thrp	2013-03-26	2026-12-11
13	2022-04-27	dx	ip	r-mdd	2013-03-26	2026-12-11
13	2022-05-11	dx	op	r-mdd	2013-03-26	2026-12-11
13	2022-05-11	tx_px	ip	psy-thrp	2013-03-26	2026-12-11
13	2022-05-25	tx_px	op	psy-thrp	2013-03-26	2026-12-11
13	2022-05-25	dx	ip	r-mdd	2013-03-26	2026-12-11
13	2022-06-08	dx	op	r-mdd	2013-03-26	2026-12-11
13	2022-06-08	tx_px	op	psy-thrp	2013-03-26	2026-12-11
13	2022-06-09	tx_rx	pharmacy	DULOXETINE	2013-03-26	2026-12-11
13	2022-06-15	dx	op	r-mdd	2013-03-26	2026-12-11
13	2022-06-15	tx_px	op	psy-thrp	2013-03-26	2026-12-11
13	2022-06-22	dx	op	r-mdd	2013-03-26	2026-12-11
13	2022-06-22	tx_rx	pharmacy	DULOXETINE	2013-03-26	2026-12-11
13	2022-06-22	tx_px	op	psy-thrp	2013-03-26	2026-12-11
13	2022-07-06	dx	op	r-mdd	2013-03-26	2026-12-11
13	2022-07-06	tx_px	ip	psy-thrp	2013-03-26	2026-12-11
13	2022-08-02	tx_rx	pharmacy	DULOXETINE	2013-03-26	2026-12-11
13	2022-09-08	tx_rx	pharmacy	ESCITALOPRAM	2013-03-26	2026-12-11
13	2022-10-07	tx_rx	pharmacy	ESCITALOPRAM	2013-03-26	2026-12-11
13	2022-11-02	dx	op	r-mdd	2013-03-26	2026-12-11
13	2022-11-02	tx_px	ip	psy-thrp	2013-03-26	2026-12-11
13	2022-11-04	tx_rx	pharmacy	ESCITALOPRAM	2013-03-26	2026-12-11
13	2022-12-05	tx_rx	pharmacy	ESCITALOPRAM	2013-03-26	2026-12-11
13	2023-01-02	tx_rx	pharmacy	BUPROPION	2013-03-26	2026-12-11
13	2023-01-20	tx_rx	pharmacy	BUPROPION	2013-03-26	2026-12-11
13	2023-02-05	tx_rx	pharmacy	BUPROPION	2013-03-26	2026-12-11
13	2023-02-23	tx_rx	pharmacy	BUPROPION	2013-03-26	2026-12-11
13	2023-03-07	tx_rx	pharmacy	BUPROPION	2013-03-26	2026-12-11
13	2023-03-31	tx_rx	pharmacy	BUPROPION	2013-03-26	2026-12-11
13	2023-04-07	tx_rx	pharmacy	BUPROPION	2013-03-26	2026-12-11
13	2023-04-30	tx_rx	pharmacy	BUPROPION	2013-03-26	2026-12-11
13	2023-05-23	tx_rx	pharmacy	BUPROPION	2013-03-26	2026-12-11
13	2023-06-09	tx_rx	pharmacy	BUPROPION	2013-03-26	2026-12-11
13	2023-06-28	tx_rx	pharmacy	BUPROPION	2013-03-26	2026-12-11
13	2023-07-12	tx_rx	pharmacy	BUPROPION	2013-03-26	2026-12-11
13	2023-08-03	tx_rx	pharmacy	BUPROPION	2013-03-26	2026-12-11
13	2023-08-11	tx_rx	pharmacy	BUPROPION	2013-03-26	2026-12-11
13	2023-12-05	tx_px	op	psy-thrp	2013-03-26	2026-12-11
13	2023-12-05	dx	op	r-mdd	2013-03-26	2026-12-11
13	2023-12-12	dx	op	r-mdd	2013-03-26	2026-12-11
13	2023-12-12	tx_px	op	psy-thrp	2013-03-26	2026-12-11
13	2023-12-19	dx	op	r-mdd	2013-03-26	2026-12-11
13	2023-12-19	tx_px	ip	psy-thrp	2013-03-26	2026-12-11
13	2024-02-14	tx_px	op	psy-thrp	2013-03-26	2026-12-11
13	2024-02-14	dx	op	r-mdd	2013-03-26	2026-12-11
13	2024-03-05	tx_px	ip	psy-thrp	2013-03-26	2026-12-11
13	2024-03-05	dx	op	r-mdd	2013-03-26	2026-12-11
13	2024-10-02	dx	op	preg-week-10	2013-03-26	2026-12-11
13	2024-10-02	px	ip	ppd-scrn	2013-03-26	2026-12-11
13	2024-10-02	dx	op	incidental, preg-unplnd	2013-03-26	2026-12-11
13	2024-10-02	px	op	ppd-scrn	2013-03-26	2026-12-11
13	2024-12-05	tx_rx	pharmacy	BUPROPION	2013-03-26	2026-12-11
13	2024-12-27	tx_rx	pharmacy	AMITRIPTYLINE	2013-03-26	2026-12-11
13	2025-01-02	tx_rx	pharmacy	BUPROPION	2013-03-26	2026-12-11
13	2025-01-28	tx_rx	pharmacy	AMITRIPTYLINE	2013-03-26	2026-12-11
13	2025-02-02	tx_rx	pharmacy	BUPROPION	2013-03-26	2026-12-11
13	2025-02-04	tx_rx	pharmacy	BUPROPION	2013-03-26	2026-12-11
13	2025-02-05	tx_rx	pharmacy	BUPROPION	2013-03-26	2026-12-11
13	2025-02-28	tx_rx	pharmacy	AMITRIPTYLINE	2013-03-26	2026-12-11
13	2025-03-05	tx_rx	pharmacy	BUPROPION	2013-03-26	2026-12-11
13	2025-03-05	tx_rx	pharmacy	ESCITALOPRAM	2013-03-26	2026-12-11
13	2025-03-06	tx_rx	pharmacy	ESCITALOPRAM	2013-03-26	2026-12-11
13	2025-03-30	tx_rx	pharmacy	AMITRIPTYLINE	2013-03-26	2026-12-11
13	2025-04-14	tx_rx	pharmacy	ESCITALOPRAM	2013-03-26	2026-12-11
13	2025-04-14	tx_rx	pharmacy	BUPROPION	2013-03-26	2026-12-11
13	2025-04-17	tx_rx	pharmacy	ESCITALOPRAM	2013-03-26	2026-12-11
13	2025-05-20	tx_rx	pharmacy	BUPROPION	2013-03-26	2026-12-11
13	2025-05-20	tx_rx	pharmacy	ESCITALOPRAM	2013-03-26	2026-12-11
14	2022-07-13	dx	ip	preg-week-01	2011-10-09	2026-10-17
14	2022-07-29	dx	op	preg-care	2011-10-09	2026-10-17
14	2023-01-26	dx	op	preg-care	2011-10-09	2026-10-17
14	2023-02-14	dx	op	preg-care	2011-10-09	2026-10-17
14	2023-02-23	dx	ip	preg-week-39	2011-10-09	2026-10-17
14	2023-02-25	dx	op	birth-outcom	2011-10-09	2026-10-17
14	2023-02-25	dx	op	birth	2011-10-09	2026-10-17
14	2023-02-25	px	op	birth-px	2011-10-09	2026-10-17
14	2023-02-25	dx	op	preg-week-40	2011-10-09	2026-10-17
15	2025-01-31	dx	op	preg-week-37	2023-10-09	2026-06-28
15	2025-01-31	dx	op	preg-care	2023-10-09	2026-06-28
15	2025-02-19	dx	op	g-hypert	2023-10-09	2026-06-28
15	2025-02-19	px	op	birth-px	2023-10-09	2026-06-28
15	2025-02-19	dx	op	preg-week-39	2023-10-09	2026-06-28
15	2025-02-19	dx	op	preg-week-30	2023-10-09	2026-06-28
15	2025-02-19	dx	op	birth-outcom	2023-10-09	2026-06-28
16	2022-01-14	dx	op	r-mdd	2023-10-20	2026-03-29
16	2022-01-14	px	op	birth-px	2023-10-20	2026-03-29
16	2022-02-23	dx	op	mdd	2023-10-20	2026-03-29
16	2022-03-23	dx	ip	mdd	2023-10-20	2026-03-29
16	2022-04-06	tx_px	ip	psy-thrp	2023-10-20	2026-03-29
16	2022-04-27	tx_px	ip	psy-thrp	2023-10-20	2026-03-29
16	2022-05-16	tx_px	op	psy-thrp	2023-10-20	2026-03-29
16	2022-07-14	tx_px	op	psy-thrp	2023-10-20	2026-03-29
16	2022-07-25	tx_px	op	psy-thrp	2023-10-20	2026-03-29
16	2022-08-08	tx_px	op	psy-thrp	2023-10-20	2026-03-29
16	2022-08-15	tx_px	op	psy-thrp	2023-10-20	2026-03-29
16	2022-08-24	tx_px	op	psy-thrp	2023-10-20	2026-03-29
16	2022-09-26	tx_px	op	psy-thrp	2023-10-20	2026-03-29
16	2022-10-10	tx_px	op	psy-thrp	2023-10-20	2026-03-29
16	2022-10-24	tx_px	op	psy-thrp	2023-10-20	2026-03-29
16	2023-01-31	tx_rx	pharmacy	BUPROPION	2023-10-20	2026-03-29
16	2023-01-31	tx_rx	pharmacy	VILAZODONE	2023-10-20	2026-03-29
16	2023-02-08	dx	op	hrp-care	2023-10-20	2026-03-29
16	2023-02-22	dx	op	hrp-care	2023-10-20	2026-03-29
16	2023-02-27	tx_rx	pharmacy	BUPROPION	2023-10-20	2026-03-29
16	2023-02-27	tx_rx	pharmacy	VILAZODONE	2023-10-20	2026-03-29
16	2023-02-28	dx	op	preg-week-01	2023-10-20	2026-03-29
16	2023-03-27	tx_rx	pharmacy	SERTRALINE	2023-10-20	2026-03-29
16	2023-04-24	tx_px	op	psy-thrp	2023-10-20	2026-03-29
16	2023-04-25	tx_rx	pharmacy	SERTRALINE	2023-10-20	2026-03-29
16	2023-05-25	dx	op	g-hypert	2023-10-20	2026-03-29
16	2023-05-25	dx	op	preg-week-35	2023-10-20	2026-03-29
16	2023-05-25	dx	ip	placenta-prev	2023-10-20	2026-03-29
16	2023-05-25	dx	op	hrp-care	2023-10-20	2026-03-29
16	2023-06-07	tx_rx	pharmacy	SERTRALINE	2023-10-20	2026-03-29
16	2023-06-19	tx_px	ip	psy-thrp	2023-10-20	2026-03-29
16	2023-07-03	tx_rx	pharmacy	SERTRALINE	2023-10-20	2026-03-29
16	2023-07-20	dx	op	preg-week-28	2023-10-20	2026-03-29
16	2023-07-28	tx_rx	pharmacy	SERTRALINE	2023-10-20	2026-03-29
16	2023-08-04	dx	op	g-hypert	2023-10-20	2026-03-29
16	2023-08-04	dx	op	preg-week-30	2023-10-20	2026-03-29
16	2023-08-04	dx	op	birth-outcom	2023-10-20	2026-03-29
16	2023-08-05	dx	ip	placenta-prev	2023-10-20	2026-03-29
16	2023-08-05	dx	op	hrp-care	2023-10-20	2026-03-29
16	2023-08-05	dx	ip	preg-week-30	2023-10-20	2026-03-29
16	2023-09-01	tx_rx	pharmacy	SERTRALINE	2023-10-20	2026-03-29
16	2023-09-07	dx	op	preg-week-35	2023-10-20	2026-03-29
16	2023-09-08	dx	op	preg-care	2023-10-20	2026-03-29
16	2023-09-08	dx	ip	preg-care	2023-10-20	2026-03-29
16	2023-09-13	dx	op	g-hypert-p	2023-10-20	2026-03-29
16	2023-09-13	px	op	birth-px	2023-10-20	2026-03-29
16	2023-09-13	dx	op	c-birth	2023-10-20	2026-03-29
16	2023-09-13	dx	op	birth-outcom	2023-10-20	2026-03-29
16	2023-10-04	tx_rx	pharmacy	SERTRALINE	2023-10-20	2026-03-29
16	2023-11-14	tx_rx	pharmacy	SERTRALINE	2023-10-20	2026-03-29
16	2023-12-11	tx_rx	pharmacy	SERTRALINE	2023-10-20	2026-03-29
16	2024-01-14	tx_rx	pharmacy	SERTRALINE	2023-10-20	2026-03-29
16	2024-02-14	tx_px	op	psy-thrp	2023-10-20	2026-03-29
16	2024-02-20	tx_rx	pharmacy	SERTRALINE	2023-10-20	2026-03-29
16	2024-02-28	tx_rx	pharmacy	SERTRALINE	2023-10-20	2026-03-29
16	2024-04-02	tx_rx	pharmacy	SERTRALINE	2023-10-20	2026-03-29
16	2024-06-17	dx	op	hrp-care	2023-10-20	2026-03-29
16	2024-06-17	dx	ip	preg-week-10	2023-10-20	2026-03-29
16	2024-06-17	dx	op	preg-care	2023-10-20	2026-03-29
16	2024-06-27	tx_rx	pharmacy	SERTRALINE	2023-10-20	2026-03-29
16	2024-07-08	dx	op	preg-week-13	2023-10-20	2026-03-29
16	2024-07-08	dx	ip	preg-care	2023-10-20	2026-03-29
16	2024-07-08	tx_rx	pharmacy	SERTRALINE	2023-10-20	2026-03-29
16	2024-07-08	tx_px	op	psy-thrp	2023-10-20	2026-03-29
16	2024-08-21	dx	ip	abrnl-fetus-care1	2023-10-20	2026-03-29
16	2024-08-21	dx	op	hrp-care	2023-10-20	2026-03-29
16	2024-08-21	dx	op	preg-week-19	2023-10-20	2026-03-29
16	2024-08-22	dx	op	other-history	2023-10-20	2026-03-29
16	2024-08-22	dx	op	hrp-care	2023-10-20	2026-03-29
16	2024-08-22	dx	op	abrnl-fetus-care1	2023-10-20	2026-03-29
16	2024-08-22	dx	op	preg-week-19	2023-10-20	2026-03-29
16	2024-08-23	dx	op	abrnl-fetus-care1	2023-10-20	2026-03-29
16	2024-08-23	dx	op	preg-week-19	2023-10-20	2026-03-29
16	2024-08-23	dx	op	incidental, preg-unplnd	2023-10-20	2026-03-29
16	2024-08-23	px	op	birth-px	2023-10-20	2026-03-29
16	2024-08-28	tx_px	op	psy-thrp	2023-10-20	2026-03-29
16	2024-08-29	tx_rx	pharmacy	SERTRALINE	2023-10-20	2026-03-29
16	2024-09-18	tx_px	op	psy-thrp	2023-10-20	2026-03-29
16	2024-10-02	tx_px	op	psy-thrp	2023-10-20	2026-03-29
16	2024-10-16	tx_px	ip	psy-thrp	2023-10-20	2026-03-29
16	2024-11-13	tx_px	op	psy-thrp	2023-10-20	2026-03-29
16	2024-12-02	tx_rx	pharmacy	SERTRALINE	2023-10-20	2026-03-29
16	2024-12-04	tx_px	op	psy-thrp	2023-10-20	2026-03-29
16	2024-12-31	tx_rx	pharmacy	SERTRALINE	2023-10-20	2026-03-29
16	2025-02-05	tx_rx	pharmacy	SERTRALINE	2023-10-20	2026-03-29
16	2025-03-07	tx_rx	pharmacy	SERTRALINE	2023-10-20	2026-03-29
16	2025-04-02	tx_px	op	psy-thrp	2023-10-20	2026-03-29
16	2025-04-08	tx_rx	pharmacy	SERTRALINE	2023-10-20	2026-03-29
16	2025-05-07	tx_px	op	psy-thrp	2023-10-20	2026-03-29
16	2025-05-16	tx_rx	pharmacy	SERTRALINE	2023-10-20	2026-03-29
16	2025-05-28	dx	op	abrnl-fetus-care1	2023-10-20	2026-03-29
17	2022-01-08	dx	op	compl-preg4	2016-07-03	2026-09-16
17	2022-01-08	dx	ip	preg-week-17	2016-07-03	2026-09-16
17	2022-02-10	dx	op	preg-week-22	2016-07-03	2026-09-16
17	2022-02-10	dx	op	ant-scrn	2016-07-03	2026-09-16
17	2022-03-25	dx	ip	preg-week-28	2016-07-03	2026-09-16
17	2022-03-25	dx	ip	ant-scrn	2016-07-03	2026-09-16
17	2022-03-25	dx	op	hrp-care	2016-07-03	2026-09-16
17	2022-05-17	dx	op	preg-care	2016-07-03	2026-09-16
17	2022-05-17	dx	ip	preg-week-35	2016-07-03	2026-09-16
17	2022-05-21	dx	op	hrp-care	2016-07-03	2026-09-16
17	2022-06-04	dx	op	compl-preg4	2016-07-03	2026-09-16
17	2022-06-04	dx	op	preg-week-38	2016-07-03	2026-09-16
17	2022-06-04	px	op	birth-px	2016-07-03	2026-09-16
17	2022-06-04	dx	op	birth	2016-07-03	2026-09-16
17	2022-06-04	dx	op	birth-outcom	2016-07-03	2026-09-16
17	2022-07-18	dx	op	post-care	2016-07-03	2026-09-16
17	2022-10-13	tx_rx	pharmacy	AMITRIPTYLINE	2016-07-03	2026-09-16
17	2022-11-26	dx	op	compl-preg4	2016-07-03	2026-09-16
17	2022-11-27	dx	ip	compl-preg4	2016-07-03	2026-09-16
17	2022-12-15	dx	ip	preg-week-08	2016-07-03	2026-09-16
17	2022-12-27	dx	op	preg-care	2016-07-03	2026-09-16
17	2023-01-11	dx	op	preg-care	2016-07-03	2026-09-16
17	2023-01-11	dx	ip	preg-week-11	2016-07-03	2026-09-16
17	2023-01-11	dx	ip	ant-scrn	2016-07-03	2026-09-16
17	2023-02-02	dx	ip	preg-week-16	2016-07-03	2026-09-16
17	2023-02-08	dx	op	preg-care	2016-07-03	2026-09-16
17	2023-03-15	dx	op	ant-scrn	2016-07-03	2026-09-16
17	2023-03-15	dx	op	preg-week-20	2016-07-03	2026-09-16
17	2023-04-12	dx	op	ant-scrn	2016-07-03	2026-09-16
17	2023-04-12	dx	ip	preg-week-24	2016-07-03	2026-09-16
17	2023-05-12	dx	ip	preg-care	2016-07-03	2026-09-16
17	2023-05-12	dx	op	preg-week-00	2016-07-03	2026-09-16
17	2023-06-01	dx	op	ant-scrn	2016-07-03	2026-09-16
17	2023-06-01	dx	op	preg-week-32	2016-07-03	2026-09-16
17	2023-06-15	dx	op	preg-care	2016-07-03	2026-09-16
17	2023-06-16	dx	ip	preg-week-34	2016-07-03	2026-09-16
17	2023-06-16	dx	op	preg-care	2016-07-03	2026-09-16
17	2023-06-24	dx	op	preg-week-35	2016-07-03	2026-09-16
17	2023-06-30	dx	op	preg-week-36	2016-07-03	2026-09-16
17	2023-07-06	dx	op	preg-care	2016-07-03	2026-09-16
17	2023-07-06	dx	op	preg-week-37	2016-07-03	2026-09-16
17	2023-07-10	dx	op	preg-week-00	2016-07-03	2026-09-16
17	2023-07-24	dx	op	preg-week-00	2016-07-03	2026-09-16
17	2023-08-02	dx	op	preg-week-40	2016-07-03	2026-09-16
17	2023-08-03	dx	ip	preg-week-41	2016-07-03	2026-09-16
17	2023-08-03	dx	op	birth-outcom	2016-07-03	2026-09-16
17	2023-08-03	dx	op	birth	2016-07-03	2026-09-16
17	2024-01-22	px	ip	birth-px	2016-07-03	2026-09-16
17	2024-05-19	px	op	birth-px	2016-07-03	2026-09-16
17	2025-04-25	dx	op	s-abort	2016-07-03	2026-09-16
18	2022-02-07	dx	op	preg-care	2024-06-30	2026-12-17
18	2022-02-07	dx	op	preg-week-31	2024-06-30	2026-12-17
18	2022-02-28	dx	ip	preg-care	2024-06-30	2026-12-17
18	2022-03-01	dx	op	preg-week-34	2024-06-30	2026-12-17
18	2022-03-01	dx	op	preg-care	2024-06-30	2026-12-17
18	2022-03-15	dx	op	preg-care	2024-06-30	2026-12-17
18	2022-03-15	dx	op	preg-week-36	2024-06-30	2026-12-17
18	2022-03-25	dx	op	preg-care	2024-06-30	2026-12-17
18	2022-03-25	dx	op	preg-week-38	2024-06-30	2026-12-17
18	2022-03-31	dx	op	birth-outcom	2024-06-30	2026-12-17
18	2022-03-31	dx	ip	preg-week-39	2024-06-30	2026-12-17
18	2022-04-01	dx	op	birth	2024-06-30	2026-12-17
18	2022-04-01	dx	op	birth-outcom	2024-06-30	2026-12-17
18	2022-04-01	dx	op	compl-preg4	2024-06-30	2026-12-17
18	2022-04-01	px	op	birth-px	2024-06-30	2026-12-17
18	2022-04-01	dx	op	preg-week-39	2024-06-30	2026-12-17
18	2022-07-22	dx	op	hemo-preg	2024-06-30	2026-12-17
18	2022-07-22	dx	op	abrnl-fetus-care2	2024-06-30	2026-12-17
18	2023-01-20	dx	op	spl-scrn	2024-06-30	2026-12-17
18	2023-01-20	px	op	birth-px	2024-06-30	2026-12-17
18	2023-06-30	dx	op	incidental, preg-unplnd	2024-06-30	2026-12-17
18	2023-06-30	dx	op	preg-week-01	2024-06-30	2026-12-17
18	2023-06-30	px	ip	birth-px	2024-06-30	2026-12-17
18	2023-12-21	px	op	birth-px	2024-06-30	2026-12-17
18	2023-12-21	dx	op	preg-week-01	2024-06-30	2026-12-17
18	2023-12-21	dx	op	incidental, preg-unplnd	2024-06-30	2026-12-17
18	2024-07-20	px	ip	birth-px	2024-06-30	2026-12-17
18	2024-07-20	dx	op	incidental, preg-unplnd	2024-06-30	2026-12-17
18	2024-07-20	dx	ip	preg-week-01	2024-06-30	2026-12-17
18	2025-03-25	px	op	birth-px	2024-06-30	2026-12-17
18	2025-03-25	dx	op	incidental, preg-unplnd	2024-06-30	2026-12-17
18	2025-03-25	dx	ip	preg-week-01	2024-06-30	2026-12-17
19	2023-11-08	dx	op	preg-care	2019-03-17	2026-07-15
19	2023-11-13	dx	op	preg-week-00	2019-03-17	2026-07-15
19	2024-05-10	dx	op	compl-preg4	2019-03-17	2026-07-15
19	2024-05-13	dx	op	prem-rupt	2019-03-17	2026-07-15
19	2024-05-13	dx	op	preg-week-32	2019-03-17	2026-07-15
19	2024-07-05	dx	op	preg-week-00	2019-03-17	2026-07-15
19	2024-07-05	dx	op	birth-outcom	2019-03-17	2026-07-15
19	2024-07-05	dx	op	birth	2019-03-17	2026-07-15
19	2024-07-05	dx	op	compl-preg4	2019-03-17	2026-07-15
19	2024-07-05	dx	op	preg-week-40	2019-03-17	2026-07-15
20	2022-07-20	dx	op	hrp-care	2020-01-04	2026-12-22
20	2022-07-20	dx	op	preg-week-01	2020-01-04	2026-12-22
20	2022-07-25	dx	op	preg-week-01	2020-01-04	2026-12-22
20	2022-07-25	dx	op	hrp-care	2020-01-04	2026-12-22
20	2022-09-07	dx	op	preg-care	2020-01-04	2026-12-22
20	2022-09-07	dx	op	hrp-care	2020-01-04	2026-12-22
20	2022-11-07	dx	op	hrp-care	2020-01-04	2026-12-22
20	2022-11-07	dx	ip	preg-week-20	2020-01-04	2026-12-22
20	2022-11-07	dx	ip	abrnl-fetus-care1	2020-01-04	2026-12-22
20	2022-12-05	dx	ip	hrp-care	2020-01-04	2026-12-22
20	2022-12-05	dx	op	preg-week-24	2020-01-04	2026-12-22
20	2022-12-05	dx	op	abrnl-fetus-care1	2020-01-04	2026-12-22
20	2023-01-30	dx	op	hrp-care	2020-01-04	2026-12-22
20	2023-01-30	dx	op	preg-week-32	2020-01-04	2026-12-22
20	2023-03-01	dx	op	preg-care	2020-01-04	2026-12-22
20	2023-03-01	dx	op	preg-week-36	2020-01-04	2026-12-22
20	2023-03-06	dx	op	preg-week-37	2020-01-04	2026-12-22
20	2023-03-06	dx	ip	hrp-care	2020-01-04	2026-12-22
20	2023-03-07	dx	ip	preg-week-37	2020-01-04	2026-12-22
20	2023-03-10	dx	op	preg-week-37	2020-01-04	2026-12-22
20	2023-03-12	px	ip	birth-px	2020-01-04	2026-12-22
20	2023-03-12	dx	op	hrp-care	2020-01-04	2026-12-22
20	2023-03-12	dx	ip	preg-week-37	2020-01-04	2026-12-22
20	2023-03-12	dx	op	birth-outcom	2020-01-04	2026-12-22
20	2023-03-12	dx	op	prem-rupt	2020-01-04	2026-12-22
20	2024-05-20	dx	op	preg-week-01	2020-01-04	2026-12-22
20	2024-05-20	dx	op	hrp-care	2020-01-04	2026-12-22
20	2024-05-28	dx	op	hrp-care	2020-01-04	2026-12-22
20	2024-05-28	dx	op	preg-week-01	2020-01-04	2026-12-22
20	2024-06-20	dx	op	preg-care	2020-01-04	2026-12-22
20	2024-06-20	dx	ip	vomit-preg	2020-01-04	2026-12-22
20	2024-10-29	dx	op	ant-scrn	2020-01-04	2026-12-22
20	2024-12-23	dx	op	ant-scrn	2020-01-04	2026-12-22
20	2025-01-13	dx	op	birth-outcom	2020-01-04	2026-12-22
20	2025-01-13	dx	op	preg-week-00	2020-01-04	2026-12-22
21	2025-03-25	dx	op	preg-week-34	2025-02-10	2026-06-20
21	2025-04-02	dx	op	preg-week-35	2025-02-10	2026-06-20
21	2025-04-02	dx	op	compl-preg4	2025-02-10	2026-06-20
21	2025-04-30	dx	op	preg-week-39	2025-02-10	2026-06-20
21	2025-05-06	dx	op	birth-outcom	2025-02-10	2026-06-20
21	2025-05-06	px	op	birth-px	2025-02-10	2026-06-20
21	2025-05-06	dx	op	preg-week-40	2025-02-10	2026-06-20
22	2022-08-30	dx	op	hemo-preg	2009-08-24	2026-12-08
22	2022-08-30	dx	op	preg-week-01	2009-08-24	2026-12-08
22	2022-08-30	dx	ip	hemo-preg	2009-08-24	2026-12-08
22	2022-08-31	dx	op	hemo-preg	2009-08-24	2026-12-08
22	2022-09-01	dx	op	hemo-preg	2009-08-24	2026-12-08
22	2022-09-05	dx	op	s-abort	2009-08-24	2026-12-08
22	2022-09-08	dx	op	hemo-preg	2009-08-24	2026-12-08
22	2022-10-14	dx	ip	s-abort	2009-08-24	2026-12-08
22	2023-02-22	dx	op	mdd	2009-08-24	2026-12-08
22	2023-03-21	tx_rx	pharmacy	SERTRALINE	2009-08-24	2026-12-08
22	2023-03-25	px	op	birth-px	2009-08-24	2026-12-08
22	2023-03-27	tx_rx	pharmacy	CITALOPRAM	2009-08-24	2026-12-08
22	2023-03-27	dx	ip	mdd	2009-08-24	2026-12-08
22	2023-04-03	dx	ip	mdd	2009-08-24	2026-12-08
22	2023-04-19	dx	op	r-mdd	2009-08-24	2026-12-08
22	2023-04-22	tx_rx	pharmacy	CITALOPRAM	2009-08-24	2026-12-08
22	2023-06-14	dx	ip	r-mdd	2009-08-24	2026-12-08
22	2023-11-20	dx	ip	preg-week-01	2009-08-24	2026-12-08
22	2023-11-20	dx	ip	abrnl-fetus-care2	2009-08-24	2026-12-08
22	2023-12-13	dx	ip	ant-scrn	2009-08-24	2026-12-08
22	2023-12-13	dx	op	abrnl-fetus-care2	2009-08-24	2026-12-08
22	2023-12-13	dx	op	preg-week-11	2009-08-24	2026-12-08
22	2023-12-21	dx	ip	preg-care	2009-08-24	2026-12-08
22	2024-01-10	dx	op	preg-week-15	2009-08-24	2026-12-08
22	2024-01-10	dx	ip	compl-preg4	2009-08-24	2026-12-08
22	2024-02-01	dx	op	preg-care	2009-08-24	2026-12-08
22	2024-02-01	dx	op	preg-week-18	2009-08-24	2026-12-08
22	2024-02-08	dx	op	ant-scrn	2009-08-24	2026-12-08
22	2024-02-29	dx	op	preg-week-22	2009-08-24	2026-12-08
22	2024-02-29	dx	op	preg-care	2009-08-24	2026-12-08
22	2024-03-28	dx	ip	ant-scrn	2009-08-24	2026-12-08
22	2024-03-28	dx	ip	preg-week-26	2009-08-24	2026-12-08
22	2024-03-28	dx	op	preg-care	2009-08-24	2026-12-08
22	2024-05-09	dx	op	preg-week-32	2009-08-24	2026-12-08
22	2024-05-09	dx	op	preg-care	2009-08-24	2026-12-08
22	2024-05-23	dx	op	preg-week-34	2009-08-24	2026-12-08
22	2024-05-23	dx	op	preg-care	2009-08-24	2026-12-08
22	2024-06-02	dx	op	preg-week-36	2009-08-24	2026-12-08
22	2024-06-02	dx	op	compl-preg4	2009-08-24	2026-12-08
22	2024-06-06	dx	op	preg-care	2009-08-24	2026-12-08
22	2024-06-06	dx	op	ant-scrn	2009-08-24	2026-12-08
22	2024-06-06	dx	op	preg-week-36	2009-08-24	2026-12-08
22	2024-06-14	dx	op	preg-care	2009-08-24	2026-12-08
22	2024-06-14	dx	op	preg-week-37	2009-08-24	2026-12-08
22	2024-06-21	dx	op	preg-week-38	2009-08-24	2026-12-08
22	2024-06-21	dx	op	preg-care	2009-08-24	2026-12-08
22	2024-06-22	dx	op	preg-week-39	2009-08-24	2026-12-08
22	2024-06-22	dx	op	abrnl-fetus-care2	2009-08-24	2026-12-08
22	2024-06-26	dx	op	birth-outcom	2009-08-24	2026-12-08
22	2024-06-27	dx	op	birth-outcom	2009-08-24	2026-12-08
22	2024-06-27	px	op	birth-px	2009-08-24	2026-12-08
22	2024-06-27	dx	op	preg-week-39	2009-08-24	2026-12-08
22	2024-06-27	dx	op	birth	2009-08-24	2026-12-08
22	2024-07-09	px	op	birth-px	2009-08-24	2026-12-08
22	2024-07-09	dx	op	spl-scrn	2009-08-24	2026-12-08
22	2024-07-09	dx	op	post-care	2009-08-24	2026-12-08
23	2022-02-10	dx	op	preg-week-09	2010-12-04	2026-04-28
23	2022-02-10	dx	op	compl-preg4	2010-12-04	2026-04-28
23	2022-02-15	dx	op	preg-week-11	2010-12-04	2026-04-28
23	2022-02-15	dx	op	preg-care	2010-12-04	2026-04-28
23	2022-03-09	dx	op	preg-week-14	2010-12-04	2026-04-28
23	2022-04-12	dx	op	preg-week-18	2010-12-04	2026-04-28
23	2022-09-02	px	op	birth-px	2010-12-04	2026-04-28
23	2022-09-02	dx	op	birth	2010-12-04	2026-04-28
23	2022-09-02	dx	op	preg-week-39	2010-12-04	2026-04-28
23	2022-09-02	dx	op	preg-week-38	2010-12-04	2026-04-28
23	2022-09-02	dx	op	birth-outcom	2010-12-04	2026-04-28
23	2023-05-01	dx	ip	s-abort	2010-12-04	2026-04-28
23	2024-05-31	dx	op	compl-preg4	2010-12-04	2026-04-28
23	2024-05-31	dx	op	hemo-preg	2010-12-04	2026-04-28
23	2024-06-03	dx	op	birth-outcom	2010-12-04	2026-04-28
23	2024-06-03	dx	op	preg-week-21	2010-12-04	2026-04-28
23	2024-11-20	dx	op	compl-preg4	2010-12-04	2026-04-28
23	2024-11-20	dx	op	hrp-care	2010-12-04	2026-04-28
23	2024-11-25	dx	op	hrp-care	2010-12-04	2026-04-28
23	2024-11-25	dx	op	preg-week-13	2010-12-04	2026-04-28
23	2024-11-26	dx	op	hemo-preg	2010-12-04	2026-04-28
23	2024-11-26	dx	ip	preg-week-14	2010-12-04	2026-04-28
23	2024-11-26	dx	ip	hrp-care	2010-12-04	2026-04-28
23	2024-11-26	dx	op	placenta-prob	2010-12-04	2026-04-28
23	2024-12-02	dx	op	preg-week-15	2010-12-04	2026-04-28
23	2024-12-02	dx	ip	hrp-care	2010-12-04	2026-04-28
23	2024-12-02	dx	op	hrp-care	2010-12-04	2026-04-28
23	2024-12-05	dx	op	preg-week-15	2010-12-04	2026-04-28
23	2024-12-16	dx	ip	hrp-care	2010-12-04	2026-04-28
23	2024-12-16	dx	ip	compl-preg4	2010-12-04	2026-04-28
23	2024-12-27	dx	op	placenta-prob	2010-12-04	2026-04-28
23	2024-12-27	dx	op	preg-week-18	2010-12-04	2026-04-28
23	2025-01-13	dx	op	compl-preg4	2010-12-04	2026-04-28
23	2025-01-13	dx	op	mdd	2010-12-04	2026-04-28
23	2025-01-13	dx	op	hrp-care	2010-12-04	2026-04-28
23	2025-01-27	dx	ip	compl-preg4	2010-12-04	2026-04-28
23	2025-01-27	dx	op	hrp-care	2010-12-04	2026-04-28
23	2025-01-27	dx	ip	hrp-care	2010-12-04	2026-04-28
23	2025-01-27	dx	op	compl-preg4	2010-12-04	2026-04-28
23	2025-02-10	dx	op	hrp-care	2010-12-04	2026-04-28
23	2025-02-10	dx	op	compl-preg4	2010-12-04	2026-04-28
23	2025-02-10	dx	ip	placenta-prob	2010-12-04	2026-04-28
23	2025-02-10	dx	ip	hrp-care	2010-12-04	2026-04-28
23	2025-02-24	dx	op	preg-week-27	2010-12-04	2026-04-28
23	2025-02-24	dx	op	compl-preg4	2010-12-04	2026-04-28
23	2025-02-24	dx	op	hrp-care	2010-12-04	2026-04-28
23	2025-03-07	dx	op	compl-preg4	2010-12-04	2026-04-28
23	2025-03-21	dx	op	preg-care	2010-12-04	2026-04-28
23	2025-03-21	dx	op	preg-week-30	2010-12-04	2026-04-28
23	2025-03-21	dx	op	preg-week-29	2010-12-04	2026-04-28
23	2025-03-24	dx	op	hrp-care	2010-12-04	2026-04-28
23	2025-03-24	dx	ip	compl-preg4	2010-12-04	2026-04-28
23	2025-03-24	dx	op	compl-preg4	2010-12-04	2026-04-28
23	2025-03-24	dx	ip	preg-week-31	2010-12-04	2026-04-28
23	2025-04-07	dx	op	compl-preg4	2010-12-04	2026-04-28
23	2025-04-07	dx	op	hrp-care	2010-12-04	2026-04-28
23	2025-04-23	dx	op	hrp-care	2010-12-04	2026-04-28
23	2025-04-23	dx	ip	compl-preg4	2010-12-04	2026-04-28
23	2025-05-05	dx	op	hrp-care	2010-12-04	2026-04-28
23	2025-05-05	dx	op	compl-preg4	2010-12-04	2026-04-28
23	2025-05-05	dx	ip	hrp-care	2010-12-04	2026-04-28
23	2025-05-05	dx	op	preg-week-37	2010-12-04	2026-04-28
23	2025-05-12	dx	op	hrp-care	2010-12-04	2026-04-28
23	2025-05-12	dx	op	abrnl-fetus-care2	2010-12-04	2026-04-28
23	2025-05-12	dx	op	compl-preg4	2010-12-04	2026-04-28
23	2025-05-12	dx	ip	hrp-care	2010-12-04	2026-04-28
23	2025-05-19	dx	ip	hrp-care	2010-12-04	2026-04-28
23	2025-05-19	dx	ip	compl-preg4	2010-12-04	2026-04-28
23	2025-05-19	dx	op	compl-preg4	2010-12-04	2026-04-28
23	2025-05-19	dx	op	hrp-care	2010-12-04	2026-04-28
23	2025-05-27	dx	op	hrp-care	2010-12-04	2026-04-28
23	2025-05-27	dx	op	birth-outcom	2010-12-04	2026-04-28
23	2025-05-27	dx	op	compl-preg4	2010-12-04	2026-04-28
23	2025-05-28	dx	op	preg-week-40	2010-12-04	2026-04-28
23	2025-05-28	dx	op	birth-outcom	2010-12-04	2026-04-28
23	2025-05-29	px	op	birth-px	2010-12-04	2026-04-28
23	2025-05-29	dx	ip	birth-outcom	2010-12-04	2026-04-28
23	2025-05-29	dx	op	preg-week-40	2010-12-04	2026-04-28
24	2024-02-19	dx	op	preg-care	2024-10-30	2026-05-21
24	2024-02-19	dx	op	preg-week-20	2024-10-30	2026-05-21
24	2024-03-25	dx	op	preg-care	2024-10-30	2026-05-21
24	2024-04-15	dx	op	preg-week-28	2024-10-30	2026-05-21
24	2024-04-29	dx	op	vomit-preg	2024-10-30	2026-05-21
24	2024-05-13	dx	op	compl-preg4	2024-10-30	2026-05-21
24	2024-07-02	dx	op	preg-week-40	2024-10-30	2026-05-21
24	2024-07-02	dx	op	trauma	2024-10-30	2026-05-21
24	2024-07-03	px	op	birth-px	2024-10-30	2026-05-21
24	2024-07-03	dx	op	preg-week-40	2024-10-30	2026-05-21
24	2024-07-03	dx	ip	birth	2024-10-30	2026-05-21
24	2024-07-03	dx	op	birth-outcom	2024-10-30	2026-05-21
24	2024-07-04	dx	op	trauma	2024-10-30	2026-05-21
25	2024-09-10	dx	op	vomit-preg	2023-02-06	2026-07-04
25	2024-09-10	dx	ip	preg-week-14	2023-02-06	2026-07-04
25	2024-09-10	dx	op	hrp-care	2023-02-06	2026-07-04
25	2024-09-10	px	op	birth-px	2023-02-06	2026-07-04
25	2024-09-10	px	op	ppd-scrn	2023-02-06	2026-07-04
25	2024-09-10	dx	ip	spl-scrn	2023-02-06	2026-07-04
25	2024-09-10	dx	op	ant-scrn	2023-02-06	2026-07-04
25	2024-10-09	dx	op	preg-week-18	2023-02-06	2026-07-04
25	2024-10-09	dx	op	hrp-care	2023-02-06	2026-07-04
25	2024-10-09	dx	ip	vomit-preg	2023-02-06	2026-07-04
25	2024-11-01	dx	op	vomit-preg	2023-02-06	2026-07-04
25	2024-11-01	dx	op	hrp-care	2023-02-06	2026-07-04
25	2024-11-01	dx	ip	ant-scrn	2023-02-06	2026-07-04
25	2024-11-01	dx	op	preg-week-21	2023-02-06	2026-07-04
25	2024-11-01	dx	op	ant-scrn	2023-02-06	2026-07-04
25	2024-12-02	dx	op	preg-week-26	2023-02-06	2026-07-04
25	2024-12-02	dx	op	hrp-care	2023-02-06	2026-07-04
25	2024-12-07	dx	op	preg-week-26	2023-02-06	2026-07-04
25	2024-12-07	dx	op	compl-preg4	2023-02-06	2026-07-04
25	2024-12-13	dx	op	compl-preg4	2023-02-06	2026-07-04
25	2024-12-13	dx	ip	preg-week-27	2023-02-06	2026-07-04
25	2024-12-13	dx	op	hrp-care	2023-02-06	2026-07-04
25	2024-12-27	dx	ip	hrp-care	2023-02-06	2026-07-04
25	2025-01-10	dx	op	compl-preg4	2023-02-06	2026-07-04
25	2025-01-10	dx	op	mdd	2023-02-06	2026-07-04
25	2025-01-10	dx	op	hrp-care	2023-02-06	2026-07-04
25	2025-01-24	dx	op	hrp-care	2023-02-06	2026-07-04
25	2025-01-24	dx	ip	mdd	2023-02-06	2026-07-04
25	2025-01-24	dx	op	compl-preg4	2023-02-06	2026-07-04
25	2025-02-07	dx	op	compl-preg4	2023-02-06	2026-07-04
25	2025-02-07	dx	op	preg-week-35	2023-02-06	2026-07-04
25	2025-02-07	dx	op	hrp-care	2023-02-06	2026-07-04
25	2025-02-17	dx	op	mdd	2023-02-06	2026-07-04
25	2025-02-17	dx	op	compl-preg4	2023-02-06	2026-07-04
25	2025-02-17	dx	op	hrp-care	2023-02-06	2026-07-04
25	2025-02-24	dx	op	compl-preg4	2023-02-06	2026-07-04
25	2025-02-24	dx	op	mdd	2023-02-06	2026-07-04
25	2025-02-24	dx	op	hrp-care	2023-02-06	2026-07-04
25	2025-02-26	dx	ip	trauma	2023-02-06	2026-07-04
25	2025-02-26	px	ip	birth-px	2023-02-06	2026-07-04
25	2025-02-26	dx	op	hemo-post	2023-02-06	2026-07-04
25	2025-02-26	dx	op	g-hypert	2023-02-06	2026-07-04
25	2025-02-27	dx	op	compl-preg4	2023-02-06	2026-07-04
25	2025-02-27	dx	op	g-hypert	2023-02-06	2026-07-04
25	2025-04-07	px	op	birth-px	2023-02-06	2026-07-04
25	2025-04-07	dx	ip	mdd	2023-02-06	2026-07-04
25	2025-04-07	dx	op	other-history	2023-02-06	2026-07-04
25	2025-04-07	dx	op	post-care	2023-02-06	2026-07-04
26	2022-01-05	tx_px	op	psy-thrp	2017-04-11	2026-07-03
26	2022-01-05	dx	op	r-mdd	2017-04-11	2026-07-03
26	2022-01-12	tx_rx	pharmacy	DULOXETINE	2017-04-11	2026-07-03
26	2022-01-19	dx	op	r-mdd	2017-04-11	2026-07-03
26	2022-01-19	tx_px	op	psy-thrp	2017-04-11	2026-07-03
26	2022-02-03	tx_px	op	psy-thrp	2017-04-11	2026-07-03
26	2022-02-03	dx	op	r-mdd	2017-04-11	2026-07-03
26	2022-02-09	dx	op	r-mdd	2017-04-11	2026-07-03
26	2022-02-17	tx_px	op	psy-thrp	2017-04-11	2026-07-03
26	2022-02-17	dx	op	r-mdd	2017-04-11	2026-07-03
26	2022-03-03	dx	op	r-mdd	2017-04-11	2026-07-03
26	2022-03-03	tx_px	op	psy-thrp	2017-04-11	2026-07-03
26	2022-03-15	dx	ip	r-mdd	2017-04-11	2026-07-03
26	2022-03-15	tx_px	op	psy-thrp	2017-04-11	2026-07-03
26	2022-03-23	dx	op	r-mdd	2017-04-11	2026-07-03
26	2022-03-31	dx	ip	r-mdd	2017-04-11	2026-07-03
26	2022-03-31	tx_px	op	psy-thrp	2017-04-11	2026-07-03
26	2022-04-15	dx	op	r-mdd	2017-04-11	2026-07-03
26	2022-04-15	tx_px	op	psy-thrp	2017-04-11	2026-07-03
26	2022-05-13	tx_px	op	psy-thrp	2017-04-11	2026-07-03
26	2022-05-13	dx	op	r-mdd	2017-04-11	2026-07-03
26	2022-05-27	dx	op	r-mdd	2017-04-11	2026-07-03
26	2022-05-27	tx_px	ip	psy-thrp	2017-04-11	2026-07-03
26	2022-06-17	tx_px	op	psy-thrp	2017-04-11	2026-07-03
26	2022-06-17	dx	op	r-mdd	2017-04-11	2026-07-03
26	2022-07-08	tx_px	op	psy-thrp	2017-04-11	2026-07-03
26	2022-07-08	dx	op	r-mdd	2017-04-11	2026-07-03
26	2022-07-26	tx_px	ip	psy-thrp	2017-04-11	2026-07-03
26	2022-07-26	dx	op	r-mdd	2017-04-11	2026-07-03
26	2022-08-02	tx_px	op	psy-thrp	2017-04-11	2026-07-03
26	2022-08-02	dx	op	r-mdd	2017-04-11	2026-07-03
26	2022-08-18	dx	op	r-mdd	2017-04-11	2026-07-03
26	2022-08-18	tx_px	op	psy-thrp	2017-04-11	2026-07-03
26	2022-09-15	tx_px	op	psy-thrp	2017-04-11	2026-07-03
26	2022-09-15	dx	op	r-mdd	2017-04-11	2026-07-03
26	2022-10-05	dx	op	r-mdd	2017-04-11	2026-07-03
26	2022-10-05	tx_px	op	psy-thrp	2017-04-11	2026-07-03
26	2022-10-24	dx	op	r-mdd	2017-04-11	2026-07-03
26	2022-10-24	tx_px	op	psy-thrp	2017-04-11	2026-07-03
26	2022-11-07	tx_px	ip	psy-thrp	2017-04-11	2026-07-03
26	2022-11-07	dx	op	r-mdd	2017-04-11	2026-07-03
26	2022-11-22	tx_px	op	psy-thrp	2017-04-11	2026-07-03
26	2022-11-22	dx	op	r-mdd	2017-04-11	2026-07-03
26	2022-12-06	dx	op	r-mdd	2017-04-11	2026-07-03
26	2022-12-06	tx_px	op	psy-thrp	2017-04-11	2026-07-03
26	2022-12-21	tx_px	op	psy-thrp	2017-04-11	2026-07-03
26	2022-12-21	dx	op	r-mdd	2017-04-11	2026-07-03
26	2023-01-05	tx_px	ip	psy-thrp	2017-04-11	2026-07-03
26	2023-01-05	dx	op	r-mdd	2017-04-11	2026-07-03
26	2023-01-19	tx_px	ip	psy-thrp	2017-04-11	2026-07-03
26	2023-01-19	dx	op	r-mdd	2017-04-11	2026-07-03
26	2023-02-02	dx	ip	r-mdd	2017-04-11	2026-07-03
26	2023-02-02	tx_px	op	psy-thrp	2017-04-11	2026-07-03
26	2023-02-16	dx	op	r-mdd	2017-04-11	2026-07-03
26	2023-02-16	tx_px	op	psy-thrp	2017-04-11	2026-07-03
26	2023-02-23	dx	ip	preg-week-01	2017-04-11	2026-07-03
26	2023-03-07	dx	ip	hemo-preg	2017-04-11	2026-07-03
26	2023-03-07	dx	op	vomit-preg	2017-04-11	2026-07-03
26	2023-03-08	dx	op	r-mdd	2017-04-11	2026-07-03
26	2023-03-08	tx_px	op	psy-thrp	2017-04-11	2026-07-03
26	2023-03-09	dx	op	hemo-preg	2017-04-11	2026-07-03
26	2023-03-13	dx	op	preg-care	2017-04-11	2026-07-03
26	2023-03-13	dx	op	ant-scrn	2017-04-11	2026-07-03
26	2023-03-13	dx	ip	preg-week-01	2017-04-11	2026-07-03
26	2023-03-23	tx_px	op	psy-thrp	2017-04-11	2026-07-03
26	2023-03-23	dx	op	r-mdd	2017-04-11	2026-07-03
26	2023-03-31	dx	op	hemo-preg	2017-04-11	2026-07-03
26	2023-03-31	dx	op	compl-preg4	2017-04-11	2026-07-03
26	2023-04-03	dx	op	compl-preg4	2017-04-11	2026-07-03
26	2023-04-03	dx	op	preg-care	2017-04-11	2026-07-03
26	2023-04-03	dx	op	preg-week-10	2017-04-11	2026-07-03
26	2023-04-06	dx	op	r-mdd	2017-04-11	2026-07-03
26	2023-04-06	tx_px	ip	psy-thrp	2017-04-11	2026-07-03
26	2023-04-20	tx_px	op	psy-thrp	2017-04-11	2026-07-03
26	2023-04-20	dx	op	r-mdd	2017-04-11	2026-07-03
26	2023-04-24	dx	op	preg-care	2017-04-11	2026-07-03
26	2023-04-24	dx	ip	preg-week-13	2017-04-11	2026-07-03
26	2023-05-04	tx_px	op	psy-thrp	2017-04-11	2026-07-03
26	2023-05-04	dx	op	r-mdd	2017-04-11	2026-07-03
26	2023-05-22	dx	op	r-mdd	2017-04-11	2026-07-03
26	2023-05-25	tx_px	ip	psy-thrp	2017-04-11	2026-07-03
26	2023-05-25	dx	op	r-mdd	2017-04-11	2026-07-03
26	2023-06-07	dx	op	r-mdd	2017-04-11	2026-07-03
26	2023-06-07	tx_px	op	psy-thrp	2017-04-11	2026-07-03
26	2023-06-15	dx	op	ant-scrn	2017-04-11	2026-07-03
26	2023-07-06	tx_px	op	psy-thrp	2017-04-11	2026-07-03
26	2023-07-06	dx	op	r-mdd	2017-04-11	2026-07-03
26	2023-07-18	tx_px	ip	psy-thrp	2017-04-11	2026-07-03
26	2023-07-18	dx	op	r-mdd	2017-04-11	2026-07-03
26	2023-08-03	tx_px	op	psy-thrp	2017-04-11	2026-07-03
26	2023-08-03	dx	op	r-mdd	2017-04-11	2026-07-03
26	2023-08-04	dx	op	compl-preg4	2017-04-11	2026-07-03
26	2023-08-04	dx	op	hrp-care	2017-04-11	2026-07-03
26	2023-08-04	dx	op	preg-care	2017-04-11	2026-07-03
26	2023-08-04	dx	op	preg-week-27	2017-04-11	2026-07-03
26	2023-08-21	dx	op	r-mdd	2017-04-11	2026-07-03
26	2023-08-21	tx_px	ip	psy-thrp	2017-04-11	2026-07-03
26	2023-08-30	dx	op	r-mdd	2017-04-11	2026-07-03
26	2023-08-30	tx_px	op	psy-thrp	2017-04-11	2026-07-03
26	2023-09-01	dx	op	preg-week-31	2017-04-11	2026-07-03
26	2023-09-01	dx	op	compl-preg4	2017-04-11	2026-07-03
26	2023-09-01	dx	op	hrp-care	2017-04-11	2026-07-03
26	2023-09-13	dx	op	r-mdd	2017-04-11	2026-07-03
26	2023-09-13	tx_px	op	psy-thrp	2017-04-11	2026-07-03
26	2023-09-27	dx	op	preg-week-25	2017-04-11	2026-07-03
26	2023-09-27	tx_px	op	psy-thrp	2017-04-11	2026-07-03
26	2023-09-27	dx	op	r-mdd	2017-04-11	2026-07-03
26	2023-09-29	dx	op	hrp-care	2017-04-11	2026-07-03
26	2023-09-29	dx	op	compl-preg4	2017-04-11	2026-07-03
26	2023-09-29	dx	op	ant-scrn	2017-04-11	2026-07-03
26	2023-10-04	dx	op	compl-preg4	2017-04-11	2026-07-03
26	2023-10-04	dx	op	hrp-care	2017-04-11	2026-07-03
26	2023-10-04	dx	op	preg-week-36	2017-04-11	2026-07-03
26	2023-10-12	dx	op	r-mdd	2017-04-11	2026-07-03
26	2023-10-12	tx_px	op	psy-thrp	2017-04-11	2026-07-03
26	2023-10-13	dx	ip	compl-preg4	2017-04-11	2026-07-03
26	2023-10-13	dx	op	preg-week-37	2017-04-11	2026-07-03
26	2023-10-13	dx	op	hrp-care	2017-04-11	2026-07-03
26	2023-10-19	dx	op	compl-preg4	2017-04-11	2026-07-03
26	2023-10-19	dx	op	hrp-care	2017-04-11	2026-07-03
26	2023-10-23	dx	op	compl-preg4	2017-04-11	2026-07-03
26	2023-10-23	dx	op	birth-outcom	2017-04-11	2026-07-03
26	2023-10-23	dx	op	preg-week-39	2017-04-11	2026-07-03
26	2023-10-23	px	op	birth-px	2017-04-11	2026-07-03
26	2023-11-02	tx_px	op	psy-thrp	2017-04-11	2026-07-03
26	2023-11-02	dx	ip	r-mdd	2017-04-11	2026-07-03
26	2023-11-15	dx	op	r-mdd	2017-04-11	2026-07-03
26	2023-11-16	tx_px	op	psy-thrp	2017-04-11	2026-07-03
26	2023-11-16	dx	op	r-mdd	2017-04-11	2026-07-03
26	2023-11-18	tx_rx	pharmacy	VILAZODONE	2017-04-11	2026-07-03
26	2023-11-30	tx_px	op	psy-thrp	2017-04-11	2026-07-03
26	2023-11-30	dx	ip	r-mdd	2017-04-11	2026-07-03
26	2023-12-29	tx_px	op	psy-thrp	2017-04-11	2026-07-03
26	2023-12-29	dx	op	r-mdd	2017-04-11	2026-07-03
26	2024-01-17	tx_px	ip	psy-thrp	2017-04-11	2026-07-03
26	2024-01-17	dx	op	r-mdd	2017-04-11	2026-07-03
26	2024-01-18	dx	op	preg-week-01	2017-04-11	2026-07-03
26	2024-01-24	dx	ip	compl-preg4	2017-04-11	2026-07-03
26	2024-01-24	dx	op	preg-week-01	2017-04-11	2026-07-03
26	2024-01-29	dx	op	r-mdd	2017-04-11	2026-07-03
26	2024-02-12	dx	op	ant-scrn	2017-04-11	2026-07-03
26	2024-02-12	dx	op	preg-care	2017-04-11	2026-07-03
26	2024-02-15	dx	ip	r-mdd	2017-04-11	2026-07-03
26	2024-02-15	tx_px	op	psy-thrp	2017-04-11	2026-07-03
26	2024-03-06	tx_px	op	psy-thrp	2017-04-11	2026-07-03
26	2024-03-06	dx	op	r-mdd	2017-04-11	2026-07-03
26	2024-03-06	dx	op	preg-care	2017-04-11	2026-07-03
26	2024-03-27	tx_px	op	psy-thrp	2017-04-11	2026-07-03
26	2024-03-27	dx	op	r-mdd	2017-04-11	2026-07-03
26	2024-04-11	dx	op	r-mdd	2017-04-11	2026-07-03
26	2024-04-11	tx_px	ip	psy-thrp	2017-04-11	2026-07-03
26	2024-04-18	tx_px	op	psy-thrp	2017-04-11	2026-07-03
26	2024-04-18	dx	op	r-mdd	2017-04-11	2026-07-03
26	2024-05-02	dx	op	ant-scrn	2017-04-11	2026-07-03
26	2024-05-02	tx_px	op	psy-thrp	2017-04-11	2026-07-03
26	2024-05-02	dx	op	r-mdd	2017-04-11	2026-07-03
26	2024-05-08	dx	op	r-mdd	2017-04-11	2026-07-03
26	2024-05-09	dx	ip	r-mdd	2017-04-11	2026-07-03
26	2024-05-09	tx_px	op	psy-thrp	2017-04-11	2026-07-03
26	2024-05-16	tx_px	op	psy-thrp	2017-04-11	2026-07-03
26	2024-05-16	dx	op	r-mdd	2017-04-11	2026-07-03
26	2024-06-06	tx_px	op	psy-thrp	2017-04-11	2026-07-03
26	2024-06-06	dx	op	r-mdd	2017-04-11	2026-07-03
26	2024-06-12	dx	op	r-mdd	2017-04-11	2026-07-03
26	2024-06-12	tx_px	op	psy-thrp	2017-04-11	2026-07-03
26	2024-06-20	tx_px	op	psy-thrp	2017-04-11	2026-07-03
26	2024-06-20	dx	op	r-mdd	2017-04-11	2026-07-03
26	2024-06-21	dx	op	preg-care	2017-04-11	2026-07-03
26	2024-06-21	dx	ip	compl-preg4	2017-04-11	2026-07-03
26	2024-06-21	dx	op	compl-preg4	2017-04-11	2026-07-03
26	2024-06-26	dx	op	hrp-care	2017-04-11	2026-07-03
26	2024-06-26	dx	ip	compl-preg4	2017-04-11	2026-07-03
26	2024-06-26	dx	op	compl-preg4	2017-04-11	2026-07-03
26	2024-06-27	dx	op	r-mdd	2017-04-11	2026-07-03
26	2024-06-27	tx_px	op	psy-thrp	2017-04-11	2026-07-03
26	2024-07-02	dx	op	preg-week-29	2017-04-11	2026-07-03
26	2024-07-02	dx	ip	abrnl-fetus-care2	2017-04-11	2026-07-03
26	2024-07-02	dx	op	compl-preg4	2017-04-11	2026-07-03
26	2024-07-10	dx	op	preg-week-30	2017-04-11	2026-07-03
26	2024-07-10	dx	op	compl-preg4	2017-04-11	2026-07-03
26	2024-07-10	dx	op	abrnl-fetus-care2	2017-04-11	2026-07-03
26	2024-07-11	tx_px	op	psy-thrp	2017-04-11	2026-07-03
26	2024-07-11	dx	op	r-mdd	2017-04-11	2026-07-03
26	2024-07-16	dx	ip	hrp-care	2017-04-11	2026-07-03
26	2024-07-16	dx	ip	compl-preg4	2017-04-11	2026-07-03
26	2024-07-16	dx	op	compl-preg4	2017-04-11	2026-07-03
26	2024-07-16	dx	ip	abrnl-fetus-care2	2017-04-11	2026-07-03
26	2024-07-17	dx	op	r-mdd	2017-04-11	2026-07-03
26	2024-07-17	tx_px	op	psy-thrp	2017-04-11	2026-07-03
26	2024-07-24	dx	op	r-mdd	2017-04-11	2026-07-03
26	2024-07-24	tx_px	op	psy-thrp	2017-04-11	2026-07-03
26	2024-07-31	tx_px	op	psy-thrp	2017-04-11	2026-07-03
26	2024-07-31	dx	op	r-mdd	2017-04-11	2026-07-03
26	2024-08-08	tx_px	op	psy-thrp	2017-04-11	2026-07-03
26	2024-08-08	dx	op	r-mdd	2017-04-11	2026-07-03
26	2024-08-12	dx	ip	hrp-care	2017-04-11	2026-07-03
26	2024-08-12	dx	op	compl-preg4	2017-04-11	2026-07-03
26	2024-08-12	dx	ip	ant-scrn	2017-04-11	2026-07-03
26	2024-08-14	tx_px	op	psy-thrp	2017-04-11	2026-07-03
26	2024-08-14	dx	op	r-mdd	2017-04-11	2026-07-03
26	2024-08-21	dx	op	compl-preg4	2017-04-11	2026-07-03
26	2024-08-21	dx	op	preg-week-36	2017-04-11	2026-07-03
26	2024-08-21	tx_px	ip	psy-thrp	2017-04-11	2026-07-03
26	2024-08-21	dx	op	r-mdd	2017-04-11	2026-07-03
26	2024-08-30	dx	op	preg-week-37	2017-04-11	2026-07-03
26	2024-08-30	dx	op	compl-preg4	2017-04-11	2026-07-03
26	2024-08-30	dx	op	hrp-care	2017-04-11	2026-07-03
26	2024-09-03	dx	op	abrnl-fetus-care2	2017-04-11	2026-07-03
26	2024-09-03	dx	op	preg-week-38	2017-04-11	2026-07-03
26	2024-09-06	dx	op	preg-week-38	2017-04-11	2026-07-03
26	2024-09-06	dx	op	hrp-care	2017-04-11	2026-07-03
26	2024-09-06	px	ip	birth-px	2017-04-11	2026-07-03
26	2024-09-06	dx	op	compl-preg4	2017-04-11	2026-07-03
26	2024-09-06	dx	op	preg-week-49	2017-04-11	2026-07-03
26	2024-09-06	dx	ip	birth-outcom	2017-04-11	2026-07-03
26	2024-09-06	px	op	birth-px	2017-04-11	2026-07-03
26	2024-09-19	dx	op	compl-preg4	2017-04-11	2026-07-03
26	2024-09-27	dx	op	r-mdd	2017-04-11	2026-07-03
26	2024-09-27	tx_px	ip	psy-thrp	2017-04-11	2026-07-03
26	2024-10-15	dx	op	r-mdd	2017-04-11	2026-07-03
26	2024-10-15	tx_px	op	psy-thrp	2017-04-11	2026-07-03
26	2024-10-16	dx	op	r-mdd	2017-04-11	2026-07-03
26	2024-10-23	dx	op	r-mdd	2017-04-11	2026-07-03
26	2024-10-23	tx_px	ip	psy-thrp	2017-04-11	2026-07-03
26	2024-11-06	dx	op	r-mdd	2017-04-11	2026-07-03
26	2024-11-06	tx_px	op	psy-thrp	2017-04-11	2026-07-03
26	2024-11-13	tx_px	op	psy-thrp	2017-04-11	2026-07-03
26	2024-11-13	dx	op	r-mdd	2017-04-11	2026-07-03
26	2024-12-04	tx_px	ip	psy-thrp	2017-04-11	2026-07-03
26	2024-12-04	dx	op	r-mdd	2017-04-11	2026-07-03
26	2024-12-13	dx	op	r-mdd	2017-04-11	2026-07-03
26	2024-12-13	tx_px	op	psy-thrp	2017-04-11	2026-07-03
26	2024-12-20	dx	ip	r-mdd	2017-04-11	2026-07-03
26	2024-12-20	tx_px	op	psy-thrp	2017-04-11	2026-07-03
26	2025-01-10	dx	op	r-mdd	2017-04-11	2026-07-03
26	2025-01-10	tx_px	op	psy-thrp	2017-04-11	2026-07-03
26	2025-01-16	dx	op	r-mdd	2017-04-11	2026-07-03
26	2025-01-24	tx_px	op	psy-thrp	2017-04-11	2026-07-03
26	2025-01-24	dx	op	r-mdd	2017-04-11	2026-07-03
26	2025-02-07	dx	op	r-mdd	2017-04-11	2026-07-03
26	2025-02-07	tx_px	op	psy-thrp	2017-04-11	2026-07-03
26	2025-02-14	tx_px	op	psy-thrp	2017-04-11	2026-07-03
26	2025-02-14	dx	op	r-mdd	2017-04-11	2026-07-03
26	2025-02-28	tx_px	op	psy-thrp	2017-04-11	2026-07-03
26	2025-02-28	dx	op	r-mdd	2017-04-11	2026-07-03
26	2025-03-14	tx_px	ip	psy-thrp	2017-04-11	2026-07-03
26	2025-03-14	dx	op	r-mdd	2017-04-11	2026-07-03
26	2025-03-25	tx_px	op	psy-thrp	2017-04-11	2026-07-03
26	2025-03-25	dx	op	r-mdd	2017-04-11	2026-07-03
26	2025-04-08	tx_px	op	psy-thrp	2017-04-11	2026-07-03
26	2025-04-08	dx	op	r-mdd	2017-04-11	2026-07-03
26	2025-04-12	dx	op	r-mdd	2017-04-11	2026-07-03
26	2025-04-16	dx	op	r-mdd	2017-04-11	2026-07-03
26	2025-04-16	tx_px	op	psy-thrp	2017-04-11	2026-07-03
26	2025-04-17	dx	op	r-mdd	2017-04-11	2026-07-03
26	2025-04-23	dx	op	r-mdd	2017-04-11	2026-07-03
26	2025-04-23	tx_px	op	psy-thrp	2017-04-11	2026-07-03
26	2025-04-29	dx	op	r-mdd	2017-04-11	2026-07-03
26	2025-04-29	tx_px	ip	psy-thrp	2017-04-11	2026-07-03
26	2025-05-16	tx_px	ip	psy-thrp	2017-04-11	2026-07-03
26	2025-05-16	dx	op	r-mdd	2017-04-11	2026-07-03
27	2022-07-22	dx	op	preg-care	2021-06-07	2026-11-18
27	2023-10-20	px	ip	ppd-scrn	2021-06-07	2026-11-18
27	2024-05-06	dx	op	vomit-preg	2021-06-07	2026-11-18
27	2024-05-17	dx	op	preg-week-12	2021-06-07	2026-11-18
27	2024-05-17	dx	op	abrnl-fetus-care2	2021-06-07	2026-11-18
27	2024-05-21	dx	op	preg-week-11	2021-06-07	2026-11-18
27	2024-05-21	dx	op	preg-care	2021-06-07	2026-11-18
27	2024-06-04	dx	op	hrp-care	2021-06-07	2026-11-18
27	2024-07-12	dx	op	preg-week-14	2021-06-07	2026-11-18
27	2024-07-12	dx	op	preg-week-20	2021-06-07	2026-11-18
27	2024-07-12	dx	ip	ant-scrn	2021-06-07	2026-11-18
27	2024-07-12	dx	op	compl-preg4	2021-06-07	2026-11-18
27	2024-09-27	dx	op	preg-week-31	2021-06-07	2026-11-18
27	2024-09-27	dx	op	compl-preg4	2021-06-07	2026-11-18
27	2024-09-27	dx	op	preg-week-30	2021-06-07	2026-11-18
27	2024-09-27	dx	op	ant-scrn	2021-06-07	2026-11-18
27	2024-10-15	dx	op	preg-week-32	2021-06-07	2026-11-18
27	2024-10-18	dx	op	preg-week-32	2021-06-07	2026-11-18
27	2024-10-18	dx	op	ant-scrn	2021-06-07	2026-11-18
27	2024-10-18	dx	op	preg-week-34	2021-06-07	2026-11-18
27	2024-11-05	dx	op	ant-scrn	2021-06-07	2026-11-18
27	2024-11-05	dx	op	preg-week-37	2021-06-07	2026-11-18
27	2024-11-26	dx	op	compl-preg4	2021-06-07	2026-11-18
27	2024-11-26	dx	op	birth-outcom	2021-06-07	2026-11-18
27	2024-11-26	dx	op	preg-week-39	2021-06-07	2026-11-18
27	2024-11-26	dx	ip	abrnl-fetus-care2	2021-06-07	2026-11-18
27	2024-11-27	px	op	birth-px	2021-06-07	2026-11-18
27	2024-11-27	dx	op	preg-week-40	2021-06-07	2026-11-18
27	2024-11-27	dx	op	birth	2021-06-07	2026-11-18
27	2025-01-08	tx_rx	pharmacy	SERTRALINE	2021-06-07	2026-11-18
27	2025-01-08	dx	op	ppd	2021-06-07	2026-11-18
27	2025-01-08	dx	op	post-care	2021-06-07	2026-11-18
27	2025-02-05	tx_rx	pharmacy	SERTRALINE	2021-06-07	2026-11-18
27	2025-02-10	dx	op	ppd	2021-06-07	2026-11-18
27	2025-02-10	tx_rx	pharmacy	SERTRALINE	2021-06-07	2026-11-18
27	2025-03-05	tx_rx	pharmacy	SERTRALINE	2021-06-07	2026-11-18
27	2025-03-17	tx_rx	pharmacy	SERTRALINE	2021-06-07	2026-11-18
27	2025-04-14	tx_rx	pharmacy	SERTRALINE	2021-06-07	2026-11-18
27	2025-05-07	dx	op	ppd	2021-06-07	2026-11-18
28	2023-04-12	dx	ip	preg-week-20	2019-09-13	2026-12-21
28	2023-04-12	dx	op	ant-scrn	2019-09-13	2026-12-21
28	2023-07-07	dx	ip	abrnl-fetus-care2	2019-09-13	2026-12-21
28	2023-07-07	dx	ip	preg-week-00	2019-09-13	2026-12-21
28	2023-08-16	dx	op	preg-week-38	2019-09-13	2026-12-21
28	2023-08-16	px	op	birth-px	2019-09-13	2026-12-21
28	2023-08-16	dx	op	birth-outcom	2019-09-13	2026-12-21
28	2023-09-18	dx	op	post-care	2019-09-13	2026-12-21
28	2024-10-18	dx	op	preg-week-37	2019-09-13	2026-12-21
28	2024-10-24	dx	ip	preg-week-38	2019-09-13	2026-12-21
28	2024-11-03	dx	op	preg-week-39	2019-09-13	2026-12-21
28	2024-11-03	dx	op	birth	2019-09-13	2026-12-21
28	2024-11-03	dx	op	birth-outcom	2019-09-13	2026-12-21
28	2024-11-04	dx	op	birth-outcom	2019-09-13	2026-12-21
28	2024-11-04	dx	op	birth	2019-09-13	2026-12-21
28	2024-11-04	dx	op	preg-week-39	2019-09-13	2026-12-21
29	2023-07-21	dx	ip	ant-scrn	2010-05-24	2026-04-02
29	2024-01-10	dx	op	preg-week-33	2010-05-24	2026-04-02
29	2024-01-17	dx	op	preg-week-33	2010-05-24	2026-04-02
29	2024-01-24	dx	op	preg-week-34	2010-05-24	2026-04-02
29	2024-01-25	dx	ip	preg-care	2010-05-24	2026-04-02
29	2024-02-02	dx	op	ant-scrn	2010-05-24	2026-04-02
29	2024-02-02	dx	ip	preg-week-36	2010-05-24	2026-04-02
29	2024-02-05	dx	op	hrp-care	2010-05-24	2026-04-02
29	2024-02-05	dx	op	compl-preg4	2010-05-24	2026-04-02
29	2024-02-16	dx	op	compl-preg4	2010-05-24	2026-04-02
29	2024-02-16	dx	op	birth-outcom	2010-05-24	2026-04-02
29	2024-02-18	px	op	birth-px	2010-05-24	2026-04-02
29	2024-02-18	dx	op	preg-week-38	2010-05-24	2026-04-02
29	2024-02-18	dx	op	birth-outcom	2010-05-24	2026-04-02
29	2024-02-18	dx	op	compl-preg4	2010-05-24	2026-04-02
29	2024-02-18	dx	op	birth	2010-05-24	2026-04-02
29	2024-02-23	dx	ip	post-care	2010-05-24	2026-04-02
29	2024-04-29	dx	op	compl-preg4	2010-05-24	2026-04-02
29	2024-04-29	dx	op	post-care	2010-05-24	2026-04-02
29	2024-07-22	dx	op	preg-week-11	2010-05-24	2026-04-02
29	2024-07-22	dx	op	preg-care	2010-05-24	2026-04-02
29	2024-07-22	dx	op	hrp-care	2010-05-24	2026-04-02
29	2024-07-31	dx	ip	preg-week-13	2010-05-24	2026-04-02
29	2024-07-31	dx	op	ant-scrn	2010-05-24	2026-04-02
29	2024-07-31	dx	op	preg-care	2010-05-24	2026-04-02
29	2024-08-19	dx	op	hrp-care	2010-05-24	2026-04-02
29	2024-08-19	dx	op	compl-preg4	2010-05-24	2026-04-02
29	2024-09-27	dx	op	hrp-care	2010-05-24	2026-04-02
29	2024-09-27	dx	op	ant-scrn	2010-05-24	2026-04-02
29	2024-09-27	dx	op	preg-week-21	2010-05-24	2026-04-02
29	2024-09-28	dx	ip	preg-week-22	2010-05-24	2026-04-02
29	2024-09-28	dx	op	compl-preg4	2010-05-24	2026-04-02
29	2024-09-29	dx	ip	compl-preg4	2010-05-24	2026-04-02
29	2024-09-29	dx	op	preg-week-21	2010-05-24	2026-04-02
29	2024-10-18	dx	op	hrp-care	2010-05-24	2026-04-02
29	2024-10-18	dx	op	preg-week-24	2010-05-24	2026-04-02
29	2024-10-18	dx	ip	compl-preg4	2010-05-24	2026-04-02
29	2024-10-22	dx	ip	preg-care	2010-05-24	2026-04-02
29	2024-11-04	dx	op	preg-week-26	2010-05-24	2026-04-02
29	2024-11-04	dx	op	hrp-care	2010-05-24	2026-04-02
29	2024-11-04	dx	op	compl-preg4	2010-05-24	2026-04-02
29	2024-11-18	dx	ip	hrp-care	2010-05-24	2026-04-02
29	2024-11-18	dx	op	preg-week-28	2010-05-24	2026-04-02
29	2025-01-02	dx	op	compl-preg4	2010-05-24	2026-04-02
29	2025-01-02	dx	op	hrp-care	2010-05-24	2026-04-02
29	2025-01-02	dx	op	preg-week-35	2010-05-24	2026-04-02
29	2025-01-15	dx	op	preg-week-37	2010-05-24	2026-04-02
29	2025-01-15	dx	op	preg-care	2010-05-24	2026-04-02
29	2025-01-15	dx	op	ant-scrn	2010-05-24	2026-04-02
29	2025-01-24	dx	op	compl-preg4	2010-05-24	2026-04-02
29	2025-01-24	dx	ip	g-hypert-p	2010-05-24	2026-04-02
29	2025-01-24	dx	op	preg-week-38	2010-05-24	2026-04-02
29	2025-01-24	dx	ip	hrp-care	2010-05-24	2026-04-02
29	2025-01-24	dx	op	g-hypert-p	2010-05-24	2026-04-02
29	2025-01-25	dx	op	g-hypert-p	2010-05-24	2026-04-02
29	2025-01-25	dx	op	compl-preg4	2010-05-24	2026-04-02
29	2025-01-25	px	op	birth-px	2010-05-24	2026-04-02
29	2025-01-25	dx	op	preg-week-38	2010-05-24	2026-04-02
29	2025-01-25	dx	ip	birth-outcom	2010-05-24	2026-04-02
29	2025-01-26	dx	op	preg-week-38	2010-05-24	2026-04-02
29	2025-01-26	dx	op	birth-outcom	2010-05-24	2026-04-02
29	2025-01-26	dx	op	g-hypert-p	2010-05-24	2026-04-02
30	2024-07-09	dx	ip	compl-preg4	2019-02-12	2026-09-17
30	2024-07-09	dx	ip	preg-week-22	2019-02-12	2026-09-17
30	2024-07-09	dx	ip	g-hypert	2019-02-12	2026-09-17
30	2024-08-28	dx	op	preg-week-29	2019-02-12	2026-09-17
30	2024-10-24	dx	op	preg-care	2019-02-12	2026-09-17
30	2024-11-22	dx	op	birth-outcom	2019-02-12	2026-09-17
30	2024-11-22	dx	op	preg-week-41	2019-02-12	2026-09-17
30	2024-11-22	dx	op	compl-preg4	2019-02-12	2026-09-17
30	2024-11-25	dx	op	birth	2019-02-12	2026-09-17
30	2024-11-25	px	ip	birth-px	2019-02-12	2026-09-17
30	2024-11-25	dx	op	preg-week-41	2019-02-12	2026-09-17
30	2024-11-25	dx	op	birth-outcom	2019-02-12	2026-09-17
31	2024-01-23	dx	op	preg-care	2013-12-24	2026-04-17
31	2024-01-23	dx	op	preg-week-11	2013-12-24	2026-04-17
31	2024-01-23	dx	op	vomit-preg	2013-12-24	2026-04-17
31	2024-02-20	dx	op	preg-care	2013-12-24	2026-04-17
31	2024-03-19	dx	ip	ant-scrn	2013-12-24	2026-04-17
31	2024-03-19	dx	op	preg-week-19	2013-12-24	2026-04-17
31	2024-03-19	dx	op	preg-care	2013-12-24	2026-04-17
31	2024-03-19	dx	op	compl-preg4	2013-12-24	2026-04-17
31	2024-03-22	dx	op	preg-week-20	2013-12-24	2026-04-17
31	2024-03-22	dx	op	ant-scrn	2013-12-24	2026-04-17
31	2024-03-28	dx	op	preg-week-20	2013-12-24	2026-04-17
31	2024-03-28	dx	op	ant-scrn	2013-12-24	2026-04-17
31	2024-04-15	dx	op	preg-week-23	2013-12-24	2026-04-17
31	2024-05-14	dx	op	preg-care	2013-12-24	2026-04-17
31	2024-05-14	dx	op	compl-preg4	2013-12-24	2026-04-17
31	2024-05-22	dx	op	compl-preg4	2013-12-24	2026-04-17
31	2024-05-28	dx	op	abrnl-fetus-care2	2013-12-24	2026-04-17
31	2024-05-28	dx	op	diab-preg	2013-12-24	2026-04-17
31	2024-05-28	dx	op	preg-week-29	2013-12-24	2026-04-17
31	2024-05-30	dx	op	diab-preg	2013-12-24	2026-04-17
31	2024-06-03	dx	op	preg-week-30	2013-12-24	2026-04-17
31	2024-06-03	dx	op	diab-preg	2013-12-24	2026-04-17
31	2024-06-04	px	op	ppd-scrn	2013-12-24	2026-04-17
31	2024-06-04	dx	op	compl-preg4	2013-12-24	2026-04-17
31	2024-06-04	dx	op	diab-preg	2013-12-24	2026-04-17
31	2024-06-10	dx	op	diab-preg	2013-12-24	2026-04-17
31	2024-06-17	dx	op	preg-week-32	2013-12-24	2026-04-17
31	2024-06-17	dx	op	diab-preg	2013-12-24	2026-04-17
31	2024-06-17	dx	op	compl-preg4	2013-12-24	2026-04-17
31	2024-06-18	dx	op	diab-preg	2013-12-24	2026-04-17
31	2024-06-18	dx	op	preg-week-32	2013-12-24	2026-04-17
31	2024-06-18	dx	ip	diab-preg	2013-12-24	2026-04-17
31	2024-06-21	dx	op	diab-preg	2013-12-24	2026-04-17
31	2024-06-21	dx	op	preg-week-32	2013-12-24	2026-04-17
31	2024-06-25	dx	ip	diab-preg	2013-12-24	2026-04-17
31	2024-06-25	dx	op	preg-week-33	2013-12-24	2026-04-17
31	2024-06-28	dx	op	diab-preg	2013-12-24	2026-04-17
31	2024-06-28	dx	op	preg-week-33	2013-12-24	2026-04-17
31	2024-07-01	dx	op	diab-preg	2013-12-24	2026-04-17
31	2024-07-01	dx	op	preg-week-34	2013-12-24	2026-04-17
31	2024-07-02	dx	op	diab-preg	2013-12-24	2026-04-17
31	2024-07-02	dx	op	preg-week-34	2013-12-24	2026-04-17
31	2024-07-02	dx	op	compl-preg4	2013-12-24	2026-04-17
31	2024-07-05	dx	op	diab-preg	2013-12-24	2026-04-17
31	2024-07-05	dx	ip	preg-week-34	2013-12-24	2026-04-17
31	2024-07-09	dx	op	diab-preg	2013-12-24	2026-04-17
31	2024-07-09	dx	op	preg-week-35	2013-12-24	2026-04-17
31	2024-07-12	dx	op	preg-week-35	2013-12-24	2026-04-17
31	2024-07-12	dx	op	diab-preg	2013-12-24	2026-04-17
31	2024-07-16	dx	op	preg-care	2013-12-24	2026-04-17
31	2024-07-16	dx	op	diab-preg	2013-12-24	2026-04-17
31	2024-07-16	dx	ip	preg-week-36	2013-12-24	2026-04-17
31	2024-07-17	dx	op	preg-week-36	2013-12-24	2026-04-17
31	2024-07-17	dx	op	diab-preg	2013-12-24	2026-04-17
31	2024-07-17	dx	op	compl-preg4	2013-12-24	2026-04-17
31	2024-07-19	dx	op	preg-week-36	2013-12-24	2026-04-17
31	2024-07-19	dx	op	diab-preg	2013-12-24	2026-04-17
31	2024-07-23	dx	op	birth-outcom	2013-12-24	2026-04-17
31	2024-07-23	dx	op	diab-preg	2013-12-24	2026-04-17
31	2024-07-23	dx	op	preg-week-37	2013-12-24	2026-04-17
31	2024-07-24	px	op	birth-px	2013-12-24	2026-04-17
31	2024-07-24	dx	op	birth-outcom	2013-12-24	2026-04-17
31	2024-07-24	dx	op	birth	2013-12-24	2026-04-17
31	2024-07-24	dx	op	preg-week-37	2013-12-24	2026-04-17
31	2024-09-13	dx	op	post-care	2013-12-24	2026-04-17
32	2022-03-21	dx	op	hemo-preg	2026-06-05	2026-04-16
32	2022-03-21	dx	op	preg-week-01	2026-06-05	2026-04-16
32	2022-04-03	dx	op	compl-preg4	2026-06-05	2026-04-16
32	2022-04-03	dx	op	preg-week-01	2026-06-05	2026-04-16
32	2022-04-07	dx	op	ant-scrn	2026-06-05	2026-04-16
32	2022-04-07	dx	op	s-abort	2026-06-05	2026-04-16
32	2022-04-07	dx	op	preg-week-08	2026-06-05	2026-04-16
32	2022-04-13	dx	ip	hrp-care	2026-06-05	2026-04-16
32	2022-04-13	dx	op	ant-scrn	2026-06-05	2026-04-16
32	2022-04-13	dx	op	preg-week-08	2026-06-05	2026-04-16
32	2022-04-13	dx	op	abrnl-preg1	2026-06-05	2026-04-16
32	2022-04-13	px	ip	birth-px	2026-06-05	2026-04-16
32	2022-04-17	dx	op	s-abort	2026-06-05	2026-04-16
32	2022-04-18	dx	op	s-abort	2026-06-05	2026-04-16
32	2022-11-01	dx	op	compl-preg4	2026-06-05	2026-04-16
32	2022-12-13	dx	op	preg-care	2026-06-05	2026-04-16
32	2022-12-17	dx	op	hemo-preg	2026-06-05	2026-04-16
32	2022-12-17	dx	op	preg-week-11	2026-06-05	2026-04-16
32	2022-12-17	dx	op	compl-preg4	2026-06-05	2026-04-16
32	2023-01-25	dx	ip	preg-week-15	2026-06-05	2026-04-16
32	2023-02-13	dx	op	ant-scrn	2026-06-05	2026-04-16
32	2023-02-13	dx	op	preg-week-19	2026-06-05	2026-04-16
32	2023-02-13	dx	op	hrp-care	2026-06-05	2026-04-16
32	2023-03-12	dx	op	preg-week-22	2026-06-05	2026-04-16
32	2023-03-12	dx	op	ant-scrn	2026-06-05	2026-04-16
32	2023-03-23	dx	op	hrp-care	2026-06-05	2026-04-16
32	2023-03-23	dx	op	preg-week-23	2026-06-05	2026-04-16
32	2023-03-23	dx	ip	ant-scrn	2026-06-05	2026-04-16
32	2023-04-20	dx	op	ant-scrn	2026-06-05	2026-04-16
32	2023-04-20	dx	op	hrp-care	2026-06-05	2026-04-16
32	2023-04-20	dx	op	preg-week-28	2026-06-05	2026-04-16
32	2023-05-02	dx	op	preg-week-30	2026-06-05	2026-04-16
32	2023-05-02	dx	op	ant-scrn	2026-06-05	2026-04-16
32	2023-05-03	dx	op	preg-week-30	2026-06-05	2026-04-16
32	2023-06-05	dx	op	preg-week-36	2026-06-05	2026-04-16
32	2023-06-05	dx	op	compl-preg4	2026-06-05	2026-04-16
32	2023-06-05	dx	op	ant-scrn	2026-06-05	2026-04-16
32	2023-06-08	dx	op	preg-week-35	2026-06-05	2026-04-16
32	2023-06-20	dx	op	abrnl-fetus-care2	2026-06-05	2026-04-16
32	2023-06-20	dx	op	preg-week-37	2026-06-05	2026-04-16
32	2023-06-21	dx	op	ant-scrn	2026-06-05	2026-04-16
32	2023-06-21	dx	op	abrnl-fetus-care2	2026-06-05	2026-04-16
32	2023-06-21	dx	op	preg-week-37	2026-06-05	2026-04-16
32	2023-06-27	dx	op	preg-week-38	2026-06-05	2026-04-16
32	2023-06-27	dx	ip	prem-rupt	2026-06-05	2026-04-16
32	2023-06-27	dx	op	birth-outcom	2026-06-05	2026-04-16
32	2024-04-05	px	op	ppd-scrn	2026-06-05	2026-04-16
32	2024-08-07	px	op	ppd-scrn	2026-06-05	2026-04-16
32	2024-08-07	dx	op	incidental, preg-unplnd	2026-06-05	2026-04-16
32	2024-08-07	px	ip	ppd-scrn	2026-06-05	2026-04-16
33	2024-04-17	dx	op	compl-preg4	2021-03-31	2026-12-28
33	2024-05-02	dx	op	preg-week-12	2021-03-31	2026-12-28
33	2024-05-02	dx	op	preg-care	2021-03-31	2026-12-28
33	2024-06-02	dx	ip	compl-preg4	2021-03-31	2026-12-28
33	2024-06-02	dx	op	compl-preg4	2021-03-31	2026-12-28
33	2024-06-05	dx	op	preg-week-17	2021-03-31	2026-12-28
33	2024-07-10	dx	ip	preg-week-22	2021-03-31	2026-12-28
33	2024-07-10	dx	op	preg-care	2021-03-31	2026-12-28
33	2024-08-06	dx	op	compl-preg4	2021-03-31	2026-12-28
33	2024-08-26	dx	ip	preg-care	2021-03-31	2026-12-28
33	2024-08-26	dx	op	preg-week-28	2021-03-31	2026-12-28
33	2024-10-12	dx	op	compl-preg4	2021-03-31	2026-12-28
33	2024-10-18	dx	op	preg-care	2021-03-31	2026-12-28
33	2024-10-18	dx	ip	preg-week-26	2021-03-31	2026-12-28
33	2024-10-29	dx	op	preg-week-37	2021-03-31	2026-12-28
33	2024-10-29	dx	op	birth-outcom	2021-03-31	2026-12-28
33	2024-10-29	dx	op	compl-preg4	2021-03-31	2026-12-28
34	2023-12-11	dx	op	hrp-care	2022-01-02	2026-06-21
34	2023-12-20	dx	ip	preg-week-08	2022-01-02	2026-06-21
34	2023-12-26	dx	op	preg-care	2022-01-02	2026-06-21
34	2023-12-26	dx	op	preg-week-08	2022-01-02	2026-06-21
34	2024-01-02	dx	op	preg-week-01	2022-01-02	2026-06-21
34	2024-01-03	dx	op	preg-week-01	2022-01-02	2026-06-21
34	2024-01-04	dx	op	hrp-care	2022-01-02	2026-06-21
34	2024-01-04	dx	op	ant-scrn	2022-01-02	2026-06-21
34	2024-01-11	dx	op	preg-care	2022-01-02	2026-06-21
34	2024-01-11	dx	ip	preg-week-09	2022-01-02	2026-06-21
34	2024-01-12	dx	op	preg-week-09	2022-01-02	2026-06-21
34	2024-01-17	dx	ip	preg-week-10	2022-01-02	2026-06-21
34	2024-01-17	dx	op	preg-care	2022-01-02	2026-06-21
34	2024-01-22	dx	op	preg-care	2022-01-02	2026-06-21
34	2024-01-22	dx	op	preg-week-10	2022-01-02	2026-06-21
34	2024-01-29	dx	ip	preg-week-11	2022-01-02	2026-06-21
34	2024-01-29	dx	op	preg-care	2022-01-02	2026-06-21
34	2024-02-12	dx	op	ant-scrn	2022-01-02	2026-06-21
34	2024-02-14	dx	op	preg-week-14	2022-01-02	2026-06-21
34	2024-02-14	dx	op	other-history	2022-01-02	2026-06-21
34	2024-02-21	dx	op	preg-care	2022-01-02	2026-06-21
34	2024-02-21	dx	op	preg-week-15	2022-01-02	2026-06-21
34	2024-03-12	dx	op	preg-week-17	2022-01-02	2026-06-21
34	2024-03-19	dx	op	preg-care	2022-01-02	2026-06-21
34	2024-04-05	dx	op	compl-preg4	2022-01-02	2026-06-21
34	2024-04-05	dx	op	preg-week-23	2022-01-02	2026-06-21
34	2024-04-22	dx	op	abrnl-fetus-care1	2022-01-02	2026-06-21
34	2024-04-26	dx	op	compl-preg4	2022-01-02	2026-06-21
34	2024-04-26	dx	op	abrnl-fetus-care2	2022-01-02	2026-06-21
34	2024-04-26	dx	op	preg-week-24	2022-01-02	2026-06-21
34	2024-04-26	dx	op	hrp-care	2022-01-02	2026-06-21
34	2024-05-08	dx	op	preg-week-26	2022-01-02	2026-06-21
34	2024-05-17	dx	op	preg-week-27	2022-01-02	2026-06-21
34	2024-05-17	dx	op	preg-care	2022-01-02	2026-06-21
34	2024-05-20	dx	op	preg-care	2022-01-02	2026-06-21
34	2024-05-20	dx	ip	preg-week-27	2022-01-02	2026-06-21
34	2024-05-28	dx	op	preg-care	2022-01-02	2026-06-21
34	2024-05-28	dx	op	preg-week-28	2022-01-02	2026-06-21
34	2024-05-29	dx	op	compl-preg4	2022-01-02	2026-06-21
34	2024-05-29	dx	op	preg-week-29	2022-01-02	2026-06-21
34	2024-05-29	dx	op	incidental, preg-unplnd	2022-01-02	2026-06-21
34	2024-06-17	dx	op	preg-care	2022-01-02	2026-06-21
34	2024-06-17	dx	op	preg-week-31	2022-01-02	2026-06-21
34	2024-06-24	dx	op	preg-care	2022-01-02	2026-06-21
34	2024-07-09	dx	op	preg-care	2022-01-02	2026-06-21
34	2024-07-09	dx	op	preg-week-34	2022-01-02	2026-06-21
34	2024-07-12	dx	ip	hrp-care	2022-01-02	2026-06-21
34	2024-07-16	dx	op	hrp-care	2022-01-02	2026-06-21
34	2024-07-17	dx	op	preg-care	2022-01-02	2026-06-21
34	2024-07-19	dx	op	preg-week-36	2022-01-02	2026-06-21
34	2024-07-19	dx	ip	diab-preg	2022-01-02	2026-06-21
34	2024-07-19	dx	ip	hrp-care	2022-01-02	2026-06-21
34	2024-07-23	dx	ip	hrp-care	2022-01-02	2026-06-21
34	2024-07-30	dx	op	hrp-care	2022-01-02	2026-06-21
34	2024-07-31	dx	op	preg-week-37	2022-01-02	2026-06-21
34	2024-07-31	dx	op	abrnl-fetus-care2	2022-01-02	2026-06-21
34	2024-07-31	dx	op	hrp-care	2022-01-02	2026-06-21
34	2024-08-02	dx	op	preg-week-38	2022-01-02	2026-06-21
34	2024-08-02	dx	op	hrp-care	2022-01-02	2026-06-21
34	2024-08-03	dx	op	ant-scrn	2022-01-02	2026-06-21
34	2024-08-03	dx	ip	birth	2022-01-02	2026-06-21
34	2024-08-03	px	op	birth-px	2022-01-02	2026-06-21
34	2024-08-03	dx	op	birth-outcom	2022-01-02	2026-06-21
34	2024-08-03	dx	op	compl-preg4	2022-01-02	2026-06-21
34	2024-08-03	dx	op	preg-week-00	2022-01-02	2026-06-21
34	2024-08-06	dx	op	post-care	2022-01-02	2026-06-21
35	2023-11-29	dx	op	preg-care	2010-11-19	2026-07-27
35	2023-11-29	dx	op	preg-week-08	2010-11-19	2026-07-27
35	2023-12-28	dx	op	abrnl-fetus-care2	2010-11-19	2026-07-27
35	2023-12-28	dx	op	preg-week-13	2010-11-19	2026-07-27
35	2024-01-03	dx	op	preg-care	2010-11-19	2026-07-27
35	2024-01-03	dx	op	preg-week-13	2010-11-19	2026-07-27
35	2024-01-26	dx	op	ant-scrn	2010-11-19	2026-07-27
35	2024-02-14	dx	op	preg-week-19	2010-11-19	2026-07-27
35	2024-02-14	dx	op	ant-scrn	2010-11-19	2026-07-27
35	2024-02-23	dx	ip	preg-care	2010-11-19	2026-07-27
35	2024-02-23	dx	ip	preg-week-20	2010-11-19	2026-07-27
35	2024-03-22	dx	ip	ant-scrn	2010-11-19	2026-07-27
35	2024-03-22	dx	op	preg-care	2010-11-19	2026-07-27
35	2024-04-19	dx	op	preg-week-28	2010-11-19	2026-07-27
35	2024-05-22	dx	op	ant-scrn	2010-11-19	2026-07-27
35	2024-05-22	dx	op	preg-care	2010-11-19	2026-07-27
35	2024-06-07	dx	op	preg-week-35	2010-11-19	2026-07-27
35	2024-06-07	dx	op	ant-scrn	2010-11-19	2026-07-27
35	2024-06-13	dx	op	ant-scrn	2010-11-19	2026-07-27
35	2024-06-13	dx	op	preg-care	2010-11-19	2026-07-27
35	2024-06-19	dx	op	ant-scrn	2010-11-19	2026-07-27
35	2024-06-19	dx	op	preg-care	2010-11-19	2026-07-27
35	2024-06-27	dx	op	preg-care	2010-11-19	2026-07-27
35	2024-06-27	dx	op	preg-week-38	2010-11-19	2026-07-27
35	2024-07-05	dx	op	preg-care	2010-11-19	2026-07-27
35	2024-07-05	dx	op	preg-week-39	2010-11-19	2026-07-27
35	2024-07-10	dx	op	ant-scrn	2010-11-19	2026-07-27
35	2024-07-10	dx	op	preg-care	2010-11-19	2026-07-27
35	2024-07-10	dx	op	preg-week-40	2010-11-19	2026-07-27
35	2024-07-11	dx	op	preg-week-00	2010-11-19	2026-07-27
35	2024-07-11	dx	op	birth	2010-11-19	2026-07-27
35	2024-07-11	dx	op	birth-outcom	2010-11-19	2026-07-27
35	2024-07-11	dx	op	preg-week-40	2010-11-19	2026-07-27
35	2024-07-12	dx	op	birth-outcom	2010-11-19	2026-07-27
35	2024-07-12	px	op	birth-px	2010-11-19	2026-07-27
35	2024-07-12	dx	op	trauma	2010-11-19	2026-07-27
35	2024-07-12	dx	op	preg-week-40	2010-11-19	2026-07-27
35	2024-07-15	dx	op	m-hypert	2010-11-19	2026-07-27
35	2024-07-15	dx	op	g-hypert-p	2010-11-19	2026-07-27
35	2024-07-16	dx	op	m-hypert	2010-11-19	2026-07-27
35	2024-07-17	dx	op	m-hypert	2010-11-19	2026-07-27
35	2024-07-29	dx	op	post-care	2010-11-19	2026-07-27
35	2024-08-23	dx	op	post-care	2010-11-19	2026-07-27
36	2022-08-04	px	op	birth-px	2015-04-07	2026-10-02
36	2022-08-08	tx_px	op	psy-thrp	2015-04-07	2026-10-02
36	2022-08-15	tx_px	op	psy-thrp	2015-04-07	2026-10-02
36	2022-08-22	tx_px	op	psy-thrp	2015-04-07	2026-10-02
36	2022-09-26	tx_px	ip	psy-thrp	2015-04-07	2026-10-02
36	2022-10-03	tx_px	op	psy-thrp	2015-04-07	2026-10-02
36	2022-10-17	tx_px	op	psy-thrp	2015-04-07	2026-10-02
36	2022-10-24	tx_px	op	psy-thrp	2015-04-07	2026-10-02
36	2022-11-14	tx_px	ip	psy-thrp	2015-04-07	2026-10-02
36	2022-11-17	dx	op	preg-week-01	2015-04-07	2026-10-02
36	2022-11-17	dx	op	abrnl-fetus-care2	2015-04-07	2026-10-02
36	2022-11-21	tx_px	op	psy-thrp	2015-04-07	2026-10-02
36	2022-12-01	dx	ip	preg-week-08	2015-04-07	2026-10-02
36	2022-12-01	dx	op	preg-care	2015-04-07	2026-10-02
36	2022-12-05	tx_px	op	psy-thrp	2015-04-07	2026-10-02
36	2022-12-19	tx_px	op	psy-thrp	2015-04-07	2026-10-02
36	2023-01-09	tx_px	op	psy-thrp	2015-04-07	2026-10-02
36	2023-01-23	tx_px	op	psy-thrp	2015-04-07	2026-10-02
36	2023-02-10	dx	op	ant-scrn	2015-04-07	2026-10-02
36	2023-03-09	tx_px	op	psy-thrp	2015-04-07	2026-10-02
36	2023-04-03	tx_px	op	psy-thrp	2015-04-07	2026-10-02
36	2023-05-03	tx_px	op	psy-thrp	2015-04-07	2026-10-02
36	2023-05-05	dx	op	incidental, preg-unplnd	2015-04-07	2026-10-02
36	2023-05-17	tx_px	op	psy-thrp	2015-04-07	2026-10-02
36	2023-06-12	tx_px	op	psy-thrp	2015-04-07	2026-10-02
36	2023-06-15	dx	op	preg-week-36	2015-04-07	2026-10-02
36	2023-07-01	dx	op	preg-week-39	2015-04-07	2026-10-02
36	2023-07-01	px	op	birth-px	2015-04-07	2026-10-02
36	2023-07-01	dx	ip	g-hypert	2015-04-07	2026-10-02
36	2023-07-01	dx	op	birth-outcom	2015-04-07	2026-10-02
36	2023-07-06	dx	ip	g-hypert-p	2015-04-07	2026-10-02
36	2023-09-18	tx_px	op	psy-thrp	2015-04-07	2026-10-02
36	2024-01-22	px	op	ppd-scrn	2015-04-07	2026-10-02
36	2024-01-22	dx	op	spl-scrn	2015-04-07	2026-10-02
36	2024-09-12	dx	op	abrnl-fetus-care2	2015-04-07	2026-10-02
36	2024-09-12	dx	ip	preg-week-10	2015-04-07	2026-10-02
36	2024-09-13	dx	op	hrp-care	2015-04-07	2026-10-02
36	2024-09-13	dx	op	preg-care	2015-04-07	2026-10-02
36	2024-11-11	dx	op	ant-scrn	2015-04-07	2026-10-02
36	2024-11-11	px	op	birth-px	2015-04-07	2026-10-02
36	2024-11-18	tx_px	ip	psy-thrp	2015-04-07	2026-10-02
36	2024-11-20	dx	op	ant-scrn	2015-04-07	2026-10-02
36	2024-11-25	tx_px	op	psy-thrp	2015-04-07	2026-10-02
36	2024-12-03	tx_px	op	psy-thrp	2015-04-07	2026-10-02
36	2024-12-10	tx_px	ip	psy-thrp	2015-04-07	2026-10-02
36	2024-12-17	tx_px	op	psy-thrp	2015-04-07	2026-10-02
36	2024-12-27	tx_px	op	psy-thrp	2015-04-07	2026-10-02
36	2024-12-31	tx_px	op	psy-thrp	2015-04-07	2026-10-02
36	2025-01-06	dx	op	preg-care	2015-04-07	2026-10-02
36	2025-01-06	dx	op	incidental, preg-unplnd	2015-04-07	2026-10-02
36	2025-01-07	tx_px	op	psy-thrp	2015-04-07	2026-10-02
36	2025-01-14	tx_px	op	psy-thrp	2015-04-07	2026-10-02
36	2025-01-21	tx_px	op	psy-thrp	2015-04-07	2026-10-02
36	2025-01-28	tx_px	op	psy-thrp	2015-04-07	2026-10-02
36	2025-02-04	tx_px	op	psy-thrp	2015-04-07	2026-10-02
36	2025-02-18	tx_px	op	psy-thrp	2015-04-07	2026-10-02
36	2025-02-18	dx	op	preg-week-32	2015-04-07	2026-10-02
36	2025-02-25	tx_px	op	psy-thrp	2015-04-07	2026-10-02
36	2025-03-04	tx_px	op	psy-thrp	2015-04-07	2026-10-02
36	2025-03-12	dx	op	m-hypert	2015-04-07	2026-10-02
36	2025-03-12	dx	op	preg-week-36	2015-04-07	2026-10-02
36	2025-03-12	dx	op	g-hypert	2015-04-07	2026-10-02
36	2025-03-17	dx	ip	preg-week-37	2015-04-07	2026-10-02
36	2025-03-17	dx	op	g-hypert	2015-04-07	2026-10-02
36	2025-03-18	dx	op	g-hypert	2015-04-07	2026-10-02
36	2025-03-18	tx_px	ip	psy-thrp	2015-04-07	2026-10-02
36	2025-03-18	dx	op	compl-preg4	2015-04-07	2026-10-02
36	2025-03-18	dx	op	birth-outcom	2015-04-07	2026-10-02
36	2025-03-20	dx	op	g-hypert	2015-04-07	2026-10-02
36	2025-03-20	dx	ip	birth-outcom	2015-04-07	2026-10-02
36	2025-03-20	px	op	birth-px	2015-04-07	2026-10-02
36	2025-03-20	dx	op	preg-week-37	2015-04-07	2026-10-02
36	2025-03-25	tx_px	op	psy-thrp	2015-04-07	2026-10-02
36	2025-03-28	dx	op	post-care	2015-04-07	2026-10-02
36	2025-04-01	tx_px	op	psy-thrp	2015-04-07	2026-10-02
36	2025-04-15	tx_px	op	psy-thrp	2015-04-07	2026-10-02
36	2025-04-22	tx_px	op	psy-thrp	2015-04-07	2026-10-02
36	2025-04-29	tx_px	op	psy-thrp	2015-04-07	2026-10-02
36	2025-05-13	tx_px	op	psy-thrp	2015-04-07	2026-10-02
36	2025-05-27	tx_px	op	psy-thrp	2015-04-07	2026-10-02
37	2022-01-26	tx_rx	pharmacy	SERTRALINE	2010-02-20	2026-12-11
37	2022-02-22	tx_rx	pharmacy	SERTRALINE	2010-02-20	2026-12-11
37	2022-03-17	tx_rx	pharmacy	SERTRALINE	2010-02-20	2026-12-11
37	2022-06-22	tx_rx	pharmacy	SERTRALINE	2010-02-20	2026-12-11
37	2022-09-24	tx_rx	pharmacy	SERTRALINE	2010-02-20	2026-12-11
37	2022-12-22	tx_rx	pharmacy	SERTRALINE	2010-02-20	2026-12-11
37	2023-03-21	tx_rx	pharmacy	SERTRALINE	2010-02-20	2026-12-11
37	2023-06-19	tx_rx	pharmacy	SERTRALINE	2010-02-20	2026-12-11
37	2023-08-16	tx_rx	pharmacy	SERTRALINE	2010-02-20	2026-12-11
37	2023-11-25	tx_rx	pharmacy	SERTRALINE	2010-02-20	2026-12-11
37	2024-02-08	dx	op	preg-care	2010-02-20	2026-12-11
37	2024-02-08	dx	ip	spl-scrn	2010-02-20	2026-12-11
37	2024-02-08	px	ip	birth-px	2010-02-20	2026-12-11
37	2024-03-06	dx	op	preg-care	2010-02-20	2026-12-11
37	2024-03-23	tx_rx	pharmacy	SERTRALINE	2010-02-20	2026-12-11
37	2024-04-03	dx	op	preg-care	2010-02-20	2026-12-11
37	2024-05-03	dx	op	ant-scrn	2010-02-20	2026-12-11
37	2024-05-03	dx	op	preg-care	2010-02-20	2026-12-11
37	2024-06-23	tx_rx	pharmacy	SERTRALINE	2010-02-20	2026-12-11
37	2024-06-24	dx	op	placenta-prob	2010-02-20	2026-12-11
37	2024-08-21	dx	op	placenta-prob	2010-02-20	2026-12-11
37	2024-08-21	dx	op	preg-week-36	2010-02-20	2026-12-11
37	2024-08-21	dx	op	preg-care	2010-02-20	2026-12-11
37	2024-09-04	dx	op	birth-outcom	2010-02-20	2026-12-11
37	2024-09-04	dx	op	compl-preg4	2010-02-20	2026-12-11
37	2024-09-05	px	op	birth-px	2010-02-20	2026-12-11
37	2024-09-05	dx	op	preg-week-38	2010-02-20	2026-12-11
37	2024-09-05	dx	op	birth-outcom	2010-02-20	2026-12-11
37	2024-10-02	tx_rx	pharmacy	SERTRALINE	2010-02-20	2026-12-11
37	2024-10-15	tx_rx	pharmacy	SERTRALINE	2010-02-20	2026-12-11
37	2024-10-16	px	op	birth-px	2010-02-20	2026-12-11
37	2024-10-16	dx	op	spl-scrn	2010-02-20	2026-12-11
37	2025-02-13	tx_rx	pharmacy	SERTRALINE	2010-02-20	2026-12-11
37	2025-05-27	tx_rx	pharmacy	SERTRALINE	2010-02-20	2026-12-11
38	2022-10-10	dx	op	preg-care	2016-02-21	2026-04-22
38	2022-10-17	dx	op	preg-week-01	2016-02-21	2026-04-22
38	2022-10-17	dx	ip	hemo-preg	2016-02-21	2026-04-22
38	2022-10-20	dx	op	hemo-preg	2016-02-21	2026-04-22
38	2022-10-20	dx	op	preg-week-01	2016-02-21	2026-04-22
38	2024-11-06	dx	ip	preg-week-11	2016-02-21	2026-04-22
38	2024-11-06	dx	op	vomit-preg	2016-02-21	2026-04-22
38	2024-11-06	dx	ip	abrnl-fetus-care2	2016-02-21	2026-04-22
38	2025-05-18	dx	op	preg-week-38	2016-02-21	2026-04-22
38	2025-05-18	dx	op	prem-rupt	2016-02-21	2026-04-22
38	2025-05-19	px	op	birth-px	2016-02-21	2026-04-22
38	2025-05-19	dx	ip	prem-rupt	2016-02-21	2026-04-22
38	2025-05-19	dx	op	compl-preg4	2016-02-21	2026-04-22
38	2025-05-19	dx	op	birth-outcom	2016-02-21	2026-04-22
38	2025-05-19	dx	op	preg-week-38	2016-02-21	2026-04-22
38	2025-05-20	dx	ip	birth	2016-02-21	2026-04-22
39	2024-07-31	dx	op	hrp-care	2026-12-19	2026-07-27
39	2024-07-31	dx	op	preg-week-09	2026-12-19	2026-07-27
39	2024-07-31	dx	op	placenta-prev	2026-12-19	2026-07-27
39	2024-08-14	dx	op	hrp-care	2026-12-19	2026-07-27
39	2024-08-29	dx	op	hrp-care	2026-12-19	2026-07-27
39	2024-08-29	dx	op	preg-week-13	2026-12-19	2026-07-27
39	2024-08-29	dx	op	compl-preg4	2026-12-19	2026-07-27
39	2024-10-02	dx	op	preg-week-18	2026-12-19	2026-07-27
39	2024-10-02	dx	ip	hrp-care	2026-12-19	2026-07-27
39	2024-10-20	dx	ip	compl-preg4	2026-12-19	2026-07-27
39	2024-10-20	dx	op	compl-preg4	2026-12-19	2026-07-27
39	2024-10-20	dx	op	hrp-care	2026-12-19	2026-07-27
39	2024-11-26	dx	ip	preg-care	2026-12-19	2026-07-27
39	2024-11-26	dx	op	hrp-care	2026-12-19	2026-07-27
39	2024-11-26	dx	op	compl-preg4	2026-12-19	2026-07-27
39	2024-12-05	dx	op	hrp-care	2026-12-19	2026-07-27
39	2024-12-05	dx	ip	compl-preg4	2026-12-19	2026-07-27
39	2024-12-17	dx	op	compl-preg4	2026-12-19	2026-07-27
39	2024-12-24	dx	ip	compl-preg4	2026-12-19	2026-07-27
39	2024-12-24	dx	ip	hrp-care	2026-12-19	2026-07-27
39	2024-12-24	dx	ip	diab-preg	2026-12-19	2026-07-27
39	2024-12-24	dx	op	hrp-care	2026-12-19	2026-07-27
39	2025-01-07	dx	op	hrp-care	2026-12-19	2026-07-27
39	2025-01-07	dx	op	diab-preg	2026-12-19	2026-07-27
39	2025-01-15	dx	op	preg-week-34	2026-12-19	2026-07-27
39	2025-01-15	dx	op	preg-week-33	2026-12-19	2026-07-27
39	2025-01-15	dx	op	diab-preg	2026-12-19	2026-07-27
39	2025-01-15	dx	op	hrp-care	2026-12-19	2026-07-27
39	2025-01-18	dx	op	diab-preg	2026-12-19	2026-07-27
39	2025-01-18	dx	op	abrnl-fetus-care2	2026-12-19	2026-07-27
39	2025-01-18	dx	op	hrp-care	2026-12-19	2026-07-27
39	2025-01-21	dx	op	hrp-care	2026-12-19	2026-07-27
39	2025-01-21	dx	op	diab-preg	2026-12-19	2026-07-27
39	2025-01-21	dx	op	compl-preg4	2026-12-19	2026-07-27
39	2025-02-04	dx	op	diab-preg	2026-12-19	2026-07-27
39	2025-02-04	dx	ip	preg-week-36	2026-12-19	2026-07-27
39	2025-02-04	dx	op	hrp-care	2026-12-19	2026-07-27
39	2025-02-11	dx	op	hrp-care	2026-12-19	2026-07-27
39	2025-02-11	dx	op	diab-preg	2026-12-19	2026-07-27
39	2025-02-18	dx	op	hrp-care	2026-12-19	2026-07-27
39	2025-02-18	dx	op	diab-preg	2026-12-19	2026-07-27
39	2025-02-18	dx	op	preg-week-38	2026-12-19	2026-07-27
39	2025-02-25	dx	op	hrp-care	2026-12-19	2026-07-27
39	2025-02-25	dx	op	diab-preg	2026-12-19	2026-07-27
39	2025-02-25	dx	ip	hrp-care	2026-12-19	2026-07-27
39	2025-02-25	dx	op	preg-week-39	2026-12-19	2026-07-27
39	2025-02-27	dx	op	hrp-care	2026-12-19	2026-07-27
39	2025-02-27	dx	ip	diab-preg	2026-12-19	2026-07-27
39	2025-02-28	dx	ip	hrp-care	2026-12-19	2026-07-27
39	2025-02-28	dx	op	hrp-care	2026-12-19	2026-07-27
39	2025-02-28	dx	op	birth-outcom	2026-12-19	2026-07-27
39	2025-02-28	dx	op	prem-rupt	2026-12-19	2026-07-27
39	2025-02-28	dx	op	compl-preg4	2026-12-19	2026-07-27
39	2025-02-28	dx	op	preg-week-39	2026-12-19	2026-07-27
39	2025-02-28	px	ip	birth-px	2026-12-19	2026-07-27
40	2024-04-03	dx	ip	r-mdd	2017-08-21	2026-08-15
40	2024-04-23	dx	op	r-mdd	2017-08-21	2026-08-15
40	2024-04-23	tx_rx	pharmacy	MIRTAZAPINE	2017-08-21	2026-08-15
40	2024-05-02	px	op	birth-px	2017-08-21	2026-08-15
40	2024-05-02	dx	op	r-mdd	2017-08-21	2026-08-15
40	2024-05-03	dx	op	r-mdd	2017-08-21	2026-08-15
40	2024-05-09	dx	op	r-mdd	2017-08-21	2026-08-15
40	2024-05-13	dx	op	r-mdd	2017-08-21	2026-08-15
40	2024-06-07	dx	op	r-mdd	2017-08-21	2026-08-15
40	2024-06-14	tx_rx	pharmacy	MIRTAZAPINE	2017-08-21	2026-08-15
40	2024-06-29	dx	op	r-mdd	2017-08-21	2026-08-15
40	2024-07-10	tx_rx	pharmacy	MIRTAZAPINE	2017-08-21	2026-08-15
40	2024-07-12	dx	op	r-mdd	2017-08-21	2026-08-15
40	2024-07-28	dx	ip	spl-scrn	2017-08-21	2026-08-15
40	2024-07-28	px	ip	birth-px	2017-08-21	2026-08-15
40	2024-08-21	tx_px	op	psy-thrp	2017-08-21	2026-08-15
40	2024-08-21	dx	op	r-mdd	2017-08-21	2026-08-15
40	2024-08-27	dx	op	preg-care	2017-08-21	2026-08-15
40	2024-08-27	dx	op	incidental, preg-unplnd	2017-08-21	2026-08-15
40	2024-09-25	dx	op	ant-scrn	2017-08-21	2026-08-15
40	2024-09-25	dx	op	preg-week-11	2017-08-21	2026-08-15
40	2024-09-25	dx	op	abrnl-fetus-care1	2017-08-21	2026-08-15
40	2024-09-25	dx	op	hrp-care	2017-08-21	2026-08-15
40	2024-09-26	dx	op	hrp-care	2017-08-21	2026-08-15
40	2024-10-09	dx	op	ant-scrn	2017-08-21	2026-08-15
40	2024-10-18	px	op	ppd-scrn	2017-08-21	2026-08-15
40	2024-10-18	dx	op	hrp-care	2017-08-21	2026-08-15
40	2024-10-29	dx	op	hrp-care	2017-08-21	2026-08-15
40	2024-10-29	dx	op	ant-scrn	2017-08-21	2026-08-15
40	2024-10-29	dx	op	preg-week-16	2017-08-21	2026-08-15
40	2024-11-12	dx	op	preg-week-18	2017-08-21	2026-08-15
40	2024-11-15	px	op	ppd-scrn	2017-08-21	2026-08-15
40	2024-11-15	dx	op	hrp-care	2017-08-21	2026-08-15
40	2024-11-26	dx	op	ant-scrn	2017-08-21	2026-08-15
40	2024-12-03	dx	op	hrp-care	2017-08-21	2026-08-15
40	2024-12-03	dx	op	ant-scrn	2017-08-21	2026-08-15
40	2024-12-03	dx	op	preg-week-20	2017-08-21	2026-08-15
40	2024-12-13	px	op	ppd-scrn	2017-08-21	2026-08-15
40	2024-12-13	dx	op	hrp-care	2017-08-21	2026-08-15
40	2025-01-07	dx	op	preg-week-26	2017-08-21	2026-08-15
40	2025-01-07	dx	op	abrnl-fetus-care1	2017-08-21	2026-08-15
40	2025-01-07	dx	op	hrp-care	2017-08-21	2026-08-15
40	2025-01-09	dx	op	preg-week-27	2017-08-21	2026-08-15
40	2025-01-09	dx	op	ant-scrn	2017-08-21	2026-08-15
40	2025-01-09	dx	ip	abrnl-fetus-care1	2017-08-21	2026-08-15
40	2025-01-09	dx	op	hrp-care	2017-08-21	2026-08-15
40	2025-01-10	px	ip	ppd-scrn	2017-08-21	2026-08-15
40	2025-01-10	dx	op	hrp-care	2017-08-21	2026-08-15
40	2025-01-24	dx	op	hrp-care	2017-08-21	2026-08-15
40	2025-01-24	px	op	ppd-scrn	2017-08-21	2026-08-15
40	2025-02-07	dx	op	hrp-care	2017-08-21	2026-08-15
40	2025-02-07	px	op	ppd-scrn	2017-08-21	2026-08-15
40	2025-02-07	dx	op	preg-week-30	2017-08-21	2026-08-15
40	2025-02-10	dx	op	hrp-care	2017-08-21	2026-08-15
40	2025-02-10	dx	ip	preg-week-31	2017-08-21	2026-08-15
40	2025-02-18	dx	ip	pe-hypert	2017-08-21	2026-08-15
40	2025-02-18	dx	ip	ant-scrn	2017-08-21	2026-08-15
40	2025-02-18	dx	op	compl-preg4	2017-08-21	2026-08-15
40	2025-02-18	dx	op	pe-hypert	2017-08-21	2026-08-15
40	2025-02-18	dx	ip	birth-outcom	2017-08-21	2026-08-15
40	2025-02-19	dx	op	pe-hypert	2017-08-21	2026-08-15
40	2025-02-20	dx	op	pe-hypert	2017-08-21	2026-08-15
40	2025-02-21	px	op	birth-px	2017-08-21	2026-08-15
40	2025-02-21	dx	op	placenta-prob	2017-08-21	2026-08-15
40	2025-02-21	dx	op	pe-hypert	2017-08-21	2026-08-15
40	2025-02-21	dx	op	g-hypert-p	2017-08-21	2026-08-15
40	2025-02-21	dx	op	preg-week-32	2017-08-21	2026-08-15
40	2025-02-21	dx	ip	birth-outcom	2017-08-21	2026-08-15
40	2025-02-22	dx	op	pe-hypert	2017-08-21	2026-08-15
40	2025-02-22	dx	ip	birth	2017-08-21	2026-08-15
40	2025-02-22	dx	ip	compl-preg4	2017-08-21	2026-08-15
40	2025-02-23	dx	op	pe-hypert	2017-08-21	2026-08-15
40	2025-02-24	dx	op	pe-hypert	2017-08-21	2026-08-15
40	2025-04-04	px	op	ppd-scrn	2017-08-21	2026-08-15
41	2023-01-13	px	op	birth-px	2011-02-09	2026-06-21
41	2023-01-13	tx_rx	pharmacy	SERTRALINE	2011-02-09	2026-06-21
41	2023-02-26	tx_rx	pharmacy	SERTRALINE	2011-02-09	2026-06-21
41	2024-05-21	px	op	birth-px	2011-02-09	2026-06-21
41	2024-06-03	dx	op	preg-care	2011-02-09	2026-06-21
41	2024-06-03	px	op	birth-px	2011-02-09	2026-06-21
41	2024-06-04	dx	op	abrnl-fetus-care2	2011-02-09	2026-06-21
41	2024-06-04	dx	op	preg-week-15	2011-02-09	2026-06-21
41	2024-06-04	dx	op	compl-preg4	2011-02-09	2026-06-21
41	2024-07-02	dx	op	abrnl-preg2	2011-02-09	2026-06-21
41	2024-07-02	dx	op	preg-care	2011-02-09	2026-06-21
41	2024-07-03	dx	op	compl-preg4	2011-02-09	2026-06-21
41	2024-07-03	dx	ip	preg-week-19	2011-02-09	2026-06-21
41	2024-08-05	dx	op	compl-preg4	2011-02-09	2026-06-21
41	2024-08-05	dx	op	preg-week-23	2011-02-09	2026-06-21
41	2024-08-07	dx	op	preg-care	2011-02-09	2026-06-21
41	2024-08-07	dx	op	preg-week-24	2011-02-09	2026-06-21
41	2024-09-04	dx	op	preg-week-28	2011-02-09	2026-06-21
41	2024-09-04	dx	op	compl-preg4	2011-02-09	2026-06-21
41	2024-09-05	dx	op	abrnl-preg2	2011-02-09	2026-06-21
41	2024-09-05	dx	op	hrp-care	2011-02-09	2026-06-21
41	2024-09-05	dx	ip	preg-care	2011-02-09	2026-06-21
41	2024-09-12	dx	op	compl-preg4	2011-02-09	2026-06-21
41	2024-09-19	dx	op	abrnl-preg2	2011-02-09	2026-06-21
41	2024-09-19	dx	op	hrp-care	2011-02-09	2026-06-21
41	2024-09-19	dx	op	compl-preg4	2011-02-09	2026-06-21
41	2024-10-17	dx	ip	hrp-care	2011-02-09	2026-06-21
41	2024-10-17	dx	op	compl-preg4	2011-02-09	2026-06-21
41	2024-10-17	dx	op	preg-week-34	2011-02-09	2026-06-21
41	2024-11-06	dx	op	hrp-care	2011-02-09	2026-06-21
41	2024-11-06	dx	op	preg-week-37	2011-02-09	2026-06-21
41	2024-11-13	dx	op	hrp-care	2011-02-09	2026-06-21
41	2024-11-13	dx	op	preg-week-38	2011-02-09	2026-06-21
41	2024-11-20	dx	op	hrp-care	2011-02-09	2026-06-21
41	2024-11-20	dx	ip	preg-week-39	2011-02-09	2026-06-21
41	2024-11-26	dx	op	hrp-care	2011-02-09	2026-06-21
41	2024-11-26	dx	op	abrnl-preg2	2011-02-09	2026-06-21
41	2024-12-02	dx	op	preg-week-40	2011-02-09	2026-06-21
41	2024-12-04	dx	op	birth-outcom	2011-02-09	2026-06-21
41	2024-12-04	dx	ip	preg-week-41	2011-02-09	2026-06-21
41	2024-12-04	dx	op	f-abort	2011-02-09	2026-06-21
41	2024-12-05	dx	ip	birth-outcom	2011-02-09	2026-06-21
41	2024-12-05	px	ip	birth-px	2011-02-09	2026-06-21
41	2024-12-05	dx	op	preg-week-41	2011-02-09	2026-06-21
41	2024-12-05	dx	op	f-abort	2011-02-09	2026-06-21
41	2024-12-06	dx	op	compl-preg4	2011-02-09	2026-06-21
41	2024-12-06	dx	op	post-care	2011-02-09	2026-06-21
41	2024-12-20	px	op	birth-px	2011-02-09	2026-06-21
41	2025-01-09	dx	op	post-care	2011-02-09	2026-06-21
42	2024-01-03	dx	op	ant-scrn	2010-07-10	2026-06-06
42	2024-01-03	dx	op	preg-care	2010-07-10	2026-06-06
42	2024-01-31	dx	op	preg-care	2010-07-10	2026-06-06
42	2024-02-27	dx	op	preg-week-19	2010-07-10	2026-06-06
42	2024-02-27	dx	op	abrnl-preg2	2010-07-10	2026-06-06
42	2024-03-01	dx	op	ant-scrn	2010-07-10	2026-06-06
42	2024-03-01	dx	op	abrnl-preg2	2010-07-10	2026-06-06
42	2024-03-01	dx	op	preg-week-20	2010-07-10	2026-06-06
42	2024-04-12	dx	op	ant-scrn	2010-07-10	2026-06-06
42	2024-04-12	dx	op	abrnl-preg2	2010-07-10	2026-06-06
42	2024-04-12	dx	ip	preg-week-26	2010-07-10	2026-06-06
42	2024-04-22	dx	op	preg-care	2010-07-10	2026-06-06
42	2024-05-10	dx	op	ant-scrn	2010-07-10	2026-06-06
42	2024-05-10	dx	ip	diab-preg	2010-07-10	2026-06-06
42	2024-05-10	dx	op	abrnl-preg2	2010-07-10	2026-06-06
42	2024-05-10	dx	op	preg-week-30	2010-07-10	2026-06-06
42	2024-05-14	dx	op	diab-preg	2010-07-10	2026-06-06
42	2024-05-14	dx	op	preg-week-30	2010-07-10	2026-06-06
42	2024-06-07	dx	op	ant-scrn	2010-07-10	2026-06-06
42	2024-06-07	dx	op	diab-preg	2010-07-10	2026-06-06
42	2024-06-07	dx	op	preg-week-34	2010-07-10	2026-06-06
42	2024-06-24	dx	op	diab-preg	2010-07-10	2026-06-06
42	2024-06-24	dx	op	ant-scrn	2010-07-10	2026-06-06
42	2024-07-01	dx	ip	diab-preg	2010-07-10	2026-06-06
42	2024-07-08	dx	op	diab-preg	2010-07-10	2026-06-06
42	2024-07-15	dx	op	diab-preg	2010-07-10	2026-06-06
42	2024-07-17	px	op	birth-px	2010-07-10	2026-06-06
43	2024-09-10	dx	op	preg-week-29	2021-02-20	2026-08-02
43	2024-09-10	dx	op	compl-preg4	2021-02-20	2026-08-02
43	2024-09-13	dx	op	preg-week-30	2021-02-20	2026-08-02
43	2024-10-23	dx	op	abrnl-fetus-care1	2021-02-20	2026-08-02
43	2024-11-19	px	op	birth-px	2021-02-20	2026-08-02
43	2024-11-19	dx	op	post-care	2021-02-20	2026-08-02
43	2024-11-19	dx	op	compl-preg4	2021-02-20	2026-08-02
43	2024-11-19	dx	op	birth-outcom	2021-02-20	2026-08-02
43	2025-05-30	dx	op	hrp-care	2021-02-20	2026-08-02
44	2023-05-08	dx	op	compl-preg4	2017-07-07	2026-11-17
44	2023-05-08	dx	op	hemo-preg	2017-07-07	2026-11-17
44	2023-05-08	dx	op	preg-week-01	2017-07-07	2026-11-17
44	2023-05-11	dx	op	preg-week-01	2017-07-07	2026-11-17
44	2023-05-11	dx	op	abrnl-fetus-care2	2017-07-07	2026-11-17
44	2023-05-11	px	op	birth-px	2017-07-07	2026-11-17
44	2023-05-11	dx	op	s-abort	2017-07-07	2026-11-17
44	2023-12-06	dx	op	preg-care	2017-07-07	2026-11-17
44	2023-12-15	dx	op	hemo-preg	2017-07-07	2026-11-17
44	2023-12-15	dx	op	preg-week-01	2017-07-07	2026-11-17
44	2023-12-26	dx	op	preg-week-08	2017-07-07	2026-11-17
44	2023-12-26	dx	op	compl-preg4	2017-07-07	2026-11-17
44	2024-01-05	dx	op	compl-preg4	2017-07-07	2026-11-17
44	2024-01-22	dx	op	compl-preg4	2017-07-07	2026-11-17
44	2024-04-05	dx	op	preg-week-22	2017-07-07	2026-11-17
44	2024-04-17	dx	op	compl-preg4	2017-07-07	2026-11-17
44	2024-06-08	dx	ip	preg-week-31	2017-07-07	2026-11-17
44	2024-07-22	dx	op	preg-week-38	2017-07-07	2026-11-17
44	2024-07-22	dx	ip	birth-outcom	2017-07-07	2026-11-17
44	2024-07-22	dx	ip	compl-preg4	2017-07-07	2026-11-17
45	2024-06-29	dx	op	preg-week-11	2016-01-01	2026-07-23
45	2024-08-15	dx	ip	vomit-preg	2016-01-01	2026-07-23
45	2024-08-15	dx	op	preg-week-17	2016-01-01	2026-07-23
45	2024-08-16	dx	op	ant-scrn	2016-01-01	2026-07-23
45	2024-09-10	dx	op	placenta-prev	2016-01-01	2026-07-23
45	2024-09-10	dx	op	preg-week-21	2016-01-01	2026-07-23
45	2024-10-15	dx	op	compl-preg4	2016-01-01	2026-07-23
45	2024-10-15	dx	op	preg-week-26	2016-01-01	2026-07-23
45	2024-10-15	dx	op	placenta-prev	2016-01-01	2026-07-23
45	2024-10-28	dx	op	placenta-prev	2016-01-01	2026-07-23
45	2024-10-28	dx	ip	preg-week-28	2016-01-01	2026-07-23
45	2024-11-19	dx	op	preg-week-31	2016-01-01	2026-07-23
45	2024-11-19	dx	op	hrp-care	2016-01-01	2026-07-23
45	2024-12-02	dx	op	preg-week-33	2016-01-01	2026-07-23
45	2024-12-02	dx	op	hrp-care	2016-01-01	2026-07-23
45	2024-12-16	dx	op	hrp-care	2016-01-01	2026-07-23
45	2024-12-23	dx	op	preg-week-36	2016-01-01	2026-07-23
45	2024-12-23	dx	op	hrp-care	2016-01-01	2026-07-23
45	2024-12-30	dx	op	preg-week-37	2016-01-01	2026-07-23
45	2024-12-30	dx	op	hrp-care	2016-01-01	2026-07-23
45	2024-12-30	dx	ip	hrp-care	2016-01-01	2026-07-23
45	2025-01-03	px	op	birth-px	2016-01-01	2026-07-23
45	2025-01-03	dx	ip	birth	2016-01-01	2026-07-23
45	2025-01-03	dx	op	birth-outcom	2016-01-01	2026-07-23
45	2025-01-03	dx	op	preg-week-38	2016-01-01	2026-07-23
45	2025-01-15	dx	ip	post-care	2016-01-01	2026-07-23
45	2025-01-15	dx	op	spl-scrn	2016-01-01	2026-07-23
45	2025-01-15	px	op	birth-px	2016-01-01	2026-07-23
45	2025-04-15	px	op	birth-px	2016-01-01	2026-07-23
45	2025-04-15	dx	op	spl-scrn	2016-01-01	2026-07-23
46	2023-08-29	dx	op	other-history	2009-11-10	2026-08-10
46	2023-10-03	px	op	birth-px	2009-11-10	2026-08-10
46	2023-12-13	tx_rx	pharmacy	SERTRALINE	2009-11-10	2026-08-10
46	2024-03-15	tx_rx	pharmacy	SERTRALINE	2009-11-10	2026-08-10
46	2024-04-03	tx_rx	pharmacy	SERTRALINE	2009-11-10	2026-08-10
46	2024-06-18	tx_rx	pharmacy	SERTRALINE	2009-11-10	2026-08-10
46	2024-08-19	tx_rx	pharmacy	SERTRALINE	2009-11-10	2026-08-10
46	2024-10-04	dx	op	preg-care	2009-11-10	2026-08-10
46	2024-10-04	dx	op	preg-week-01	2009-11-10	2026-08-10
46	2024-10-16	dx	op	preg-week-08	2009-11-10	2026-08-10
46	2024-10-16	dx	op	compl-preg4	2009-11-10	2026-08-10
46	2024-11-06	dx	op	preg-week-10	2009-11-10	2026-08-10
46	2024-11-06	dx	op	preg-care	2009-11-10	2026-08-10
46	2024-11-06	dx	op	abrnl-fetus-care2	2009-11-10	2026-08-10
46	2024-11-19	tx_rx	pharmacy	SERTRALINE	2009-11-10	2026-08-10
46	2024-11-27	tx_rx	pharmacy	SERTRALINE	2009-11-10	2026-08-10
46	2024-12-04	dx	op	compl-preg4	2009-11-10	2026-08-10
46	2024-12-04	dx	op	preg-week-14	2009-11-10	2026-08-10
46	2025-01-03	dx	op	preg-week-18	2009-11-10	2026-08-10
46	2025-01-03	dx	op	preg-care	2009-11-10	2026-08-10
46	2025-01-16	dx	op	compl-preg4	2009-11-10	2026-08-10
46	2025-01-16	dx	op	preg-week-20	2009-11-10	2026-08-10
46	2025-02-10	tx_rx	pharmacy	SERTRALINE	2009-11-10	2026-08-10
46	2025-02-19	dx	op	preg-week-24	2009-11-10	2026-08-10
46	2025-02-19	dx	op	compl-preg4	2009-11-10	2026-08-10
46	2025-03-14	dx	op	preg-week-28	2009-11-10	2026-08-10
46	2025-03-14	dx	op	preg-care	2009-11-10	2026-08-10
46	2025-03-17	tx_rx	pharmacy	SERTRALINE	2009-11-10	2026-08-10
46	2025-04-08	dx	op	abrnl-fetus-care2	2009-11-10	2026-08-10
46	2025-04-08	dx	ip	preg-week-33	2009-11-10	2026-08-10
46	2025-04-11	dx	op	abrnl-fetus-care2	2009-11-10	2026-08-10
46	2025-04-11	dx	op	preg-week-33	2009-11-10	2026-08-10
46	2025-04-15	dx	ip	abrnl-fetus-care2	2009-11-10	2026-08-10
46	2025-04-15	dx	ip	preg-week-33	2009-11-10	2026-08-10
46	2025-04-22	dx	op	preg-week-35	2009-11-10	2026-08-10
46	2025-04-22	dx	op	abrnl-fetus-care2	2009-11-10	2026-08-10
46	2025-04-28	dx	ip	preg-week-38	2009-11-10	2026-08-10
46	2025-04-28	dx	op	preg-week-35	2009-11-10	2026-08-10
46	2025-04-28	dx	op	abrnl-fetus-care2	2009-11-10	2026-08-10
46	2025-04-28	dx	op	preg-care	2009-11-10	2026-08-10
46	2025-05-08	dx	ip	compl-preg4	2009-11-10	2026-08-10
46	2025-05-08	dx	op	preg-week-36	2009-11-10	2026-08-10
46	2025-05-08	dx	op	abrnl-fetus-care2	2009-11-10	2026-08-10
46	2025-05-08	dx	op	preg-week-39	2009-11-10	2026-08-10
46	2025-05-12	tx_rx	pharmacy	SERTRALINE	2009-11-10	2026-08-10
46	2025-05-15	dx	op	compl-preg4	2009-11-10	2026-08-10
46	2025-05-15	dx	op	abrnl-fetus-care2	2009-11-10	2026-08-10
46	2025-05-15	dx	op	birth-outcom	2009-11-10	2026-08-10
46	2025-05-15	dx	op	preg-week-37	2009-11-10	2026-08-10
46	2025-05-15	px	op	birth-px	2009-11-10	2026-08-10
46	2025-05-29	dx	op	post-care	2009-11-10	2026-08-10
47	2022-02-11	px	op	birth-px	2022-01-28	2026-04-08
47	2022-02-18	tx_px	op	psy-thrp	2022-01-28	2026-04-08
47	2022-03-18	tx_px	op	psy-thrp	2022-01-28	2026-04-08
47	2022-03-25	tx_px	ip	psy-thrp	2022-01-28	2026-04-08
47	2024-04-05	dx	op	preg-care	2022-01-28	2026-04-08
47	2024-04-25	dx	ip	ant-scrn	2022-01-28	2026-04-08
47	2024-04-25	dx	op	preg-week-11	2022-01-28	2026-04-08
47	2024-04-29	dx	op	compl-preg4	2022-01-28	2026-04-08
47	2024-04-29	dx	op	hrp-care	2022-01-28	2026-04-08
47	2024-05-30	dx	op	preg-care	2022-01-28	2026-04-08
47	2024-07-05	dx	op	preg-week-22	2022-01-28	2026-04-08
47	2024-07-05	dx	op	ant-scrn	2022-01-28	2026-04-08
47	2024-08-05	dx	op	ant-scrn	2022-01-28	2026-04-08
47	2024-08-05	dx	op	preg-week-26	2022-01-28	2026-04-08
47	2024-08-15	dx	op	preg-care	2022-01-28	2026-04-08
47	2024-08-22	dx	op	compl-preg4	2022-01-28	2026-04-08
47	2024-08-26	dx	op	compl-preg4	2022-01-28	2026-04-08
47	2024-09-06	dx	op	compl-preg4	2022-01-28	2026-04-08
47	2024-09-09	dx	op	compl-preg4	2022-01-28	2026-04-08
47	2024-09-10	dx	op	compl-preg4	2022-01-28	2026-04-08
47	2024-09-10	dx	op	preg-week-32	2022-01-28	2026-04-08
47	2024-09-16	dx	op	compl-preg4	2022-01-28	2026-04-08
47	2024-09-30	dx	op	hrp-care	2022-01-28	2026-04-08
47	2024-09-30	dx	op	compl-preg4	2022-01-28	2026-04-08
47	2024-10-07	dx	ip	abrnl-fetus-care1	2022-01-28	2026-04-08
47	2024-10-07	dx	op	preg-week-35	2022-01-28	2026-04-08
47	2024-10-07	dx	op	hrp-care	2022-01-28	2026-04-08
47	2024-10-07	dx	op	compl-preg4	2022-01-28	2026-04-08
47	2024-10-07	dx	op	abrnl-fetus-care2	2022-01-28	2026-04-08
47	2024-10-14	dx	op	compl-preg4	2022-01-28	2026-04-08
47	2024-10-14	dx	op	hrp-care	2022-01-28	2026-04-08
47	2024-10-14	dx	op	ant-scrn	2022-01-28	2026-04-08
47	2024-10-21	dx	op	hrp-care	2022-01-28	2026-04-08
47	2024-10-21	dx	op	compl-preg4	2022-01-28	2026-04-08
47	2024-10-28	dx	op	hrp-care	2022-01-28	2026-04-08
47	2024-10-28	dx	op	compl-preg4	2022-01-28	2026-04-08
47	2024-11-01	dx	op	compl-preg4	2022-01-28	2026-04-08
47	2024-11-01	dx	op	preg-week-39	2022-01-28	2026-04-08
47	2024-11-01	dx	ip	compl-preg4	2022-01-28	2026-04-08
47	2024-11-01	dx	op	abrnl-fetus-care2	2022-01-28	2026-04-08
47	2024-11-01	px	op	birth-px	2022-01-28	2026-04-08
47	2024-11-14	dx	op	hemo-post	2022-01-28	2026-04-08
47	2024-11-14	dx	op	compl-preg3	2022-01-28	2026-04-08
47	2024-11-14	dx	op	compl-preg4	2022-01-28	2026-04-08
47	2024-11-18	dx	op	hemo-post	2022-01-28	2026-04-08
47	2024-11-18	dx	op	other-history	2022-01-28	2026-04-08
47	2024-11-19	dx	op	spl-scrn	2022-01-28	2026-04-08
47	2024-11-19	dx	op	post-care	2022-01-28	2026-04-08
47	2024-11-19	px	op	birth-px	2022-01-28	2026-04-08
47	2024-12-18	dx	op	spl-scrn	2022-01-28	2026-04-08
47	2024-12-18	px	op	birth-px	2022-01-28	2026-04-08
48	2024-07-03	dx	op	s-abort	2025-06-28	2026-04-22
48	2024-07-03	dx	op	preg-care	2025-06-28	2026-04-22
48	2024-07-05	dx	op	s-abort	2025-06-28	2026-04-22
48	2024-07-05	dx	op	preg-week-09	2025-06-28	2026-04-22
48	2024-07-05	px	op	birth-px	2025-06-28	2026-04-22
48	2024-10-04	dx	op	preg-care	2025-06-28	2026-04-22
48	2024-10-04	dx	op	preg-week-08	2025-06-28	2026-04-22
48	2024-10-04	dx	op	ant-scrn	2025-06-28	2026-04-22
48	2024-12-31	dx	op	preg-care	2025-06-28	2026-04-22
48	2024-12-31	dx	op	preg-week-22	2025-06-28	2026-04-22
48	2024-12-31	dx	op	ant-scrn	2025-06-28	2026-04-22
48	2025-05-16	dx	op	birth-outcom	2025-06-28	2026-04-22
48	2025-05-16	dx	op	prem-rupt	2025-06-28	2026-04-22
48	2025-05-17	dx	ip	preg-week-40	2025-06-28	2026-04-22
48	2025-05-17	px	op	birth-px	2025-06-28	2026-04-22
48	2025-05-17	dx	op	prem-rupt	2025-06-28	2026-04-22
49	2025-02-02	dx	ip	incidental, preg-unplnd	2019-05-11	2026-04-28
49	2025-02-10	dx	op	ant-scrn	2019-05-11	2026-04-28
49	2025-02-17	dx	op	preg-care	2019-05-11	2026-04-28
49	2025-02-17	dx	ip	ant-scrn	2019-05-11	2026-04-28
49	2025-02-18	dx	op	s-abort	2019-05-11	2026-04-28
49	2025-02-18	dx	op	abrnl-preg1	2019-05-11	2026-04-28
49	2025-02-18	px	op	birth-px	2019-05-11	2026-04-28
49	2025-03-06	dx	op	abrnl-preg1	2019-05-11	2026-04-28
49	2025-03-13	dx	ip	abrnl-preg1	2019-05-11	2026-04-28
49	2025-03-20	dx	op	abrnl-preg1	2019-05-11	2026-04-28
49	2025-03-27	dx	op	abrnl-preg1	2019-05-11	2026-04-28
49	2025-04-03	dx	op	abrnl-preg1	2019-05-11	2026-04-28
49	2025-04-30	dx	ip	abrnl-preg1	2019-05-11	2026-04-28
50	2024-03-15	dx	op	preg-care	2023-12-27	2026-12-15
50	2024-03-19	dx	op	hrp-care	2023-12-27	2026-12-15
50	2024-03-19	px	op	ppd-scrn	2023-12-27	2026-12-15
50	2024-03-19	dx	op	ant-scrn	2023-12-27	2026-12-15
50	2024-03-19	dx	op	preg-care	2023-12-27	2026-12-15
50	2024-03-22	dx	op	preg-care	2023-12-27	2026-12-15
50	2024-03-22	dx	ip	preg-care	2023-12-27	2026-12-15
50	2024-03-26	dx	ip	preg-care	2023-12-27	2026-12-15
50	2024-03-26	dx	op	ant-scrn	2023-12-27	2026-12-15
50	2024-03-28	dx	op	preg-care	2023-12-27	2026-12-15
50	2024-03-29	dx	op	preg-care	2023-12-27	2026-12-15
50	2024-04-16	dx	op	preg-care	2023-12-27	2026-12-15
50	2024-04-26	dx	op	preg-care	2023-12-27	2026-12-15
50	2024-04-29	dx	op	preg-care	2023-12-27	2026-12-15
50	2024-05-10	dx	ip	preg-care	2023-12-27	2026-12-15
50	2024-05-17	dx	op	preg-care	2023-12-27	2026-12-15
50	2024-06-04	dx	op	preg-care	2023-12-27	2026-12-15
50	2024-06-25	dx	ip	preg-care	2023-12-27	2026-12-15
50	2024-06-26	dx	op	preg-care	2023-12-27	2026-12-15
50	2024-07-11	dx	op	preg-care	2023-12-27	2026-12-15
50	2024-07-25	dx	ip	preg-care	2023-12-27	2026-12-15
50	2024-08-01	dx	op	preg-care	2023-12-27	2026-12-15
50	2024-08-02	dx	op	hrp-care	2023-12-27	2026-12-15
50	2024-08-07	dx	op	preg-care	2023-12-27	2026-12-15
50	2024-08-08	dx	op	preg-care	2023-12-27	2026-12-15
50	2024-08-15	dx	op	preg-care	2023-12-27	2026-12-15
50	2024-08-20	dx	ip	prem-rupt	2023-12-27	2026-12-15
50	2024-08-21	px	op	birth-px	2023-12-27	2026-12-15
50	2024-08-21	dx	op	prem-rupt	2023-12-27	2026-12-15
50	2024-08-21	dx	op	preg-week-40	2023-12-27	2026-12-15
50	2024-08-21	dx	op	birth-outcom	2023-12-27	2026-12-15
50	2024-08-23	dx	op	post-care	2023-12-27	2026-12-15
50	2024-09-09	dx	ip	post-care	2023-12-27	2026-12-15
50	2024-09-28	dx	op	spl-scrn	2023-12-27	2026-12-15
50	2024-10-11	dx	op	post-care	2023-12-27	2026-12-15
50	2024-10-11	dx	ip	spl-scrn	2023-12-27	2026-12-15
50	2025-02-05	dx	op	spl-scrn	2023-12-27	2026-12-15
50	2025-02-05	px	op	ppd-scrn	2023-12-27	2026-12-15
50	2025-02-05	px	op	birth-px	2023-12-27	2026-12-15
50	2025-02-21	px	op	ppd-scrn	2023-12-27	2026-12-15
50	2025-02-21	dx	op	spl-scrn	2023-12-27	2026-12-15
50	2025-03-21	dx	op	spl-scrn	2023-12-27	2026-12-15
51	2022-08-30	dx	op	spl-scrn	2023-07-23	2026-09-01
51	2022-08-30	px	op	ppd-scrn	2023-07-23	2026-09-01
51	2023-11-30	dx	op	spl-scrn	2023-07-23	2026-09-01
51	2023-11-30	px	op	ppd-scrn	2023-07-23	2026-09-01
51	2023-12-16	dx	op	compl-preg4	2023-07-23	2026-09-01
51	2024-01-12	dx	op	preg-care	2023-07-23	2026-09-01
51	2024-01-19	dx	op	hemo-preg	2023-07-23	2026-09-01
51	2024-01-19	dx	op	preg-week-12	2023-07-23	2026-09-01
51	2024-01-20	dx	op	hemo-preg	2023-07-23	2026-09-01
51	2024-01-20	dx	op	preg-week-12	2023-07-23	2026-09-01
51	2024-01-23	dx	op	ant-scrn	2023-07-23	2026-09-01
51	2024-02-09	dx	op	preg-care	2023-07-23	2026-09-01
51	2024-03-01	dx	op	preg-care	2023-07-23	2026-09-01
51	2024-03-29	dx	op	preg-care	2023-07-23	2026-09-01
51	2024-04-26	dx	ip	preg-care	2023-07-23	2026-09-01
51	2024-05-09	dx	op	preg-care	2023-07-23	2026-09-01
51	2024-05-23	dx	op	preg-care	2023-07-23	2026-09-01
51	2024-05-29	dx	op	preg-week-31	2023-07-23	2026-09-01
51	2024-05-29	dx	ip	compl-preg4	2023-07-23	2026-09-01
51	2024-06-06	dx	op	preg-care	2023-07-23	2026-09-01
51	2024-06-13	dx	op	hrp-care	2023-07-23	2026-09-01
51	2024-06-13	dx	op	preg-week-30	2023-07-23	2026-09-01
51	2024-06-13	dx	op	abrnl-fetus-care2	2023-07-23	2026-09-01
51	2024-06-20	dx	op	preg-care	2023-07-23	2026-09-01
51	2024-06-21	dx	ip	preg-week-34	2023-07-23	2026-09-01
51	2024-06-21	dx	op	abrnl-fetus-care2	2023-07-23	2026-09-01
51	2024-06-21	dx	op	hrp-care	2023-07-23	2026-09-01
51	2024-06-24	dx	op	preg-week-35	2023-07-23	2026-09-01
51	2024-06-24	dx	ip	hrp-care	2023-07-23	2026-09-01
51	2024-06-24	dx	op	abrnl-fetus-care2	2023-07-23	2026-09-01
51	2024-06-26	dx	op	abrnl-fetus-care1	2023-07-23	2026-09-01
51	2024-06-26	dx	op	hrp-care	2023-07-23	2026-09-01
51	2024-06-26	dx	op	preg-week-35	2023-07-23	2026-09-01
51	2024-06-26	dx	op	abrnl-fetus-care2	2023-07-23	2026-09-01
51	2024-06-27	dx	op	preg-care	2023-07-23	2026-09-01
51	2024-06-28	dx	op	hrp-care	2023-07-23	2026-09-01
51	2024-06-28	dx	op	abrnl-fetus-care2	2023-07-23	2026-09-01
51	2024-06-28	dx	op	preg-week-35	2023-07-23	2026-09-01
51	2024-06-28	dx	op	ant-scrn	2023-07-23	2026-09-01
51	2024-07-01	dx	op	abrnl-fetus-care2	2023-07-23	2026-09-01
51	2024-07-01	dx	op	ant-scrn	2023-07-23	2026-09-01
51	2024-07-01	dx	op	preg-week-36	2023-07-23	2026-09-01
51	2024-07-05	dx	op	abrnl-fetus-care2	2023-07-23	2026-09-01
51	2024-07-05	dx	op	hrp-care	2023-07-23	2026-09-01
51	2024-07-05	dx	op	preg-week-36	2023-07-23	2026-09-01
51	2024-07-08	dx	ip	preg-week-37	2023-07-23	2026-09-01
51	2024-07-08	dx	ip	ant-scrn	2023-07-23	2026-09-01
51	2024-07-08	dx	op	abrnl-fetus-care2	2023-07-23	2026-09-01
51	2024-07-09	dx	op	abrnl-fetus-care2	2023-07-23	2026-09-01
51	2024-07-09	dx	ip	preg-week-37	2023-07-23	2026-09-01
51	2024-07-09	dx	op	abrnl-fetus-care1	2023-07-23	2026-09-01
51	2024-07-09	dx	op	hrp-care	2023-07-23	2026-09-01
51	2024-07-10	dx	ip	abrnl-fetus-care1	2023-07-23	2026-09-01
51	2024-07-10	dx	op	abrnl-fetus-care1	2023-07-23	2026-09-01
51	2024-07-10	dx	op	abrnl-fetus-care2	2023-07-23	2026-09-01
51	2024-07-12	dx	op	birth-outcom	2023-07-23	2026-09-01
51	2024-07-12	dx	op	abrnl-fetus-care2	2023-07-23	2026-09-01
51	2024-07-12	dx	op	abrnl-fetus-care1	2023-07-23	2026-09-01
51	2024-07-12	dx	op	g-hypert-p	2023-07-23	2026-09-01
51	2024-07-12	px	op	birth-px	2023-07-23	2026-09-01
51	2024-07-12	dx	op	g-hypert	2023-07-23	2026-09-01
52	2022-01-06	tx_px	op	psy-thrp	2026-07-24	2026-04-30
52	2022-01-13	tx_px	op	psy-thrp	2026-07-24	2026-04-30
52	2022-01-26	tx_px	op	psy-thrp	2026-07-24	2026-04-30
52	2022-02-16	tx_px	op	psy-thrp	2026-07-24	2026-04-30
52	2022-03-03	tx_px	op	psy-thrp	2026-07-24	2026-04-30
52	2022-03-24	tx_px	op	psy-thrp	2026-07-24	2026-04-30
52	2022-04-21	tx_px	op	psy-thrp	2026-07-24	2026-04-30
52	2022-05-19	tx_px	op	psy-thrp	2026-07-24	2026-04-30
52	2022-06-16	tx_px	ip	psy-thrp	2026-07-24	2026-04-30
52	2022-07-21	tx_px	op	psy-thrp	2026-07-24	2026-04-30
52	2022-08-03	dx	op	s-abort	2026-07-24	2026-04-30
52	2022-09-01	tx_px	op	psy-thrp	2026-07-24	2026-04-30
52	2022-09-12	tx_px	op	psy-thrp	2026-07-24	2026-04-30
52	2022-09-22	tx_px	op	psy-thrp	2026-07-24	2026-04-30
52	2022-09-29	tx_px	op	psy-thrp	2026-07-24	2026-04-30
52	2022-10-13	tx_px	op	psy-thrp	2026-07-24	2026-04-30
52	2022-10-26	tx_px	op	psy-thrp	2026-07-24	2026-04-30
52	2022-11-02	tx_px	op	psy-thrp	2026-07-24	2026-04-30
52	2022-12-01	tx_px	op	psy-thrp	2026-07-24	2026-04-30
52	2022-12-15	tx_px	op	psy-thrp	2026-07-24	2026-04-30
52	2022-12-29	tx_px	op	psy-thrp	2026-07-24	2026-04-30
52	2023-01-19	tx_px	op	psy-thrp	2026-07-24	2026-04-30
52	2023-02-13	tx_px	ip	psy-thrp	2026-07-24	2026-04-30
52	2023-03-09	tx_px	op	psy-thrp	2026-07-24	2026-04-30
52	2023-03-30	tx_px	op	psy-thrp	2026-07-24	2026-04-30
52	2023-05-17	tx_px	op	psy-thrp	2026-07-24	2026-04-30
52	2024-06-13	dx	op	compl-preg4	2026-07-24	2026-04-30
52	2024-07-02	dx	op	preg-care	2026-07-24	2026-04-30
52	2024-07-05	dx	op	preg-care	2026-07-24	2026-04-30
52	2024-08-02	dx	op	preg-week-16	2026-07-24	2026-04-30
52	2024-08-02	dx	ip	hrp-care	2026-07-24	2026-04-30
52	2024-08-28	dx	op	preg-week-19	2026-07-24	2026-04-30
52	2024-08-29	dx	op	compl-preg4	2026-07-24	2026-04-30
52	2024-08-29	dx	op	placenta-prev	2026-07-24	2026-04-30
52	2024-09-27	dx	op	hrp-care	2026-07-24	2026-04-30
52	2024-10-01	dx	op	compl-preg4	2026-07-24	2026-04-30
52	2024-10-01	dx	op	placenta-prev	2026-07-24	2026-04-30
52	2024-10-14	dx	op	preg-week-24	2026-07-24	2026-04-30
52	2024-10-14	dx	op	hrp-care	2026-07-24	2026-04-30
52	2024-10-18	dx	op	preg-week-27	2026-07-24	2026-04-30
52	2024-11-01	dx	op	preg-week-29	2026-07-24	2026-04-30
52	2024-11-06	dx	op	compl-preg4	2026-07-24	2026-04-30
52	2024-11-06	dx	op	hrp-care	2026-07-24	2026-04-30
52	2024-11-12	dx	ip	preg-week-30	2026-07-24	2026-04-30
52	2024-11-12	dx	op	compl-preg4	2026-07-24	2026-04-30
52	2024-11-20	dx	op	compl-preg4	2026-07-24	2026-04-30
52	2024-11-20	dx	op	preg-week-31	2026-07-24	2026-04-30
52	2024-11-22	dx	op	preg-week-32	2026-07-24	2026-04-30
52	2024-11-22	dx	op	compl-preg4	2026-07-24	2026-04-30
52	2024-11-25	dx	op	g-hypert	2026-07-24	2026-04-30
52	2024-11-25	dx	op	preg-week-32	2026-07-24	2026-04-30
52	2024-11-27	dx	op	preg-week-32	2026-07-24	2026-04-30
52	2024-12-03	dx	op	g-hypert	2026-07-24	2026-04-30
52	2024-12-03	dx	op	preg-week-33	2026-07-24	2026-04-30
52	2024-12-05	dx	op	compl-preg4	2026-07-24	2026-04-30
52	2024-12-10	dx	op	g-hypert	2026-07-24	2026-04-30
52	2024-12-13	dx	ip	hrp-care	2026-07-24	2026-04-30
52	2024-12-13	dx	op	preg-week-35	2026-07-24	2026-04-30
52	2024-12-13	dx	op	compl-preg4	2026-07-24	2026-04-30
52	2024-12-17	dx	op	hrp-care	2026-07-24	2026-04-30
52	2024-12-20	dx	op	preg-week-36	2026-07-24	2026-04-30
52	2024-12-20	dx	op	compl-preg4	2026-07-24	2026-04-30
52	2024-12-20	dx	ip	compl-preg4	2026-07-24	2026-04-30
52	2024-12-24	dx	op	preg-week-36	2026-07-24	2026-04-30
52	2024-12-24	dx	op	g-hypert	2026-07-24	2026-04-30
52	2024-12-27	dx	op	g-hypert	2026-07-24	2026-04-30
52	2024-12-27	dx	op	preg-week-37	2026-07-24	2026-04-30
52	2024-12-31	dx	op	compl-preg4	2026-07-24	2026-04-30
52	2025-01-02	dx	op	compl-preg4	2026-07-24	2026-04-30
52	2025-01-04	dx	op	birth-outcom	2026-07-24	2026-04-30
52	2025-01-04	dx	op	c-birth	2026-07-24	2026-04-30
52	2025-01-04	dx	op	preg-week-38	2026-07-24	2026-04-30
52	2025-01-04	px	op	birth-px	2026-07-24	2026-04-30
52	2025-01-10	dx	op	post-care	2026-07-24	2026-04-30
52	2025-01-17	dx	op	post-care	2026-07-24	2026-04-30
52	2025-02-14	dx	ip	post-care	2026-07-24	2026-04-30
53	2024-05-21	dx	op	preg-week-01	2013-10-20	2026-11-16
53	2024-05-21	px	ip	birth-px	2013-10-20	2026-11-16
53	2024-05-21	dx	op	incidental, preg-unplnd	2013-10-20	2026-11-16
53	2024-05-22	dx	ip	preg-week-01	2013-10-20	2026-11-16
53	2024-05-22	px	op	birth-px	2013-10-20	2026-11-16
53	2024-05-22	dx	op	incidental, preg-unplnd	2013-10-20	2026-11-16
53	2024-06-07	dx	ip	incidental, preg-unplnd	2013-10-20	2026-11-16
53	2025-03-28	px	op	birth-px	2013-10-20	2026-11-16
53	2025-03-28	dx	op	preg-week-08	2013-10-20	2026-11-16
53	2025-03-28	dx	op	incidental, preg-unplnd	2013-10-20	2026-11-16
53	2025-03-28	px	op	ppd-scrn	2013-10-20	2026-11-16
54	2023-06-28	dx	op	preg-week-21	2013-11-17	2026-07-28
54	2023-06-28	dx	op	preg-care	2013-11-17	2026-07-28
54	2023-08-16	dx	op	preg-week-28	2013-11-17	2026-07-28
54	2023-08-16	dx	op	abrnl-fetus-care2	2013-11-17	2026-07-28
54	2023-10-31	dx	op	abrnl-fetus-care2	2013-11-17	2026-07-28
54	2023-10-31	dx	op	preg-week-39	2013-11-17	2026-07-28
54	2023-11-07	dx	op	preg-week-40	2013-11-17	2026-07-28
54	2023-11-09	dx	op	birth-outcom	2013-11-17	2026-07-28
54	2023-11-09	px	ip	birth-px	2013-11-17	2026-07-28
54	2023-11-09	dx	ip	birth	2013-11-17	2026-07-28
54	2024-08-28	dx	op	preg-week-01	2013-11-17	2026-07-28
54	2024-08-28	dx	ip	preg-care	2013-11-17	2026-07-28
54	2024-09-25	dx	op	abrnl-fetus-care2	2013-11-17	2026-07-28
54	2024-09-25	dx	op	preg-week-11	2013-11-17	2026-07-28
54	2024-11-20	dx	op	preg-week-19	2013-11-17	2026-07-28
54	2024-11-20	dx	ip	preg-care	2013-11-17	2026-07-28
54	2025-01-14	dx	op	preg-week-27	2013-11-17	2026-07-28
54	2025-01-14	dx	op	abrnl-fetus-care2	2013-11-17	2026-07-28
54	2025-02-26	dx	ip	compl-preg4	2013-11-17	2026-07-28
54	2025-02-26	dx	op	preg-week-33	2013-11-17	2026-07-28
54	2025-02-26	dx	op	abrnl-fetus-care2	2013-11-17	2026-07-28
54	2025-03-05	dx	op	preg-week-34	2013-11-17	2026-07-28
54	2025-03-05	dx	op	compl-preg4	2013-11-17	2026-07-28
54	2025-03-25	dx	op	preg-week-37	2013-11-17	2026-07-28
54	2025-03-25	dx	op	preg-care	2013-11-17	2026-07-28
54	2025-04-08	dx	ip	abrnl-fetus-care2	2013-11-17	2026-07-28
54	2025-04-08	dx	ip	preg-week-39	2013-11-17	2026-07-28
54	2025-04-09	px	op	birth-px	2013-11-17	2026-07-28
54	2025-04-09	dx	ip	birth-outcom	2013-11-17	2026-07-28
54	2025-05-20	dx	op	post-care	2013-11-17	2026-07-28
55	2024-10-02	dx	op	preg-week-01	2014-03-18	2026-03-06
55	2024-10-02	dx	op	ant-scrn	2014-03-18	2026-03-06
55	2024-10-29	px	op	birth-px	2014-03-18	2026-03-06
55	2024-10-29	dx	op	s-abort	2014-03-18	2026-03-06
55	2024-10-29	dx	op	incidental, preg-unplnd	2014-03-18	2026-03-06
55	2025-02-03	dx	op	s-abort	2014-03-18	2026-03-06
56	2024-07-06	dx	op	incidental, preg-unplnd	2009-07-30	2026-12-02
56	2024-07-06	px	ip	birth-px	2009-07-30	2026-12-02
57	2022-09-08	dx	op	hemo-preg	2023-12-27	2026-04-07
57	2022-09-08	dx	op	preg-week-10	2023-12-27	2026-04-07
57	2022-09-08	dx	ip	hemo-preg	2023-12-27	2026-04-07
57	2022-11-07	dx	op	preg-week-18	2023-12-27	2026-04-07
57	2022-11-07	dx	op	incidental, preg-unplnd	2023-12-27	2026-04-07
57	2022-11-07	dx	op	hrp-care	2023-12-27	2026-04-07
57	2022-11-14	dx	op	preg-week-18	2023-12-27	2026-04-07
57	2022-11-30	dx	op	preg-week-22	2023-12-27	2026-04-07
57	2022-11-30	dx	op	incidental, preg-unplnd	2023-12-27	2026-04-07
57	2022-11-30	dx	op	preg-care	2023-12-27	2026-04-07
57	2022-12-16	dx	ip	preg-week-21	2023-12-27	2026-04-07
57	2022-12-21	dx	op	abrnl-preg2	2023-12-27	2026-04-07
57	2022-12-21	dx	op	preg-week-25	2023-12-27	2026-04-07
57	2023-01-17	dx	op	preg-week-29	2023-12-27	2026-04-07
57	2023-01-20	dx	op	abrnl-preg2	2023-12-27	2026-04-07
57	2023-01-31	dx	op	preg-week-31	2023-12-27	2026-04-07
57	2023-01-31	dx	op	incidental, preg-unplnd	2023-12-27	2026-04-07
57	2023-01-31	dx	op	preg-care	2023-12-27	2026-04-07
57	2023-02-21	dx	op	preg-week-34	2023-12-27	2026-04-07
57	2023-02-21	dx	op	preg-week-00	2023-12-27	2026-04-07
57	2023-02-22	dx	op	preg-week-34	2023-12-27	2026-04-07
57	2023-03-06	dx	op	preg-week-35	2023-12-27	2026-04-07
57	2023-03-06	dx	op	abrnl-preg2	2023-12-27	2026-04-07
57	2023-03-06	dx	op	incidental, preg-unplnd	2023-12-27	2026-04-07
57	2023-03-08	dx	op	preg-week-36	2023-12-27	2026-04-07
57	2023-03-08	dx	op	abrnl-fetus-care2	2023-12-27	2026-04-07
57	2023-03-10	dx	op	abrnl-fetus-care2	2023-12-27	2026-04-07
57	2023-03-10	dx	op	hrp-care	2023-12-27	2026-04-07
57	2023-03-14	dx	ip	incidental, preg-unplnd	2023-12-27	2026-04-07
57	2023-03-14	dx	op	hrp-care	2023-12-27	2026-04-07
57	2023-03-14	dx	op	preg-week-36	2023-12-27	2026-04-07
57	2023-03-14	dx	ip	abrnl-fetus-care2	2023-12-27	2026-04-07
57	2023-03-17	dx	op	abrnl-fetus-care2	2023-12-27	2026-04-07
57	2023-03-17	dx	ip	hrp-care	2023-12-27	2026-04-07
57	2023-03-26	dx	op	ant-scrn	2023-12-27	2026-04-07
57	2023-03-26	dx	op	preg-week-38	2023-12-27	2026-04-07
57	2023-03-27	dx	op	birth-outcom	2023-12-27	2026-04-07
57	2023-03-27	dx	op	birth	2023-12-27	2026-04-07
57	2023-03-27	px	ip	birth-px	2023-12-27	2026-04-07
57	2023-05-08	dx	op	post-care	2023-12-27	2026-04-07
57	2024-12-05	dx	ip	preg-care	2023-12-27	2026-04-07
57	2024-12-05	dx	op	preg-care	2023-12-27	2026-04-07
57	2024-12-11	dx	op	compl-preg4	2023-12-27	2026-04-07
57	2024-12-11	dx	op	preg-week-00	2023-12-27	2026-04-07
57	2024-12-11	dx	op	preg-week-27	2023-12-27	2026-04-07
57	2025-01-09	dx	op	preg-care	2023-12-27	2026-04-07
57	2025-02-04	dx	op	preg-care	2023-12-27	2026-04-07
57	2025-02-18	dx	op	ant-scrn	2023-12-27	2026-04-07
57	2025-02-18	dx	op	preg-care	2023-12-27	2026-04-07
57	2025-03-03	dx	op	birth	2023-12-27	2026-04-07
57	2025-03-03	px	op	birth-px	2023-12-27	2026-04-07
58	2025-03-19	dx	op	preg-week-01	2017-07-07	2026-09-18
58	2025-03-19	dx	op	compl-preg4	2017-07-07	2026-09-18
58	2025-03-20	dx	op	preg-week-01	2017-07-07	2026-09-18
58	2025-03-21	px	op	ppd-scrn	2017-07-07	2026-09-18
58	2025-03-21	px	ip	ppd-scrn	2017-07-07	2026-09-18
58	2025-03-21	dx	op	incidental, preg-unplnd	2017-07-07	2026-09-18
59	2022-03-09	tx_rx	pharmacy	ESCITALOPRAM	2009-12-06	2026-09-17
59	2022-11-30	dx	op	preg-care	2009-12-06	2026-09-17
59	2022-11-30	dx	ip	ant-scrn	2009-12-06	2026-09-17
59	2022-12-19	dx	op	preg-care	2009-12-06	2026-09-17
59	2023-01-25	dx	op	ant-scrn	2009-12-06	2026-09-17
59	2023-01-25	dx	ip	ant-scrn	2009-12-06	2026-09-17
59	2023-02-22	dx	ip	hrp-care	2009-12-06	2026-09-17
59	2023-03-27	dx	op	hrp-care	2009-12-06	2026-09-17
59	2023-06-02	dx	op	hrp-care	2009-12-06	2026-09-17
59	2023-06-13	dx	op	preg-care	2009-12-06	2026-09-17
59	2023-08-25	dx	op	post-care	2009-12-06	2026-09-17
59	2024-09-06	dx	op	hemo-preg	2009-12-06	2026-09-17
59	2024-09-09	dx	op	hemo-preg	2009-12-06	2026-09-17
59	2024-09-12	px	op	birth-px	2009-12-06	2026-09-17
60	2023-12-15	dx	op	hemo-preg	2021-08-19	2026-05-04
60	2023-12-17	dx	op	hemo-preg	2021-08-19	2026-05-04
60	2023-12-17	dx	ip	hemo-preg	2021-08-19	2026-05-04
60	2024-02-09	dx	op	preg-week-12	2021-08-19	2026-05-04
60	2024-02-09	dx	op	ant-scrn	2021-08-19	2026-05-04
60	2024-07-23	dx	op	ant-scrn	2021-08-19	2026-05-04
60	2024-07-23	dx	ip	ant-scrn	2021-08-19	2026-05-04
60	2024-07-23	dx	op	preg-week-36	2021-08-19	2026-05-04
60	2024-08-02	dx	op	birth-outcom	2021-08-19	2026-05-04
60	2024-08-02	dx	op	abrnl-fetus-care2	2021-08-19	2026-05-04
60	2024-08-02	dx	op	preg-week-37	2021-08-19	2026-05-04
60	2024-08-02	px	op	birth-px	2021-08-19	2026-05-04
61	2024-01-10	dx	ip	preg-care	2017-06-29	2026-07-26
61	2024-01-10	dx	op	preg-week-11	2017-06-29	2026-07-26
61	2024-01-10	dx	op	preg-care	2017-06-29	2026-07-26
61	2024-03-21	dx	op	preg-care	2017-06-29	2026-07-26
61	2024-03-21	dx	op	preg-week-21	2017-06-29	2026-07-26
61	2024-04-29	dx	op	preg-care	2017-06-29	2026-07-26
61	2024-04-29	dx	ip	preg-week-24	2017-06-29	2026-07-26
61	2024-05-06	dx	op	preg-care	2017-06-29	2026-07-26
61	2024-05-06	dx	ip	preg-week-28	2017-06-29	2026-07-26
61	2024-06-11	dx	op	preg-care	2017-06-29	2026-07-26
61	2024-06-11	dx	op	preg-week-33	2017-06-29	2026-07-26
61	2024-06-11	dx	ip	preg-care	2017-06-29	2026-07-26
61	2024-06-27	dx	op	preg-care	2017-06-29	2026-07-26
61	2024-06-27	dx	op	ant-scrn	2017-06-29	2026-07-26
61	2024-07-01	dx	op	preg-week-36	2017-06-29	2026-07-26
61	2024-08-05	px	ip	birth-px	2017-06-29	2026-07-26
61	2024-08-05	dx	op	birth-outcom	2017-06-29	2026-07-26
61	2024-08-05	dx	op	birth	2017-06-29	2026-07-26
61	2024-09-16	dx	op	spl-scrn	2017-06-29	2026-07-26
61	2024-09-16	px	ip	birth-px	2017-06-29	2026-07-26
61	2024-09-16	dx	op	post-care	2017-06-29	2026-07-26
62	2024-04-01	dx	op	preg-week-00	2009-08-26	2026-05-20
62	2024-04-17	dx	op	preg-week-01	2009-08-26	2026-05-20
62	2024-04-17	dx	op	preg-care	2009-08-26	2026-05-20
62	2024-05-20	dx	ip	preg-care	2009-08-26	2026-05-20
62	2024-05-20	dx	op	preg-week-12	2009-08-26	2026-05-20
62	2024-06-17	dx	op	preg-week-16	2009-08-26	2026-05-20
62	2024-06-17	dx	op	preg-care	2009-08-26	2026-05-20
62	2024-07-12	dx	op	preg-week-19	2009-08-26	2026-05-20
62	2024-07-12	dx	op	preg-care	2009-08-26	2026-05-20
62	2024-07-29	dx	op	preg-week-22	2009-08-26	2026-05-20
62	2024-07-29	dx	op	preg-care	2009-08-26	2026-05-20
62	2024-09-16	dx	op	preg-care	2009-08-26	2026-05-20
62	2024-09-16	dx	op	preg-week-29	2009-08-26	2026-05-20
62	2024-09-16	dx	op	abrnl-fetus-care2	2009-08-26	2026-05-20
62	2024-09-23	dx	ip	compl-preg4	2009-08-26	2026-05-20
62	2024-09-23	dx	op	preg-week-30	2009-08-26	2026-05-20
62	2024-09-30	dx	op	compl-preg4	2009-08-26	2026-05-20
62	2024-09-30	dx	op	preg-week-31	2009-08-26	2026-05-20
62	2024-10-29	dx	ip	preg-week-35	2009-08-26	2026-05-20
62	2024-11-04	dx	op	ant-scrn	2009-08-26	2026-05-20
62	2024-11-04	dx	op	preg-care	2009-08-26	2026-05-20
62	2024-11-04	dx	op	preg-week-36	2009-08-26	2026-05-20
62	2024-11-11	dx	op	preg-week-37	2009-08-26	2026-05-20
62	2024-11-22	dx	op	birth-outcom	2009-08-26	2026-05-20
62	2024-11-22	dx	op	preg-week-38	2009-08-26	2026-05-20
62	2024-11-22	px	op	birth-px	2009-08-26	2026-05-20
62	2025-01-08	dx	op	post-care	2009-08-26	2026-05-20
63	2024-03-26	dx	op	preg-care	2011-05-03	2026-06-11
63	2024-03-26	dx	op	hemo-preg	2011-05-03	2026-06-11
63	2024-03-26	dx	ip	preg-week-01	2011-05-03	2026-06-11
63	2024-03-28	dx	ip	preg-week-08	2011-05-03	2026-06-11
63	2024-03-28	dx	ip	abrnl-fetus-care2	2011-05-03	2026-06-11
63	2024-04-01	px	ip	birth-px	2011-05-03	2026-06-11
63	2024-09-18	dx	op	abrnl-fetus-care2	2011-05-03	2026-06-11
63	2024-09-18	dx	op	preg-week-10	2011-05-03	2026-06-11
63	2025-02-25	dx	op	preg-week-32	2011-05-03	2026-06-11
63	2025-03-12	dx	op	preg-week-35	2011-05-03	2026-06-11
63	2025-03-12	dx	op	abrnl-fetus-care2	2011-05-03	2026-06-11
63	2025-03-19	dx	op	preg-week-36	2011-05-03	2026-06-11
63	2025-03-19	dx	op	abrnl-fetus-care2	2011-05-03	2026-06-11
63	2025-03-31	px	op	birth-px	2011-05-03	2026-06-11
63	2025-03-31	dx	op	birth-outcom	2011-05-03	2026-06-11
63	2025-03-31	dx	op	birth	2011-05-03	2026-06-11
63	2025-03-31	dx	op	preg-week-37	2011-05-03	2026-06-11
64	2025-01-24	dx	op	preg-week-36	2023-07-12	2026-12-30
64	2025-01-24	dx	op	ant-scrn	2023-07-12	2026-12-30
64	2025-02-24	dx	op	preg-week-40	2023-07-12	2026-12-30
64	2025-02-26	dx	ip	birth-outcom	2023-07-12	2026-12-30
64	2025-02-26	dx	op	preg-week-41	2023-07-12	2026-12-30
64	2025-02-26	dx	op	hemo-post	2023-07-12	2026-12-30
64	2025-02-26	px	op	birth-px	2023-07-12	2026-12-30
64	2025-04-10	dx	op	spl-scrn	2023-07-12	2026-12-30
64	2025-04-10	dx	op	post-care	2023-07-12	2026-12-30
64	2025-04-10	px	op	birth-px	2023-07-12	2026-12-30
65	2024-05-09	dx	op	mdd	2018-08-22	2026-04-25
65	2024-05-10	tx_rx	pharmacy	ESCITALOPRAM	2018-08-22	2026-04-25
65	2024-08-05	tx_rx	pharmacy	ESCITALOPRAM	2018-08-22	2026-04-25
65	2024-10-07	dx	op	diab-preg	2018-08-22	2026-04-25
65	2024-10-07	dx	op	preg-week-34	2018-08-22	2026-04-25
65	2024-10-07	dx	ip	g-hypert	2018-08-22	2026-04-25
65	2024-10-09	dx	op	compl-preg4	2018-08-22	2026-04-25
65	2024-10-09	dx	op	diab-preg	2018-08-22	2026-04-25
65	2024-10-14	dx	op	preg-week-35	2018-08-22	2026-04-25
65	2024-10-14	dx	op	diab-preg	2018-08-22	2026-04-25
65	2024-10-14	dx	op	g-hypert	2018-08-22	2026-04-25
65	2024-10-16	dx	op	birth-outcom	2018-08-22	2026-04-25
65	2024-10-16	dx	op	m-hypert	2018-08-22	2026-04-25
65	2024-10-16	dx	ip	diab-preg	2018-08-22	2026-04-25
65	2024-10-16	dx	op	preg-week-35	2018-08-22	2026-04-25
65	2024-11-30	tx_rx	pharmacy	ESCITALOPRAM	2018-08-22	2026-04-25
65	2025-03-10	tx_rx	pharmacy	ESCITALOPRAM	2018-08-22	2026-04-25
65	2025-04-02	dx	ip	diab-preg	2018-08-22	2026-04-25
65	2025-05-02	dx	op	diab-preg	2018-08-22	2026-04-25
65	2025-05-02	dx	op	g-hypert-p	2018-08-22	2026-04-25
66	2022-08-03	px	op	ppd-scrn	2017-09-12	2026-08-28
66	2022-08-03	px	ip	ppd-scrn	2017-09-12	2026-08-28
66	2022-08-03	dx	ip	incidental, preg-unplnd	2017-09-12	2026-08-28
66	2024-07-09	dx	op	spl-scrn	2017-09-12	2026-08-28
66	2024-08-23	dx	op	incidental, preg-unplnd	2017-09-12	2026-08-28
66	2024-10-09	dx	op	incidental, preg-unplnd	2017-09-12	2026-08-28
66	2024-11-11	dx	op	placenta-prob	2017-09-12	2026-08-28
66	2024-11-11	dx	op	ant-scrn	2017-09-12	2026-08-28
66	2024-11-11	dx	ip	preg-week-19	2017-09-12	2026-08-28
66	2024-12-13	dx	op	incidental, preg-unplnd	2017-09-12	2026-08-28
66	2025-01-20	dx	op	incidental, preg-unplnd	2017-09-12	2026-08-28
66	2025-02-17	dx	op	compl-preg4	2017-09-12	2026-08-28
66	2025-02-17	dx	op	incidental, preg-unplnd	2017-09-12	2026-08-28
67	2022-05-25	tx_rx	pharmacy	TRAZODONE	2013-04-02	2026-04-07
67	2023-03-01	dx	ip	preg-care	2013-04-02	2026-04-07
67	2024-02-13	tx_rx	pharmacy	TRAZODONE	2013-04-02	2026-04-07
67	2024-12-09	dx	op	preg-care	2013-04-02	2026-04-07
67	2025-04-10	dx	op	preg-care	2013-04-02	2026-04-07
67	2025-04-29	dx	ip	preg-week-40	2013-04-02	2026-04-07
68	2025-03-08	dx	op	incidental, preg-unplnd	2017-01-13	2026-11-10
68	2025-03-08	px	op	birth-px	2017-01-13	2026-11-10
69	2024-03-28	dx	ip	ant-scrn	2023-11-08	2026-08-22
69	2024-03-28	dx	op	preg-week-01	2023-11-08	2026-08-22
69	2024-04-01	dx	ip	preg-week-08	2023-11-08	2026-08-22
69	2024-04-01	dx	ip	hemo-preg	2023-11-08	2026-08-22
69	2024-04-16	dx	op	compl-preg4	2023-11-08	2026-08-22
69	2024-04-16	dx	ip	preg-care	2023-11-08	2026-08-22
69	2024-04-16	dx	op	preg-week-10	2023-11-08	2026-08-22
69	2024-06-19	dx	op	compl-preg4	2023-11-08	2026-08-22
69	2024-06-19	dx	op	ant-scrn	2023-11-08	2026-08-22
69	2024-06-19	dx	op	preg-week-19	2023-11-08	2026-08-22
69	2024-07-07	dx	ip	compl-preg4	2023-11-08	2026-08-22
69	2024-08-14	dx	op	preg-care	2023-11-08	2026-08-22
69	2024-09-25	dx	op	preg-care	2023-11-08	2026-08-22
69	2024-10-08	dx	op	compl-preg4	2023-11-08	2026-08-22
69	2024-10-15	dx	op	ant-scrn	2023-11-08	2026-08-22
69	2024-11-03	dx	op	compl-preg4	2023-11-08	2026-08-22
69	2024-11-03	dx	op	trauma	2023-11-08	2026-08-22
69	2024-11-03	px	op	birth-px	2023-11-08	2026-08-22
70	2024-05-17	px	op	birth-px	2024-01-25	2026-09-02
70	2025-02-09	dx	op	preg-week-36	2024-01-25	2026-09-02
70	2025-02-18	dx	op	compl-preg4	2024-01-25	2026-09-02
70	2025-02-18	dx	ip	birth-outcom	2024-01-25	2026-09-02
70	2025-02-19	dx	op	compl-preg4	2024-01-25	2026-09-02
70	2025-02-19	dx	op	birth-outcom	2024-01-25	2026-09-02
70	2025-02-19	dx	ip	compl-preg4	2024-01-25	2026-09-02
70	2025-02-20	dx	op	compl-preg4	2024-01-25	2026-09-02
70	2025-02-20	dx	op	birth-outcom	2024-01-25	2026-09-02
71	2024-04-10	dx	op	preg-week-23	2024-12-02	2026-10-02
71	2024-08-04	px	op	birth-px	2024-12-02	2026-10-02
71	2024-08-04	dx	op	birth-outcom	2024-12-02	2026-10-02
72	2023-10-24	dx	ip	preg-care	2023-08-31	2026-08-24
72	2023-10-24	dx	op	preg-week-01	2023-08-31	2026-08-24
72	2023-10-24	dx	op	ant-scrn	2023-08-31	2026-08-24
72	2023-11-22	dx	op	ant-scrn	2023-08-31	2026-08-24
72	2023-11-22	dx	op	preg-week-12	2023-08-31	2026-08-24
72	2023-12-20	dx	op	preg-care	2023-08-31	2026-08-24
72	2023-12-20	dx	op	preg-week-16	2023-08-31	2026-08-24
72	2024-01-17	dx	op	ant-scrn	2023-08-31	2026-08-24
72	2024-01-17	dx	op	preg-week-20	2023-08-31	2026-08-24
72	2024-02-14	dx	op	preg-care	2023-08-31	2026-08-24
72	2024-02-14	dx	op	preg-week-24	2023-08-31	2026-08-24
72	2024-03-15	dx	op	preg-care	2023-08-31	2026-08-24
72	2024-03-15	dx	op	preg-week-28	2023-08-31	2026-08-24
72	2024-04-12	dx	op	preg-week-32	2023-08-31	2026-08-24
72	2024-05-10	dx	ip	preg-week-36	2023-08-31	2026-08-24
72	2024-05-10	dx	op	preg-care	2023-08-31	2026-08-24
72	2024-06-05	dx	ip	preg-week-40	2023-08-31	2026-08-24
72	2024-06-06	dx	op	birth-outcom	2023-08-31	2026-08-24
72	2024-06-06	dx	op	preg-week-40	2023-08-31	2026-08-24
72	2024-06-06	px	op	birth-px	2023-08-31	2026-08-24
73	2024-05-17	dx	op	preg-week-08	2010-07-28	2026-10-08
73	2024-05-17	dx	op	preg-care	2010-07-28	2026-10-08
73	2024-05-22	tx_px	op	psy-thrp	2010-07-28	2026-10-08
73	2024-05-29	tx_px	op	psy-thrp	2010-07-28	2026-10-08
73	2024-06-12	tx_px	op	psy-thrp	2010-07-28	2026-10-08
73	2024-06-26	tx_px	op	psy-thrp	2010-07-28	2026-10-08
73	2024-07-17	tx_px	op	psy-thrp	2010-07-28	2026-10-08
73	2024-08-07	tx_px	op	psy-thrp	2010-07-28	2026-10-08
73	2024-08-13	dx	op	ant-scrn	2010-07-28	2026-10-08
73	2024-08-13	dx	op	preg-week-20	2010-07-28	2026-10-08
73	2024-08-27	dx	op	preg-week-22	2010-07-28	2026-10-08
73	2024-08-28	px	ip	birth-px	2010-07-28	2026-10-08
73	2024-10-01	dx	op	preg-week-27	2010-07-28	2026-10-08
73	2024-10-09	tx_px	op	psy-thrp	2010-07-28	2026-10-08
73	2024-10-20	dx	op	placenta-prev	2010-07-28	2026-10-08
73	2024-10-20	dx	op	compl-preg4	2010-07-28	2026-10-08
73	2024-10-23	tx_px	op	psy-thrp	2010-07-28	2026-10-08
73	2024-10-30	dx	op	placenta-prev	2010-07-28	2026-10-08
73	2024-10-30	dx	ip	preg-week-32	2010-07-28	2026-10-08
73	2024-11-06	tx_px	op	psy-thrp	2010-07-28	2026-10-08
73	2024-11-22	dx	op	placenta-prev	2010-07-28	2026-10-08
73	2024-11-22	dx	op	compl-preg4	2010-07-28	2026-10-08
73	2024-11-22	px	ip	birth-px	2010-07-28	2026-10-08
73	2024-11-22	px	op	birth-px	2010-07-28	2026-10-08
73	2025-01-03	dx	op	post-care	2010-07-28	2026-10-08
74	2024-06-06	dx	op	birth-outcom	2013-11-01	2026-04-21
74	2024-06-06	dx	op	g-hypert-p	2013-11-01	2026-04-21
74	2024-06-06	dx	op	preg-week-38	2013-11-01	2026-04-21
74	2024-06-06	dx	op	preg-week-37	2013-11-01	2026-04-21
74	2024-06-07	dx	op	birth-outcom	2013-11-01	2026-04-21
74	2024-06-07	px	ip	birth-px	2013-11-01	2026-04-21
74	2024-06-07	dx	op	preg-week-38	2013-11-01	2026-04-21
74	2024-06-07	dx	op	g-hypert-p	2013-11-01	2026-04-21
74	2024-06-07	dx	op	placenta-prob	2013-11-01	2026-04-21
75	2022-08-18	dx	op	preg-care	2011-04-05	2026-04-03
75	2022-08-18	dx	op	preg-week-24	2011-04-05	2026-04-03
75	2022-08-18	dx	op	ant-scrn	2011-04-05	2026-04-03
75	2022-10-05	dx	op	ant-scrn	2011-04-05	2026-04-03
75	2022-10-10	dx	op	preg-week-20	2011-04-05	2026-04-03
75	2022-10-10	dx	op	abrnl-fetus-care1	2011-04-05	2026-04-03
75	2022-10-10	dx	ip	hrp-care	2011-04-05	2026-04-03
75	2022-10-10	dx	op	compl-preg4	2011-04-05	2026-04-03
75	2022-10-13	dx	op	preg-week-21	2011-04-05	2026-04-03
75	2022-10-13	dx	op	abrnl-fetus-care1	2011-04-05	2026-04-03
75	2022-10-18	dx	ip	compl-preg4	2011-04-05	2026-04-03
75	2022-10-18	dx	op	abrnl-fetus-care1	2011-04-05	2026-04-03
75	2022-10-18	dx	op	preg-week-21	2011-04-05	2026-04-03
75	2022-10-19	dx	op	preg-week-21	2011-04-05	2026-04-03
75	2022-10-19	dx	op	abrnl-fetus-care1	2011-04-05	2026-04-03
75	2022-10-20	dx	op	abrnl-fetus-care1	2011-04-05	2026-04-03
75	2022-10-24	dx	op	abrnl-fetus-care1	2011-04-05	2026-04-03
75	2022-11-11	dx	op	preg-care	2011-04-05	2026-04-03
75	2022-11-11	dx	op	preg-week-24	2011-04-05	2026-04-03
75	2022-11-15	dx	ip	preg-week-25	2011-04-05	2026-04-03
75	2022-11-15	dx	op	abrnl-fetus-care1	2011-04-05	2026-04-03
75	2022-11-15	dx	ip	preg-week-22	2011-04-05	2026-04-03
75	2022-11-16	dx	op	abrnl-fetus-care1	2011-04-05	2026-04-03
75	2022-11-16	dx	op	preg-week-25	2011-04-05	2026-04-03
75	2022-11-17	dx	op	preg-week-25	2011-04-05	2026-04-03
75	2022-11-17	dx	op	abrnl-fetus-care1	2011-04-05	2026-04-03
75	2022-11-18	dx	ip	abrnl-fetus-care1	2011-04-05	2026-04-03
75	2022-11-18	dx	op	abrnl-fetus-care1	2011-04-05	2026-04-03
75	2022-11-18	dx	op	preg-week-25	2011-04-05	2026-04-03
75	2022-11-19	dx	op	abrnl-fetus-care1	2011-04-05	2026-04-03
75	2022-11-19	dx	op	preg-week-25	2011-04-05	2026-04-03
75	2022-11-20	dx	op	preg-week-25	2011-04-05	2026-04-03
75	2022-11-20	dx	op	abrnl-fetus-care1	2011-04-05	2026-04-03
75	2022-11-21	dx	op	abrnl-fetus-care1	2011-04-05	2026-04-03
75	2022-11-21	dx	op	preg-week-25	2011-04-05	2026-04-03
75	2022-12-22	dx	op	compl-preg4	2011-04-05	2026-04-03
75	2022-12-22	dx	ip	preg-week-30	2011-04-05	2026-04-03
75	2022-12-22	dx	op	abrnl-fetus-care1	2011-04-05	2026-04-03
75	2022-12-22	dx	ip	hrp-care	2011-04-05	2026-04-03
75	2022-12-27	dx	op	abrnl-fetus-care1	2011-04-05	2026-04-03
75	2022-12-27	dx	op	compl-preg4	2011-04-05	2026-04-03
75	2022-12-27	dx	op	hrp-care	2011-04-05	2026-04-03
75	2022-12-30	dx	op	compl-preg4	2011-04-05	2026-04-03
75	2022-12-30	dx	op	incidental, preg-unplnd	2011-04-05	2026-04-03
75	2022-12-30	dx	op	abrnl-fetus-care1	2011-04-05	2026-04-03
75	2022-12-30	dx	op	preg-week-31	2011-04-05	2026-04-03
75	2023-01-06	dx	op	incidental, preg-unplnd	2011-04-05	2026-04-03
75	2023-01-06	dx	op	abrnl-fetus-care1	2011-04-05	2026-04-03
75	2023-01-06	dx	op	preg-week-32	2011-04-05	2026-04-03
75	2023-01-06	dx	ip	abrnl-fetus-care1	2011-04-05	2026-04-03
75	2023-01-10	dx	op	preg-week-33	2011-04-05	2026-04-03
75	2023-01-10	dx	op	abrnl-fetus-care1	2011-04-05	2026-04-03
75	2023-01-10	dx	op	compl-preg4	2011-04-05	2026-04-03
75	2023-01-11	dx	op	abrnl-fetus-care1	2011-04-05	2026-04-03
75	2023-01-13	dx	op	preg-week-33	2011-04-05	2026-04-03
75	2023-01-13	dx	op	abrnl-fetus-care1	2011-04-05	2026-04-03
75	2023-01-20	dx	op	other-history	2011-04-05	2026-04-03
75	2023-01-20	dx	op	compl-preg4	2011-04-05	2026-04-03
75	2023-01-20	dx	ip	compl-preg4	2011-04-05	2026-04-03
75	2023-01-20	dx	op	hrp-care	2011-04-05	2026-04-03
75	2023-01-20	dx	op	abrnl-fetus-care1	2011-04-05	2026-04-03
75	2023-01-20	dx	op	preg-week-34	2011-04-05	2026-04-03
75	2023-01-20	dx	ip	hrp-care	2011-04-05	2026-04-03
75	2023-01-24	dx	op	hrp-care	2011-04-05	2026-04-03
75	2023-01-24	dx	op	abrnl-fetus-care1	2011-04-05	2026-04-03
75	2023-01-24	dx	op	preg-week-35	2011-04-05	2026-04-03
75	2023-01-27	dx	op	abrnl-fetus-care1	2011-04-05	2026-04-03
75	2023-01-27	dx	ip	preg-week-35	2011-04-05	2026-04-03
75	2023-01-27	dx	ip	hrp-care	2011-04-05	2026-04-03
75	2023-01-31	dx	ip	abrnl-fetus-care1	2011-04-05	2026-04-03
75	2023-01-31	dx	op	hrp-care	2011-04-05	2026-04-03
75	2023-01-31	dx	op	compl-preg4	2011-04-05	2026-04-03
75	2023-02-03	dx	op	preg-week-36	2011-04-05	2026-04-03
75	2023-02-03	dx	op	abrnl-fetus-care1	2011-04-05	2026-04-03
75	2023-02-03	dx	op	incidental, preg-unplnd	2011-04-05	2026-04-03
75	2023-02-04	dx	ip	compl-preg4	2011-04-05	2026-04-03
75	2023-02-04	dx	op	birth-outcom	2011-04-05	2026-04-03
75	2023-02-04	dx	op	abrnl-fetus-care1	2011-04-05	2026-04-03
75	2023-02-04	dx	op	preg-week-37	2011-04-05	2026-04-03
75	2023-02-05	dx	op	preg-week-37	2011-04-05	2026-04-03
75	2023-02-05	dx	op	abrnl-fetus-care1	2011-04-05	2026-04-03
75	2023-02-05	px	op	birth-px	2011-04-05	2026-04-03
75	2023-02-05	dx	op	birth-outcom	2011-04-05	2026-04-03
75	2023-02-07	dx	op	preg-week-36	2011-04-05	2026-04-03
75	2023-02-07	dx	op	abrnl-fetus-care1	2011-04-05	2026-04-03
75	2023-03-20	dx	op	spl-scrn	2011-04-05	2026-04-03
75	2023-03-20	dx	op	post-care	2011-04-05	2026-04-03
75	2023-03-20	px	op	birth-px	2011-04-05	2026-04-03
75	2024-07-11	dx	ip	preg-week-01	2011-04-05	2026-04-03
75	2024-07-11	dx	op	abrnl-fetus-care2	2011-04-05	2026-04-03
75	2024-07-26	dx	ip	abrnl-fetus-care2	2011-04-05	2026-04-03
75	2024-07-26	dx	op	preg-week-09	2011-04-05	2026-04-03
75	2024-08-02	dx	ip	preg-care	2011-04-05	2026-04-03
75	2024-08-02	dx	op	ant-scrn	2011-04-05	2026-04-03
75	2024-08-02	dx	op	compl-preg4	2011-04-05	2026-04-03
75	2024-08-19	dx	ip	ant-scrn	2011-04-05	2026-04-03
75	2024-08-19	dx	op	preg-week-12	2011-04-05	2026-04-03
75	2024-08-19	dx	op	hrp-care	2011-04-05	2026-04-03
75	2024-09-17	dx	op	preg-week-16	2011-04-05	2026-04-03
75	2024-09-17	dx	op	preg-care	2011-04-05	2026-04-03
75	2024-10-11	dx	op	ant-scrn	2011-04-05	2026-04-03
75	2024-10-11	dx	ip	preg-week-20	2011-04-05	2026-04-03
75	2024-10-11	dx	ip	hrp-care	2011-04-05	2026-04-03
75	2024-10-11	dx	ip	compl-preg4	2011-04-05	2026-04-03
75	2024-11-07	dx	op	hrp-care	2011-04-05	2026-04-03
75	2024-11-07	dx	op	preg-week-23	2011-04-05	2026-04-03
75	2024-12-05	dx	op	spl-scrn	2011-04-05	2026-04-03
75	2024-12-05	dx	ip	preg-week-27	2011-04-05	2026-04-03
75	2024-12-05	dx	ip	ant-scrn	2011-04-05	2026-04-03
75	2024-12-05	px	op	birth-px	2011-04-05	2026-04-03
75	2024-12-05	dx	op	hrp-care	2011-04-05	2026-04-03
75	2024-12-20	dx	op	hrp-care	2011-04-05	2026-04-03
75	2024-12-20	dx	op	preg-week-30	2011-04-05	2026-04-03
75	2025-01-03	dx	ip	compl-preg4	2011-04-05	2026-04-03
75	2025-01-03	dx	op	hrp-care	2011-04-05	2026-04-03
75	2025-01-03	dx	op	preg-week-32	2011-04-05	2026-04-03
75	2025-01-20	dx	ip	preg-week-34	2011-04-05	2026-04-03
75	2025-01-20	dx	op	hrp-care	2011-04-05	2026-04-03
75	2025-01-20	dx	op	compl-preg4	2011-04-05	2026-04-03
75	2025-01-31	dx	op	compl-preg4	2011-04-05	2026-04-03
75	2025-01-31	dx	op	preg-week-36	2011-04-05	2026-04-03
75	2025-01-31	dx	op	hrp-care	2011-04-05	2026-04-03
75	2025-02-06	dx	op	preg-week-36	2011-04-05	2026-04-03
75	2025-02-06	dx	op	hrp-care	2011-04-05	2026-04-03
75	2025-02-11	dx	op	preg-week-37	2011-04-05	2026-04-03
75	2025-02-14	dx	ip	preg-week-38	2011-04-05	2026-04-03
75	2025-02-14	dx	op	hrp-care	2011-04-05	2026-04-03
75	2025-02-14	px	op	birth-px	2011-04-05	2026-04-03
75	2025-02-14	dx	ip	birth-outcom	2011-04-05	2026-04-03
75	2025-02-14	dx	op	g-hypert	2011-04-05	2026-04-03
75	2025-02-21	dx	op	post-care	2011-04-05	2026-04-03
75	2025-03-27	dx	op	spl-scrn	2011-04-05	2026-04-03
75	2025-03-27	dx	op	post-care	2011-04-05	2026-04-03
75	2025-03-27	px	op	birth-px	2011-04-05	2026-04-03
76	2022-09-23	dx	op	spl-scrn	2024-11-04	2026-07-31
76	2022-09-23	dx	op	preg-care	2024-11-04	2026-07-31
76	2022-09-23	dx	op	ant-scrn	2024-11-04	2026-07-31
76	2022-09-23	px	op	ppd-scrn	2024-11-04	2026-07-31
76	2022-10-20	dx	ip	preg-care	2024-11-04	2026-07-31
76	2022-11-07	dx	op	preg-week-20	2024-11-04	2026-07-31
76	2022-11-07	dx	op	ant-scrn	2024-11-04	2026-07-31
76	2022-11-23	dx	op	preg-care	2024-11-04	2026-07-31
76	2022-12-21	dx	ip	preg-care	2024-11-04	2026-07-31
76	2023-01-20	dx	op	preg-care	2024-11-04	2026-07-31
76	2023-02-02	dx	op	preg-care	2024-11-04	2026-07-31
76	2023-02-24	dx	ip	preg-care	2024-11-04	2026-07-31
76	2023-03-02	dx	op	preg-care	2024-11-04	2026-07-31
76	2023-03-09	dx	op	abrnl-fetus-care2	2024-11-04	2026-07-31
76	2023-03-09	dx	op	preg-care	2024-11-04	2026-07-31
76	2023-03-14	dx	op	birth-outcom	2024-11-04	2026-07-31
76	2023-03-14	px	op	birth-px	2024-11-04	2026-07-31
76	2023-03-14	dx	ip	birth	2024-11-04	2026-07-31
76	2023-05-11	dx	op	post-care	2024-11-04	2026-07-31
76	2023-05-11	px	op	ppd-scrn	2024-11-04	2026-07-31
76	2023-05-11	dx	op	spl-scrn	2024-11-04	2026-07-31
76	2023-08-09	dx	op	post-care	2024-11-04	2026-07-31
76	2024-07-12	px	op	ppd-scrn	2024-11-04	2026-07-31
76	2024-07-12	dx	op	hemo-preg	2024-11-04	2026-07-31
76	2024-11-19	dx	op	preg-care	2024-11-04	2026-07-31
76	2024-11-20	dx	ip	preg-care	2024-11-04	2026-07-31
76	2024-11-20	dx	op	preg-week-10	2024-11-04	2026-07-31
76	2024-12-05	dx	ip	preg-week-12	2024-11-04	2026-07-31
76	2024-12-05	px	ip	ppd-scrn	2024-11-04	2026-07-31
76	2024-12-05	dx	op	preg-care	2024-11-04	2026-07-31
76	2025-01-08	dx	op	preg-care	2024-11-04	2026-07-31
76	2025-01-08	px	ip	ppd-scrn	2024-11-04	2026-07-31
76	2025-01-08	dx	op	preg-week-17	2024-11-04	2026-07-31
76	2025-02-04	dx	ip	preg-care	2024-11-04	2026-07-31
76	2025-02-05	dx	op	preg-week-21	2024-11-04	2026-07-31
76	2025-02-05	dx	op	preg-care	2024-11-04	2026-07-31
76	2025-02-05	px	op	ppd-scrn	2024-11-04	2026-07-31
76	2025-02-18	dx	op	ant-scrn	2024-11-04	2026-07-31
76	2025-02-18	dx	op	preg-week-23	2024-11-04	2026-07-31
76	2025-02-25	dx	op	preg-week-24	2024-11-04	2026-07-31
76	2025-02-25	dx	op	preg-week-00	2024-11-04	2026-07-31
76	2025-02-25	dx	ip	preg-care	2024-11-04	2026-07-31
76	2025-02-25	px	op	ppd-scrn	2024-11-04	2026-07-31
76	2025-02-25	dx	op	hemo-preg	2024-11-04	2026-07-31
76	2025-02-26	dx	op	preg-week-00	2024-11-04	2026-07-31
76	2025-02-26	dx	op	hemo-preg	2024-11-04	2026-07-31
76	2025-03-18	dx	op	ant-scrn	2024-11-04	2026-07-31
76	2025-03-26	dx	op	preg-week-28	2024-11-04	2026-07-31
76	2025-03-26	dx	op	preg-care	2024-11-04	2026-07-31
76	2025-03-26	px	op	ppd-scrn	2024-11-04	2026-07-31
76	2025-04-08	dx	op	preg-week-30	2024-11-04	2026-07-31
76	2025-04-08	px	op	ppd-scrn	2024-11-04	2026-07-31
76	2025-04-22	dx	op	compl-preg4	2024-11-04	2026-07-31
76	2025-04-22	px	op	ppd-scrn	2024-11-04	2026-07-31
76	2025-04-22	dx	ip	preg-week-32	2024-11-04	2026-07-31
76	2025-04-24	dx	op	preg-care	2024-11-04	2026-07-31
76	2025-05-06	dx	op	compl-preg4	2024-11-04	2026-07-31
76	2025-05-06	dx	op	preg-week-34	2024-11-04	2026-07-31
76	2025-05-15	dx	op	preg-week-35	2024-11-04	2026-07-31
76	2025-05-15	dx	ip	placenta-prob	2024-11-04	2026-07-31
76	2025-05-15	px	op	birth-px	2024-11-04	2026-07-31
76	2025-05-15	dx	op	preterm-lbr	2024-11-04	2026-07-31
76	2025-05-15	dx	op	birth	2024-11-04	2026-07-31
76	2025-05-16	dx	op	preterm-lbr	2024-11-04	2026-07-31
76	2025-05-17	dx	op	preterm-lbr	2024-11-04	2026-07-31
77	2022-10-25	dx	op	preg-care	2024-07-21	2026-03-20
77	2022-10-25	dx	op	preg-week-09	2024-07-21	2026-03-20
77	2022-11-18	dx	op	compl-preg4	2024-07-21	2026-03-20
77	2022-11-18	dx	op	ant-scrn	2024-07-21	2026-03-20
77	2022-11-18	dx	op	hrp-care	2024-07-21	2026-03-20
77	2023-01-13	dx	op	hrp-care	2024-07-21	2026-03-20
77	2023-01-13	dx	ip	preg-week-20	2024-07-21	2026-03-20
77	2023-01-13	dx	op	compl-preg4	2024-07-21	2026-03-20
77	2023-03-10	dx	ip	compl-preg4	2024-07-21	2026-03-20
77	2023-04-05	dx	op	hrp-care	2024-07-21	2026-03-20
77	2023-04-11	dx	op	hrp-care	2024-07-21	2026-03-20
77	2023-04-11	dx	op	abrnl-fetus-care2	2024-07-21	2026-03-20
77	2023-04-11	dx	op	compl-preg4	2024-07-21	2026-03-20
77	2023-04-12	dx	op	compl-preg4	2024-07-21	2026-03-20
77	2023-04-19	dx	op	abrnl-fetus-care2	2024-07-21	2026-03-20
77	2023-04-19	dx	op	hrp-care	2024-07-21	2026-03-20
77	2023-04-19	dx	op	compl-preg4	2024-07-21	2026-03-20
77	2023-04-26	dx	op	compl-preg4	2024-07-21	2026-03-20
77	2023-04-27	dx	op	abrnl-fetus-care2	2024-07-21	2026-03-20
77	2023-04-27	dx	op	hrp-care	2024-07-21	2026-03-20
77	2023-04-27	dx	op	compl-preg4	2024-07-21	2026-03-20
77	2023-05-01	dx	op	compl-preg4	2024-07-21	2026-03-20
77	2023-05-03	dx	op	compl-preg4	2024-07-21	2026-03-20
77	2023-05-03	dx	op	hrp-care	2024-07-21	2026-03-20
77	2023-05-03	dx	op	abrnl-fetus-care2	2024-07-21	2026-03-20
77	2023-05-08	dx	op	compl-preg4	2024-07-21	2026-03-20
77	2023-05-10	dx	ip	abrnl-fetus-care2	2024-07-21	2026-03-20
77	2023-05-10	dx	op	hrp-care	2024-07-21	2026-03-20
77	2023-05-10	dx	op	compl-preg4	2024-07-21	2026-03-20
77	2023-05-15	dx	op	compl-preg4	2024-07-21	2026-03-20
77	2023-05-16	dx	op	hrp-care	2024-07-21	2026-03-20
77	2023-05-16	dx	op	abrnl-fetus-care2	2024-07-21	2026-03-20
77	2023-05-16	dx	op	compl-preg4	2024-07-21	2026-03-20
77	2023-05-22	dx	op	compl-preg4	2024-07-21	2026-03-20
77	2023-05-23	dx	op	compl-preg4	2024-07-21	2026-03-20
77	2023-05-23	dx	op	hrp-care	2024-07-21	2026-03-20
77	2023-05-23	dx	ip	abrnl-fetus-care2	2024-07-21	2026-03-20
77	2023-05-25	dx	op	abrnl-fetus-care2	2024-07-21	2026-03-20
77	2023-05-25	dx	ip	birth	2024-07-21	2026-03-20
77	2023-05-25	dx	op	compl-preg4	2024-07-21	2026-03-20
77	2023-05-25	dx	op	preg-week-00	2024-07-21	2026-03-20
77	2023-05-25	dx	op	birth-outcom	2024-07-21	2026-03-20
77	2023-05-25	px	op	birth-px	2024-07-21	2026-03-20
77	2023-06-12	dx	op	compl-preg4	2024-07-21	2026-03-20
77	2023-07-10	dx	op	compl-preg4	2024-07-21	2026-03-20
77	2023-07-14	dx	op	post-care	2024-07-21	2026-03-20
77	2023-07-24	dx	op	compl-preg4	2024-07-21	2026-03-20
77	2023-07-24	dx	ip	compl-preg4	2024-07-21	2026-03-20
77	2023-07-31	dx	op	compl-preg4	2024-07-21	2026-03-20
77	2023-08-16	dx	op	compl-preg4	2024-07-21	2026-03-20
77	2023-08-28	dx	op	compl-preg4	2024-07-21	2026-03-20
77	2023-09-18	dx	op	compl-preg4	2024-07-21	2026-03-20
77	2023-10-02	dx	op	compl-preg4	2024-07-21	2026-03-20
77	2023-10-16	dx	ip	compl-preg4	2024-07-21	2026-03-20
77	2023-10-16	dx	op	compl-preg4	2024-07-21	2026-03-20
77	2023-10-30	dx	op	compl-preg4	2024-07-21	2026-03-20
77	2024-09-30	dx	op	compl-preg4	2024-07-21	2026-03-20
77	2024-10-15	dx	ip	compl-preg4	2024-07-21	2026-03-20
77	2024-10-23	dx	op	birth-outcom	2024-07-21	2026-03-20
77	2024-10-23	dx	op	compl-preg4	2024-07-21	2026-03-20
77	2024-12-03	dx	op	compl-preg4	2024-07-21	2026-03-20
77	2024-12-03	dx	ip	compl-preg4	2024-07-21	2026-03-20
78	2022-02-14	dx	op	hrp-care	2026-06-01	2026-08-15
78	2022-02-14	dx	op	preg-care	2026-06-01	2026-08-15
78	2022-02-17	px	op	birth-px	2026-06-01	2026-08-15
78	2022-03-10	dx	op	m-hypert	2026-06-01	2026-08-15
78	2022-03-10	dx	ip	preg-care	2026-06-01	2026-08-15
78	2022-03-10	dx	op	hrp-care	2026-06-01	2026-08-15
78	2022-03-21	dx	op	ant-scrn	2026-06-01	2026-08-15
78	2022-03-21	dx	ip	hrp-care	2026-06-01	2026-08-15
78	2022-04-18	dx	op	hrp-care	2026-06-01	2026-08-15
78	2022-04-21	dx	op	hrp-care	2026-06-01	2026-08-15
78	2022-05-23	dx	op	abrnl-fetus-care1	2026-06-01	2026-08-15
78	2022-05-23	dx	op	hrp-care	2026-06-01	2026-08-15
78	2022-06-15	dx	op	hrp-care	2026-06-01	2026-08-15
78	2022-06-25	dx	ip	hrp-care	2026-06-01	2026-08-15
78	2022-07-11	dx	op	hrp-care	2026-06-01	2026-08-15
78	2022-07-11	dx	op	abrnl-fetus-care2	2026-06-01	2026-08-15
78	2022-07-11	dx	op	abrnl-preg2	2026-06-01	2026-08-15
78	2022-08-10	dx	op	hrp-care	2026-06-01	2026-08-15
78	2022-09-07	dx	ip	hrp-care	2026-06-01	2026-08-15
78	2022-09-07	dx	ip	abrnl-preg2	2026-06-01	2026-08-15
78	2022-09-12	dx	op	hrp-care	2026-06-01	2026-08-15
78	2022-09-12	dx	ip	abrnl-preg2	2026-06-01	2026-08-15
78	2022-09-12	dx	op	ant-scrn	2026-06-01	2026-08-15
78	2022-09-21	dx	op	abrnl-preg2	2026-06-01	2026-08-15
78	2022-09-21	dx	op	hrp-care	2026-06-01	2026-08-15
78	2022-09-21	dx	op	preg-week-38	2026-06-01	2026-08-15
78	2022-09-24	dx	op	hrp-care	2026-06-01	2026-08-15
78	2022-09-24	dx	op	abrnl-preg2	2026-06-01	2026-08-15
78	2022-09-26	dx	op	hrp-care	2026-06-01	2026-08-15
78	2022-09-26	dx	ip	abrnl-preg2	2026-06-01	2026-08-15
78	2022-10-09	dx	op	birth-outcom	2026-06-01	2026-08-15
78	2022-10-09	dx	op	preg-week-40	2026-06-01	2026-08-15
78	2022-10-10	dx	ip	birth-outcom	2026-06-01	2026-08-15
78	2022-10-10	dx	op	c-birth	2026-06-01	2026-08-15
78	2022-10-10	dx	op	preg-week-40	2026-06-01	2026-08-15
78	2022-10-11	dx	op	preg-care	2026-06-01	2026-08-15
78	2022-10-12	dx	op	preg-care	2026-06-01	2026-08-15
78	2022-12-01	dx	op	post-care	2026-06-01	2026-08-15
78	2022-12-01	dx	op	g-hypert-p	2026-06-01	2026-08-15
78	2024-06-05	dx	ip	hrp-care	2026-06-01	2026-08-15
78	2024-06-19	dx	op	hrp-care	2026-06-01	2026-08-15
78	2024-10-03	dx	op	hrp-care	2026-06-01	2026-08-15
78	2024-10-18	dx	ip	hrp-care	2026-06-01	2026-08-15
78	2024-11-25	dx	op	hrp-care	2026-06-01	2026-08-15
78	2024-11-25	dx	ip	hrp-care	2026-06-01	2026-08-15
78	2024-12-18	dx	op	hrp-care	2026-06-01	2026-08-15
78	2024-12-19	dx	op	hrp-care	2026-06-01	2026-08-15
78	2024-12-20	dx	op	ant-scrn	2026-06-01	2026-08-15
78	2025-01-06	dx	op	hrp-care	2026-06-01	2026-08-15
78	2025-01-11	dx	op	birth-outcom	2026-06-01	2026-08-15
78	2025-01-11	dx	op	m-hypert	2026-06-01	2026-08-15
78	2025-01-11	dx	ip	preg-week-39	2026-06-01	2026-08-15
78	2025-01-11	px	op	birth-px	2026-06-01	2026-08-15
78	2025-01-11	dx	op	hrp-care	2026-06-01	2026-08-15
78	2025-01-12	dx	op	m-hypert	2026-06-01	2026-08-15
78	2025-02-27	dx	op	post-care	2026-06-01	2026-08-15
78	2025-03-31	dx	op	ppd	2026-06-01	2026-08-15
78	2025-03-31	tx_rx	pharmacy	SERTRALINE	2026-06-01	2026-08-15
78	2025-04-14	dx	ip	ppd	2026-06-01	2026-08-15
79	2023-06-15	dx	op	preg-week-01	2023-11-27	2026-04-24
79	2023-06-15	dx	op	ant-scrn	2023-11-27	2026-04-24
79	2023-06-29	dx	op	incidental, preg-unplnd	2023-11-27	2026-04-24
79	2023-11-21	px	op	birth-px	2023-11-27	2026-04-24
79	2023-11-21	dx	op	spl-scrn	2023-11-27	2026-04-24
79	2023-11-30	dx	op	hrp-care	2023-11-27	2026-04-24
79	2023-11-30	dx	op	preg-week-09	2023-11-27	2026-04-24
79	2023-11-30	dx	op	abrnl-fetus-care2	2023-11-27	2026-04-24
79	2023-12-05	dx	op	preg-care	2023-11-27	2026-04-24
79	2023-12-05	dx	op	spl-scrn	2023-11-27	2026-04-24
79	2023-12-05	px	op	birth-px	2023-11-27	2026-04-24
79	2023-12-05	dx	op	hrp-care	2023-11-27	2026-04-24
79	2023-12-21	dx	ip	hrp-care	2023-11-27	2026-04-24
79	2023-12-21	dx	op	hrp-care	2023-11-27	2026-04-24
79	2023-12-21	dx	op	abrnl-fetus-care2	2023-11-27	2026-04-24
79	2023-12-21	dx	op	preg-week-12	2023-11-27	2026-04-24
79	2024-01-10	dx	op	compl-preg4	2023-11-27	2026-04-24
79	2024-01-10	dx	op	preg-week-15	2023-11-27	2026-04-24
79	2024-03-27	px	op	birth-px	2023-11-27	2026-04-24
79	2024-03-27	dx	op	spl-scrn	2023-11-27	2026-04-24
79	2024-06-27	dx	ip	birth	2023-11-27	2026-04-24
79	2024-07-23	dx	ip	compl-preg3	2023-11-27	2026-04-24
79	2024-09-30	dx	op	r-mdd	2023-11-27	2026-04-24
79	2024-11-12	dx	op	r-mdd	2023-11-27	2026-04-24
79	2025-01-28	dx	op	r-mdd	2023-11-27	2026-04-24
79	2025-03-03	dx	op	r-mdd	2023-11-27	2026-04-24
80	2022-08-10	tx_rx	pharmacy	SERTRALINE	2018-12-04	2026-09-29
80	2022-10-06	tx_rx	pharmacy	FLUOXETINE	2018-12-04	2026-09-29
80	2023-02-15	tx_rx	pharmacy	FLUOXETINE	2018-12-04	2026-09-29
80	2023-03-21	tx_rx	pharmacy	FLUOXETINE	2018-12-04	2026-09-29
80	2023-04-27	tx_rx	pharmacy	FLUOXETINE	2018-12-04	2026-09-29
80	2023-06-03	tx_rx	pharmacy	FLUOXETINE	2018-12-04	2026-09-29
80	2023-11-27	tx_rx	pharmacy	VENLAFAXINE	2018-12-04	2026-09-29
80	2023-12-26	tx_rx	pharmacy	VENLAFAXINE	2018-12-04	2026-09-29
80	2023-12-28	tx_rx	pharmacy	VENLAFAXINE	2018-12-04	2026-09-29
80	2024-03-10	tx_rx	pharmacy	VENLAFAXINE	2018-12-04	2026-09-29
80	2024-03-26	dx	op	preg-week-01	2018-12-04	2026-09-29
80	2024-04-13	tx_rx	pharmacy	VENLAFAXINE	2018-12-04	2026-09-29
80	2024-10-01	tx_rx	pharmacy	CITALOPRAM	2018-12-04	2026-09-29
80	2024-11-05	dx	ip	diab-preg	2018-12-04	2026-09-29
80	2025-03-20	tx_rx	pharmacy	QUETIAPINE	2018-12-04	2026-09-29
81	2024-07-08	dx	op	preg-week-01	2012-09-05	2026-07-11
81	2024-07-08	dx	ip	hrp-care	2012-09-05	2026-07-11
81	2024-07-17	dx	op	hrp-care	2012-09-05	2026-07-11
81	2024-07-24	dx	op	hrp-care	2012-09-05	2026-07-11
81	2024-08-16	dx	op	hrp-care	2012-09-05	2026-07-11
81	2024-09-13	dx	op	hrp-care	2012-09-05	2026-07-11
81	2024-09-25	dx	op	hrp-care	2012-09-05	2026-07-11
81	2024-10-04	dx	op	hrp-care	2012-09-05	2026-07-11
81	2024-10-08	dx	op	hrp-care	2012-09-05	2026-07-11
81	2024-10-16	dx	op	hrp-care	2012-09-05	2026-07-11
81	2024-10-29	dx	ip	hrp-care	2012-09-05	2026-07-11
81	2024-11-05	dx	op	ant-scrn	2012-09-05	2026-07-11
81	2024-11-05	dx	op	abrnl-fetus-care2	2012-09-05	2026-07-11
81	2024-11-13	dx	op	hrp-care	2012-09-05	2026-07-11
81	2024-11-19	dx	op	hrp-care	2012-09-05	2026-07-11
81	2024-12-04	dx	op	hrp-care	2012-09-05	2026-07-11
81	2024-12-17	dx	op	hrp-care	2012-09-05	2026-07-11
81	2025-01-02	dx	op	hrp-care	2012-09-05	2026-07-11
81	2025-01-03	dx	ip	hrp-care	2012-09-05	2026-07-11
81	2025-01-15	dx	op	hrp-care	2012-09-05	2026-07-11
81	2025-01-29	dx	op	hrp-care	2012-09-05	2026-07-11
81	2025-01-30	dx	op	hrp-care	2012-09-05	2026-07-11
81	2025-02-06	dx	op	hrp-care	2012-09-05	2026-07-11
81	2025-02-11	dx	ip	hrp-care	2012-09-05	2026-07-11
81	2025-02-18	dx	ip	hrp-care	2012-09-05	2026-07-11
81	2025-02-19	dx	op	compl-preg4	2012-09-05	2026-07-11
81	2025-02-19	dx	op	birth-outcom	2012-09-05	2026-07-11
81	2025-02-19	dx	op	preg-week-38	2012-09-05	2026-07-11
81	2025-02-19	dx	op	preg-care	2012-09-05	2026-07-11
81	2025-02-19	px	ip	birth-px	2012-09-05	2026-07-11
81	2025-02-20	dx	op	birth-outcom	2012-09-05	2026-07-11
81	2025-02-20	dx	op	compl-preg4	2012-09-05	2026-07-11
81	2025-03-06	dx	ip	post-care	2012-09-05	2026-07-11
81	2025-03-13	dx	op	post-care	2012-09-05	2026-07-11
81	2025-03-26	dx	op	post-care	2012-09-05	2026-07-11
81	2025-04-02	dx	op	post-care	2012-09-05	2026-07-11
82	2024-07-19	dx	op	preg-week-08	2023-12-23	2026-09-26
82	2024-07-19	dx	op	preg-care	2023-12-23	2026-09-26
82	2024-07-19	dx	ip	preg-care	2023-12-23	2026-09-26
82	2024-07-19	dx	op	ant-scrn	2023-12-23	2026-09-26
82	2024-07-30	dx	ip	vomit-preg	2023-12-23	2026-09-26
82	2024-07-30	dx	op	compl-preg4	2023-12-23	2026-09-26
82	2024-08-16	dx	op	preg-care	2023-12-23	2026-09-26
82	2024-08-16	dx	op	vomit-preg	2023-12-23	2026-09-26
82	2024-08-16	dx	op	abrnl-fetus-care2	2023-12-23	2026-09-26
82	2024-08-16	dx	op	preg-week-12	2023-12-23	2026-09-26
82	2024-09-06	dx	op	preg-week-15	2023-12-23	2026-09-26
82	2024-09-06	dx	op	compl-preg4	2023-12-23	2026-09-26
82	2024-09-06	dx	op	vomit-preg	2023-12-23	2026-09-26
82	2024-09-06	dx	op	ant-scrn	2023-12-23	2026-09-26
82	2024-10-16	dx	ip	ant-scrn	2023-12-23	2026-09-26
82	2024-10-16	dx	op	preg-week-20	2023-12-23	2026-09-26
82	2024-12-09	dx	op	compl-preg4	2023-12-23	2026-09-26
82	2024-12-10	dx	op	preg-week-29	2023-12-23	2026-09-26
82	2024-12-10	dx	op	preg-care	2023-12-23	2026-09-26
82	2024-12-17	dx	op	compl-preg4	2023-12-23	2026-09-26
82	2024-12-17	dx	op	preg-week-30	2023-12-23	2026-09-26
82	2025-01-14	dx	op	preg-week-34	2023-12-23	2026-09-26
82	2025-01-14	dx	op	preg-care	2023-12-23	2026-09-26
82	2025-01-15	dx	op	preg-week-34	2023-12-23	2026-09-26
82	2025-01-23	dx	op	preg-care	2023-12-23	2026-09-26
82	2025-01-23	dx	ip	preg-week-35	2023-12-23	2026-09-26
82	2025-01-28	dx	op	preg-week-36	2023-12-23	2026-09-26
82	2025-01-28	dx	op	preg-care	2023-12-23	2026-09-26
82	2025-01-29	dx	op	preg-week-36	2023-12-23	2026-09-26
82	2025-01-29	dx	op	g-hypert-p	2023-12-23	2026-09-26
82	2025-01-31	dx	op	g-hypert-p	2023-12-23	2026-09-26
82	2025-01-31	dx	op	preg-week-36	2023-12-23	2026-09-26
82	2025-02-04	dx	ip	preg-week-37	2023-12-23	2026-09-26
82	2025-02-04	dx	op	g-hypert-p	2023-12-23	2026-09-26
82	2025-02-07	dx	op	preg-week-37	2023-12-23	2026-09-26
82	2025-02-07	dx	op	g-hypert-p	2023-12-23	2026-09-26
82	2025-02-07	dx	ip	birth-outcom	2023-12-23	2026-09-26
82	2025-02-08	dx	op	birth	2023-12-23	2026-09-26
82	2025-02-08	dx	op	preg-week-37	2023-12-23	2026-09-26
82	2025-02-08	dx	ip	birth-outcom	2023-12-23	2026-09-26
82	2025-02-08	dx	op	g-hypert-p	2023-12-23	2026-09-26
82	2025-02-08	px	op	birth-px	2023-12-23	2026-09-26
83	2022-01-21	dx	op	preg-week-18	2014-02-11	2026-10-25
83	2022-01-21	dx	op	preg-care	2014-02-11	2026-10-25
83	2022-01-24	dx	op	ant-scrn	2014-02-11	2026-10-25
83	2022-01-24	dx	op	preg-week-19	2014-02-11	2026-10-25
83	2022-02-21	dx	op	preg-week-23	2014-02-11	2026-10-25
83	2022-02-21	dx	ip	preg-care	2014-02-11	2026-10-25
83	2022-03-25	dx	op	preg-care	2014-02-11	2026-10-25
83	2022-03-25	dx	op	preg-week-27	2014-02-11	2026-10-25
83	2022-03-29	dx	ip	preg-week-27	2014-02-11	2026-10-25
83	2022-03-29	dx	op	preg-care	2014-02-11	2026-10-25
83	2022-04-19	dx	op	preg-care	2014-02-11	2026-10-25
83	2022-04-19	dx	op	preg-week-31	2014-02-11	2026-10-25
83	2022-05-04	dx	op	preg-care	2014-02-11	2026-10-25
83	2022-05-04	dx	op	preg-week-33	2014-02-11	2026-10-25
83	2022-05-04	dx	op	hrp-care	2014-02-11	2026-10-25
83	2022-05-17	dx	op	hrp-care	2014-02-11	2026-10-25
83	2022-05-17	dx	op	preg-week-35	2014-02-11	2026-10-25
83	2022-05-18	dx	op	preg-week-35	2014-02-11	2026-10-25
83	2022-05-18	dx	ip	preg-care	2014-02-11	2026-10-25
83	2022-05-27	dx	op	hrp-care	2014-02-11	2026-10-25
83	2022-05-27	dx	op	preg-week-36	2014-02-11	2026-10-25
83	2022-05-27	dx	op	preg-care	2014-02-11	2026-10-25
83	2022-05-27	dx	op	ant-scrn	2014-02-11	2026-10-25
83	2022-06-01	dx	ip	preg-week-37	2014-02-11	2026-10-25
83	2022-06-01	dx	op	preg-care	2014-02-11	2026-10-25
83	2022-06-07	dx	ip	preg-care	2014-02-11	2026-10-25
83	2022-06-07	dx	op	preg-week-38	2014-02-11	2026-10-25
83	2022-06-09	dx	op	trauma	2014-02-11	2026-10-25
83	2022-06-09	dx	op	preg-week-38	2014-02-11	2026-10-25
83	2022-06-09	px	op	birth-px	2014-02-11	2026-10-25
83	2022-06-09	dx	ip	birth-outcom	2014-02-11	2026-10-25
83	2022-07-26	dx	op	post-care	2014-02-11	2026-10-25
83	2024-01-09	px	ip	birth-px	2014-02-11	2026-10-25
83	2024-01-16	tx_px	op	psy-thrp	2014-02-11	2026-10-25
83	2024-01-23	tx_px	op	psy-thrp	2014-02-11	2026-10-25
83	2024-01-30	tx_px	op	psy-thrp	2014-02-11	2026-10-25
83	2024-02-06	tx_px	op	psy-thrp	2014-02-11	2026-10-25
83	2024-03-13	tx_px	op	psy-thrp	2014-02-11	2026-10-25
83	2024-07-30	tx_px	op	psy-thrp	2014-02-11	2026-10-25
83	2024-08-13	tx_px	op	psy-thrp	2014-02-11	2026-10-25
83	2024-08-21	dx	op	mdd	2014-02-11	2026-10-25
83	2024-08-21	tx_rx	pharmacy	SERTRALINE	2014-02-11	2026-10-25
83	2024-09-12	tx_rx	pharmacy	SERTRALINE	2014-02-11	2026-10-25
83	2024-10-01	tx_px	op	psy-thrp	2014-02-11	2026-10-25
83	2024-10-05	dx	op	hemo-preg	2014-02-11	2026-10-25
83	2024-10-05	dx	op	preg-week-01	2014-02-11	2026-10-25
83	2024-10-16	dx	op	mdd	2014-02-11	2026-10-25
83	2024-10-16	dx	op	abrnl-fetus-care2	2014-02-11	2026-10-25
83	2024-10-16	tx_rx	pharmacy	SERTRALINE	2014-02-11	2026-10-25
83	2024-10-18	px	op	birth-px	2014-02-11	2026-10-25
83	2024-10-18	dx	op	s-abort	2014-02-11	2026-10-25
83	2024-10-22	tx_px	op	psy-thrp	2014-02-11	2026-10-25
83	2024-11-20	tx_px	op	psy-thrp	2014-02-11	2026-10-25
83	2024-12-06	px	op	birth-px	2014-02-11	2026-10-25
83	2024-12-06	dx	op	mdd	2014-02-11	2026-10-25
83	2024-12-06	dx	ip	spl-scrn	2014-02-11	2026-10-25
83	2024-12-06	dx	op	spl-scrn	2014-02-11	2026-10-25
83	2024-12-10	tx_px	op	psy-thrp	2014-02-11	2026-10-25
83	2025-01-08	tx_px	op	psy-thrp	2014-02-11	2026-10-25
83	2025-01-16	tx_rx	pharmacy	SERTRALINE	2014-02-11	2026-10-25
83	2025-02-04	tx_px	op	psy-thrp	2014-02-11	2026-10-25
83	2025-03-25	dx	op	hrp-care	2014-02-11	2026-10-25
83	2025-03-25	dx	op	preg-week-09	2014-02-11	2026-10-25
83	2025-03-25	px	ip	birth-px	2014-02-11	2026-10-25
83	2025-03-25	dx	op	mdd	2014-02-11	2026-10-25
83	2025-03-25	dx	op	compl-preg4	2014-02-11	2026-10-25
83	2025-03-25	dx	op	abrnl-fetus-care2	2014-02-11	2026-10-25
83	2025-03-31	dx	op	preg-care	2014-02-11	2026-10-25
83	2025-04-07	tx_rx	pharmacy	SERTRALINE	2014-02-11	2026-10-25
83	2025-04-16	dx	op	ant-scrn	2014-02-11	2026-10-25
83	2025-04-16	dx	op	preg-week-12	2014-02-11	2026-10-25
83	2025-04-22	tx_px	op	psy-thrp	2014-02-11	2026-10-25
83	2025-04-23	dx	op	hrp-care	2014-02-11	2026-10-25
83	2025-04-23	dx	op	preg-week-13	2014-02-11	2026-10-25
83	2025-05-23	dx	op	preg-care	2014-02-11	2026-10-25
83	2025-05-23	dx	op	preg-week-17	2014-02-11	2026-10-25
83	2025-05-23	dx	op	hrp-care	2014-02-11	2026-10-25
84	2024-05-22	dx	op	preg-care	2016-05-14	2026-12-06
84	2024-06-19	dx	op	preg-care	2016-05-14	2026-12-06
84	2024-06-20	dx	ip	preg-care	2016-05-14	2026-12-06
84	2024-07-14	dx	op	preg-care	2016-05-14	2026-12-06
84	2024-08-28	dx	op	ant-scrn	2016-05-14	2026-12-06
84	2024-10-06	dx	op	preg-week-27	2016-05-14	2026-12-06
84	2024-11-13	dx	op	ant-scrn	2016-05-14	2026-12-06
84	2024-11-22	dx	op	spl-scrn	2016-05-14	2026-12-06
84	2024-11-22	dx	op	preg-care	2016-05-14	2026-12-06
84	2024-11-22	dx	op	preg-week-32	2016-05-14	2026-12-06
84	2024-12-06	dx	op	preg-week-34	2016-05-14	2026-12-06
84	2024-12-06	dx	op	preg-care	2016-05-14	2026-12-06
84	2024-12-11	dx	op	hrp-care	2016-05-14	2026-12-06
84	2024-12-13	dx	ip	ant-scrn	2016-05-14	2026-12-06
84	2024-12-13	dx	op	preg-week-35	2016-05-14	2026-12-06
84	2024-12-13	dx	op	preg-care	2016-05-14	2026-12-06
84	2024-12-20	dx	op	preg-care	2016-05-14	2026-12-06
84	2024-12-20	dx	op	preg-week-36	2016-05-14	2026-12-06
84	2024-12-26	dx	ip	preg-care	2016-05-14	2026-12-06
84	2024-12-26	dx	op	preg-week-37	2016-05-14	2026-12-06
84	2024-12-27	dx	op	compl-preg3	2016-05-14	2026-12-06
84	2024-12-27	dx	ip	birth	2016-05-14	2026-12-06
84	2024-12-27	px	op	birth-px	2016-05-14	2026-12-06
84	2024-12-27	dx	op	birth-outcom	2016-05-14	2026-12-06
84	2025-02-06	dx	op	spl-scrn	2016-05-14	2026-12-06
84	2025-02-06	dx	op	post-care	2016-05-14	2026-12-06
85	2022-03-16	dx	ip	ant-scrn	2020-04-14	2026-07-06
85	2022-03-16	dx	op	preg-week-19	2020-04-14	2026-07-06
85	2022-06-08	dx	op	ant-scrn	2020-04-14	2026-07-06
85	2022-06-08	dx	op	preg-week-31	2020-04-14	2026-07-06
85	2022-07-06	dx	op	preg-week-36	2020-04-14	2026-07-06
85	2022-07-06	dx	op	preg-care	2020-04-14	2026-07-06
85	2024-06-13	dx	op	preg-week-25	2020-04-14	2026-07-06
85	2024-09-02	dx	op	preg-week-37	2020-04-14	2026-07-06
85	2024-09-02	dx	op	birth-outcom	2020-04-14	2026-07-06
85	2024-09-02	dx	op	birth	2020-04-14	2026-07-06
85	2024-11-14	tx_rx	pharmacy	ARIPIPRAZOLE	2020-04-14	2026-07-06
86	2024-10-09	dx	op	hemo-preg	2013-07-07	2026-10-12
86	2025-01-22	dx	op	preg-week-00	2013-07-07	2026-10-12
86	2025-01-29	px	ip	birth-px	2013-07-07	2026-10-12
86	2025-05-20	dx	op	preg-week-10	2013-07-07	2026-10-12
86	2025-05-20	dx	op	ant-scrn	2013-07-07	2026-10-12
86	2025-05-27	dx	op	preg-care	2013-07-07	2026-10-12
87	2022-06-23	tx_rx	pharmacy	BUPROPION	2021-10-07	2026-07-23
87	2022-08-07	tx_rx	pharmacy	BUPROPION	2021-10-07	2026-07-23
87	2022-09-07	tx_rx	pharmacy	BUPROPION	2021-10-07	2026-07-23
87	2022-10-04	tx_rx	pharmacy	BUPROPION	2021-10-07	2026-07-23
87	2022-10-27	tx_rx	pharmacy	BUPROPION	2021-10-07	2026-07-23
87	2022-11-23	tx_rx	pharmacy	BUPROPION	2021-10-07	2026-07-23
87	2023-01-03	tx_rx	pharmacy	BUPROPION	2021-10-07	2026-07-23
87	2023-01-27	tx_rx	pharmacy	BUPROPION	2021-10-07	2026-07-23
87	2023-03-03	tx_rx	pharmacy	OLANZAPINE	2021-10-07	2026-07-23
87	2023-03-03	tx_rx	pharmacy	BUPROPION	2021-10-07	2026-07-23
87	2023-03-27	tx_rx	pharmacy	OLANZAPINE	2021-10-07	2026-07-23
87	2023-04-20	tx_rx	pharmacy	BUPROPION	2021-10-07	2026-07-23
87	2023-05-23	tx_rx	pharmacy	BUPROPION	2021-10-07	2026-07-23
87	2023-07-05	tx_rx	pharmacy	BUPROPION	2021-10-07	2026-07-23
87	2023-08-07	tx_rx	pharmacy	BUPROPION	2021-10-07	2026-07-23
87	2023-09-05	tx_rx	pharmacy	BUPROPION	2021-10-07	2026-07-23
87	2023-10-08	tx_rx	pharmacy	BUPROPION	2021-10-07	2026-07-23
87	2023-10-16	tx_rx	pharmacy	OLANZAPINE	2021-10-07	2026-07-23
87	2023-12-12	dx	op	r-mdd	2021-10-07	2026-07-23
87	2023-12-12	tx_px	ip	psy-thrp	2021-10-07	2026-07-23
87	2023-12-29	dx	op	r-mdd	2021-10-07	2026-07-23
87	2023-12-29	tx_px	op	psy-thrp	2021-10-07	2026-07-23
87	2024-06-06	dx	ip	preg-care	2021-10-07	2026-07-23
87	2024-07-23	dx	op	preg-care	2021-10-07	2026-07-23
87	2024-12-05	dx	op	preg-care	2021-10-07	2026-07-23
87	2024-12-11	dx	op	preg-care	2021-10-07	2026-07-23
87	2024-12-18	dx	ip	birth-outcom	2021-10-07	2026-07-23
87	2024-12-18	dx	op	preg-week-39	2021-10-07	2026-07-23
87	2024-12-18	px	op	birth-px	2021-10-07	2026-07-23
87	2024-12-18	dx	op	birth	2021-10-07	2026-07-23
87	2025-01-15	px	op	birth-px	2021-10-07	2026-07-23
87	2025-01-15	dx	op	spl-scrn	2021-10-07	2026-07-23
88	2024-02-20	dx	ip	preg-week-15	2019-08-31	2026-08-27
88	2024-02-20	dx	op	hrp-care	2019-08-31	2026-08-27
88	2024-02-20	dx	op	ant-scrn	2019-08-31	2026-08-27
88	2024-03-18	dx	op	preg-care	2019-08-31	2026-08-27
88	2024-03-19	dx	op	preg-care	2019-08-31	2026-08-27
88	2024-04-03	dx	op	hrp-care	2019-08-31	2026-08-27
88	2024-04-03	dx	op	preg-week-22	2019-08-31	2026-08-27
88	2024-04-03	dx	op	abrnl-preg2	2019-08-31	2026-08-27
88	2024-04-16	dx	op	abrnl-preg2	2019-08-31	2026-08-27
88	2024-04-16	dx	op	hrp-care	2019-08-31	2026-08-27
88	2024-04-30	dx	op	preg-week-25	2019-08-31	2026-08-27
88	2024-04-30	dx	op	hrp-care	2019-08-31	2026-08-27
88	2024-05-01	dx	op	preg-care	2019-08-31	2026-08-27
88	2024-05-14	dx	ip	hrp-care	2019-08-31	2026-08-27
88	2024-05-14	dx	op	hrp-care	2019-08-31	2026-08-27
88	2024-05-14	dx	op	abrnl-preg2	2019-08-31	2026-08-27
88	2024-05-14	dx	op	preg-week-27	2019-08-31	2026-08-27
88	2024-05-28	dx	ip	hrp-care	2019-08-31	2026-08-27
88	2024-05-28	dx	op	preg-week-29	2019-08-31	2026-08-27
88	2024-05-28	dx	ip	abrnl-fetus-care2	2019-08-31	2026-08-27
88	2024-05-30	dx	op	ant-scrn	2019-08-31	2026-08-27
88	2024-05-31	dx	op	preg-week-30	2019-08-31	2026-08-27
88	2024-05-31	dx	op	hrp-care	2019-08-31	2026-08-27
88	2024-06-13	dx	op	preg-week-32	2019-08-31	2026-08-27
88	2024-06-13	dx	op	hrp-care	2019-08-31	2026-08-27
88	2024-06-13	dx	op	ant-scrn	2019-08-31	2026-08-27
88	2024-06-13	dx	op	diab-preg	2019-08-31	2026-08-27
88	2024-06-18	dx	ip	hrp-care	2019-08-31	2026-08-27
88	2024-06-18	dx	op	preg-week-32	2019-08-31	2026-08-27
88	2024-06-18	dx	op	hrp-care	2019-08-31	2026-08-27
88	2024-06-18	dx	ip	diab-preg	2019-08-31	2026-08-27
88	2024-06-20	dx	op	diab-preg	2019-08-31	2026-08-27
88	2024-06-20	dx	op	preg-week-33	2019-08-31	2026-08-27
88	2024-06-26	dx	op	preg-week-34	2019-08-31	2026-08-27
88	2024-06-26	dx	op	abrnl-fetus-care2	2019-08-31	2026-08-27
88	2024-06-26	dx	op	diab-preg	2019-08-31	2026-08-27
88	2024-06-26	dx	op	hrp-care	2019-08-31	2026-08-27
88	2024-06-27	dx	op	diab-preg	2019-08-31	2026-08-27
88	2024-06-27	dx	op	preg-week-34	2019-08-31	2026-08-27
88	2024-07-02	dx	op	diab-preg	2019-08-31	2026-08-27
88	2024-07-02	dx	op	hrp-care	2019-08-31	2026-08-27
88	2024-07-02	dx	op	abrnl-fetus-care2	2019-08-31	2026-08-27
88	2024-07-02	dx	op	preg-week-34	2019-08-31	2026-08-27
88	2024-07-05	dx	op	hrp-care	2019-08-31	2026-08-27
88	2024-07-05	dx	op	preg-week-35	2019-08-31	2026-08-27
88	2024-07-05	dx	ip	abrnl-preg2	2019-08-31	2026-08-27
88	2024-07-09	dx	op	diab-preg	2019-08-31	2026-08-27
88	2024-07-09	dx	op	abrnl-fetus-care2	2019-08-31	2026-08-27
88	2024-07-09	dx	op	hrp-care	2019-08-31	2026-08-27
88	2024-07-09	dx	ip	preg-week-35	2019-08-31	2026-08-27
88	2024-07-11	dx	op	preg-week-36	2019-08-31	2026-08-27
88	2024-07-11	dx	op	hrp-care	2019-08-31	2026-08-27
88	2024-07-11	dx	ip	hrp-care	2019-08-31	2026-08-27
88	2024-07-11	dx	op	abrnl-preg2	2019-08-31	2026-08-27
88	2024-07-12	dx	op	abrnl-fetus-care2	2019-08-31	2026-08-27
88	2024-07-12	dx	op	hrp-care	2019-08-31	2026-08-27
88	2024-07-12	dx	op	abrnl-preg2	2019-08-31	2026-08-27
88	2024-07-12	dx	op	diab-preg	2019-08-31	2026-08-27
88	2024-07-16	dx	ip	hrp-care	2019-08-31	2026-08-27
88	2024-07-16	dx	op	abrnl-fetus-care2	2019-08-31	2026-08-27
88	2024-07-16	dx	op	hrp-care	2019-08-31	2026-08-27
88	2024-07-16	dx	op	abrnl-preg2	2019-08-31	2026-08-27
88	2024-07-16	dx	op	diab-preg	2019-08-31	2026-08-27
88	2024-07-18	dx	ip	hrp-care	2019-08-31	2026-08-27
88	2024-07-18	dx	op	diab-preg	2019-08-31	2026-08-27
88	2024-07-18	dx	op	preg-week-36	2019-08-31	2026-08-27
88	2024-07-18	dx	op	hrp-care	2019-08-31	2026-08-27
88	2024-07-23	dx	op	hrp-care	2019-08-31	2026-08-27
88	2024-07-23	dx	op	abrnl-fetus-care2	2019-08-31	2026-08-27
88	2024-07-23	dx	op	diab-preg	2019-08-31	2026-08-27
88	2024-07-23	dx	ip	hrp-care	2019-08-31	2026-08-27
88	2024-07-25	dx	op	abrnl-preg2	2019-08-31	2026-08-27
88	2024-07-25	dx	op	preg-week-37	2019-08-31	2026-08-27
88	2024-07-25	dx	op	hrp-care	2019-08-31	2026-08-27
88	2024-07-25	dx	ip	abrnl-fetus-care2	2019-08-31	2026-08-27
88	2024-07-30	dx	op	hrp-care	2019-08-31	2026-08-27
88	2024-07-30	dx	op	abrnl-preg2	2019-08-31	2026-08-27
88	2024-07-30	dx	op	placenta-prob	2019-08-31	2026-08-27
88	2024-07-30	dx	op	diab-preg	2019-08-31	2026-08-27
88	2024-07-30	dx	op	preg-week-38	2019-08-31	2026-08-27
88	2024-08-01	dx	op	birth-outcom	2019-08-31	2026-08-27
88	2024-08-01	dx	op	preg-week-38	2019-08-31	2026-08-27
88	2024-08-01	dx	ip	abrnl-fetus-care2	2019-08-31	2026-08-27
88	2024-08-01	dx	op	diab-preg	2019-08-31	2026-08-27
88	2024-08-01	px	ip	birth-px	2019-08-31	2026-08-27
89	2022-09-06	tx_rx	pharmacy	DULOXETINE	2018-09-16	2026-11-24
89	2022-09-06	tx_rx	pharmacy	BUPROPION	2018-09-16	2026-11-24
89	2022-09-15	tx_rx	pharmacy	BUPROPION	2018-09-16	2026-11-24
89	2022-09-22	tx_rx	pharmacy	DULOXETINE	2018-09-16	2026-11-24
89	2022-10-07	tx_rx	pharmacy	DULOXETINE	2018-09-16	2026-11-24
89	2022-10-13	tx_rx	pharmacy	BUPROPION	2018-09-16	2026-11-24
89	2022-10-21	tx_rx	pharmacy	DULOXETINE	2018-09-16	2026-11-24
89	2022-11-03	tx_rx	pharmacy	DULOXETINE	2018-09-16	2026-11-24
89	2022-11-14	tx_rx	pharmacy	BUPROPION	2018-09-16	2026-11-24
89	2022-11-21	tx_rx	pharmacy	DULOXETINE	2018-09-16	2026-11-24
89	2022-11-21	tx_rx	pharmacy	BUPROPION	2018-09-16	2026-11-24
89	2022-12-01	tx_rx	pharmacy	BUPROPION	2018-09-16	2026-11-24
89	2022-12-03	tx_rx	pharmacy	DULOXETINE	2018-09-16	2026-11-24
89	2022-12-03	tx_rx	pharmacy	BUPROPION	2018-09-16	2026-11-24
89	2022-12-16	tx_rx	pharmacy	BUPROPION	2018-09-16	2026-11-24
89	2022-12-16	tx_rx	pharmacy	DULOXETINE	2018-09-16	2026-11-24
89	2022-12-29	tx_rx	pharmacy	DULOXETINE	2018-09-16	2026-11-24
89	2022-12-29	tx_rx	pharmacy	BUPROPION	2018-09-16	2026-11-24
89	2023-01-13	tx_rx	pharmacy	BUPROPION	2018-09-16	2026-11-24
89	2023-01-13	tx_rx	pharmacy	DULOXETINE	2018-09-16	2026-11-24
89	2023-01-26	tx_rx	pharmacy	BUPROPION	2018-09-16	2026-11-24
89	2023-01-30	tx_rx	pharmacy	DULOXETINE	2018-09-16	2026-11-24
89	2023-02-09	tx_rx	pharmacy	BUPROPION	2018-09-16	2026-11-24
89	2023-02-14	tx_rx	pharmacy	DULOXETINE	2018-09-16	2026-11-24
89	2023-02-22	tx_rx	pharmacy	BUPROPION	2018-09-16	2026-11-24
89	2023-03-02	tx_rx	pharmacy	DULOXETINE	2018-09-16	2026-11-24
89	2023-03-10	tx_rx	pharmacy	BUPROPION	2018-09-16	2026-11-24
89	2023-03-28	tx_rx	pharmacy	DULOXETINE	2018-09-16	2026-11-24
89	2023-04-05	tx_rx	pharmacy	BUPROPION	2018-09-16	2026-11-24
89	2023-04-26	tx_rx	pharmacy	DULOXETINE	2018-09-16	2026-11-24
89	2023-05-05	tx_rx	pharmacy	BUPROPION	2018-09-16	2026-11-24
89	2023-05-06	tx_rx	pharmacy	BUPROPION	2018-09-16	2026-11-24
89	2023-05-31	tx_rx	pharmacy	DULOXETINE	2018-09-16	2026-11-24
89	2023-06-06	tx_rx	pharmacy	BUPROPION	2018-09-16	2026-11-24
89	2023-06-27	tx_rx	pharmacy	DULOXETINE	2018-09-16	2026-11-24
89	2023-07-07	tx_rx	pharmacy	BUPROPION	2018-09-16	2026-11-24
89	2023-07-28	tx_rx	pharmacy	DULOXETINE	2018-09-16	2026-11-24
89	2023-08-09	tx_rx	pharmacy	BUPROPION	2018-09-16	2026-11-24
89	2023-08-28	tx_rx	pharmacy	DULOXETINE	2018-09-16	2026-11-24
89	2023-08-31	tx_rx	pharmacy	TRAZODONE	2018-09-16	2026-11-24
89	2023-09-06	tx_rx	pharmacy	BUPROPION	2018-09-16	2026-11-24
89	2023-09-07	tx_rx	pharmacy	BUPROPION	2018-09-16	2026-11-24
89	2023-09-27	tx_rx	pharmacy	DULOXETINE	2018-09-16	2026-11-24
89	2023-10-03	tx_rx	pharmacy	BUPROPION	2018-09-16	2026-11-24
89	2023-11-03	tx_rx	pharmacy	BUPROPION	2018-09-16	2026-11-24
89	2023-11-20	dx	op	hrp-care	2018-09-16	2026-11-24
89	2023-12-08	dx	op	spl-scrn	2018-09-16	2026-11-24
89	2023-12-08	dx	op	ant-scrn	2018-09-16	2026-11-24
89	2023-12-11	dx	ip	preg-care	2018-09-16	2026-11-24
89	2023-12-11	dx	ip	preg-week-10	2018-09-16	2026-11-24
89	2024-02-21	dx	op	ant-scrn	2018-09-16	2026-11-24
89	2024-02-21	dx	ip	preg-week-20	2018-09-16	2026-11-24
89	2024-04-01	dx	op	compl-preg4	2018-09-16	2026-11-24
89	2024-04-01	dx	ip	abrnl-fetus-care2	2018-09-16	2026-11-24
89	2024-04-29	dx	op	diab-preg	2018-09-16	2026-11-24
89	2024-04-29	dx	op	compl-preg4	2018-09-16	2026-11-24
89	2024-04-29	dx	op	preg-week-30	2018-09-16	2026-11-24
89	2024-05-06	dx	ip	diab-preg	2018-09-16	2026-11-24
89	2024-05-06	dx	op	preg-week-31	2018-09-16	2026-11-24
89	2024-05-06	dx	op	hrp-care	2018-09-16	2026-11-24
89	2024-05-06	dx	op	compl-preg4	2018-09-16	2026-11-24
89	2024-05-16	dx	op	hrp-care	2018-09-16	2026-11-24
89	2024-05-16	dx	op	compl-preg4	2018-09-16	2026-11-24
89	2024-05-16	dx	op	diab-preg	2018-09-16	2026-11-24
89	2024-05-16	dx	op	preg-week-32	2018-09-16	2026-11-24
89	2024-05-20	dx	op	preg-week-33	2018-09-16	2026-11-24
89	2024-05-20	dx	op	diab-preg	2018-09-16	2026-11-24
89	2024-05-23	dx	op	compl-preg4	2018-09-16	2026-11-24
89	2024-05-23	dx	op	diab-preg	2018-09-16	2026-11-24
89	2024-05-23	dx	op	preg-week-33	2018-09-16	2026-11-24
89	2024-05-30	dx	op	hrp-care	2018-09-16	2026-11-24
89	2024-05-30	dx	ip	compl-preg4	2018-09-16	2026-11-24
89	2024-05-30	dx	op	compl-preg4	2018-09-16	2026-11-24
89	2024-05-30	dx	op	diab-preg	2018-09-16	2026-11-24
89	2024-05-30	dx	ip	preg-week-34	2018-09-16	2026-11-24
89	2024-06-03	dx	op	preg-week-34	2018-09-16	2026-11-24
89	2024-06-03	dx	op	diab-preg	2018-09-16	2026-11-24
89	2024-06-05	dx	op	preg-week-35	2018-09-16	2026-11-24
89	2024-06-06	dx	ip	diab-preg	2018-09-16	2026-11-24
89	2024-06-06	dx	op	preg-week-35	2018-09-16	2026-11-24
89	2024-06-06	dx	op	compl-preg4	2018-09-16	2026-11-24
89	2024-06-06	dx	ip	hrp-care	2018-09-16	2026-11-24
89	2024-06-10	dx	op	preg-week-36	2018-09-16	2026-11-24
89	2024-06-10	dx	op	diab-preg	2018-09-16	2026-11-24
89	2024-06-14	dx	op	compl-preg4	2018-09-16	2026-11-24
89	2024-06-14	dx	op	hrp-care	2018-09-16	2026-11-24
89	2024-06-14	dx	op	preg-week-36	2018-09-16	2026-11-24
89	2024-06-14	dx	op	diab-preg	2018-09-16	2026-11-24
89	2024-06-14	dx	ip	compl-preg4	2018-09-16	2026-11-24
89	2024-06-17	dx	op	diab-preg	2018-09-16	2026-11-24
89	2024-06-17	dx	op	preg-week-37	2018-09-16	2026-11-24
89	2024-06-20	dx	op	compl-preg4	2018-09-16	2026-11-24
89	2024-06-20	dx	op	diab-preg	2018-09-16	2026-11-24
89	2024-06-20	dx	ip	hrp-care	2018-09-16	2026-11-24
89	2024-06-20	dx	op	abrnl-fetus-care2	2018-09-16	2026-11-24
89	2024-06-20	dx	op	hrp-care	2018-09-16	2026-11-24
89	2024-06-24	dx	op	diab-preg	2018-09-16	2026-11-24
89	2024-06-24	dx	op	preg-week-38	2018-09-16	2026-11-24
89	2024-06-27	dx	op	preg-week-38	2018-09-16	2026-11-24
89	2024-06-27	dx	op	compl-preg4	2018-09-16	2026-11-24
89	2024-06-27	dx	op	diab-preg	2018-09-16	2026-11-24
89	2024-06-27	dx	op	abrnl-fetus-care2	2018-09-16	2026-11-24
89	2024-06-27	dx	op	hrp-care	2018-09-16	2026-11-24
89	2024-06-29	dx	op	abrnl-fetus-care2	2018-09-16	2026-11-24
89	2024-07-01	dx	op	diab-preg	2018-09-16	2026-11-24
89	2024-07-01	dx	op	c-birth	2018-09-16	2026-11-24
89	2024-07-01	dx	ip	compl-preg4	2018-09-16	2026-11-24
89	2024-07-01	dx	op	abrnl-fetus-care2	2018-09-16	2026-11-24
89	2024-07-01	dx	ip	birth-outcom	2018-09-16	2026-11-24
89	2024-07-01	dx	op	preg-week-39	2018-09-16	2026-11-24
89	2024-07-01	px	ip	birth-px	2018-09-16	2026-11-24
89	2024-07-18	tx_rx	pharmacy	ESCITALOPRAM	2018-09-16	2026-11-24
89	2024-08-12	tx_rx	pharmacy	ESCITALOPRAM	2018-09-16	2026-11-24
89	2024-09-05	tx_rx	pharmacy	VORTIOXETINE	2018-09-16	2026-11-24
89	2024-10-02	tx_rx	pharmacy	VORTIOXETINE	2018-09-16	2026-11-24
89	2024-10-31	tx_rx	pharmacy	VORTIOXETINE	2018-09-16	2026-11-24
89	2024-12-01	tx_rx	pharmacy	VORTIOXETINE	2018-09-16	2026-11-24
89	2024-12-13	tx_rx	pharmacy	BUPROPION	2018-09-16	2026-11-24
89	2024-12-15	tx_rx	pharmacy	BREXPIPRAZOLE	2018-09-16	2026-11-24
89	2024-12-27	tx_rx	pharmacy	BREXPIPRAZOLE	2018-09-16	2026-11-24
89	2025-01-15	tx_rx	pharmacy	BUPROPION	2018-09-16	2026-11-24
89	2025-01-16	tx_rx	pharmacy	CARIPRAZINE	2018-09-16	2026-11-24
90	2022-06-21	dx	op	hemo-preg	2018-07-18	2026-03-16
90	2022-09-19	dx	op	ant-scrn	2018-07-18	2026-03-16
90	2022-09-19	dx	op	preg-week-20	2018-07-18	2026-03-16
90	2022-10-17	dx	op	ant-scrn	2018-07-18	2026-03-16
90	2022-11-21	dx	ip	ant-scrn	2018-07-18	2026-03-16
90	2022-12-12	dx	op	ant-scrn	2018-07-18	2026-03-16
90	2023-01-05	dx	ip	preg-week-36	2018-07-18	2026-03-16
90	2023-01-09	dx	ip	preg-week-36	2018-07-18	2026-03-16
90	2023-01-10	px	op	birth-px	2018-07-18	2026-03-16
90	2023-01-10	px	ip	birth-px	2018-07-18	2026-03-16
91	2023-07-08	dx	op	birth-outcom	2011-12-24	2026-10-05
91	2023-07-08	dx	op	birth	2011-12-24	2026-10-05
91	2024-02-11	dx	op	s-abort	2011-12-24	2026-10-05
91	2024-02-11	dx	op	preg-week-09	2011-12-24	2026-10-05
91	2024-02-12	dx	op	preg-care	2011-12-24	2026-10-05
91	2024-07-17	dx	op	incidental, preg-unplnd	2011-12-24	2026-10-05
91	2024-07-17	px	op	birth-px	2011-12-24	2026-10-05
92	2022-06-29	dx	op	preg-week-01	2014-02-04	2026-09-11
92	2022-06-29	dx	ip	hrp-care	2014-02-04	2026-09-11
92	2022-07-02	dx	op	hrp-care	2014-02-04	2026-09-11
92	2022-07-02	dx	op	preg-week-01	2014-02-04	2026-09-11
92	2022-09-08	dx	op	hemo-preg	2014-02-04	2026-09-11
92	2022-09-08	dx	ip	preg-week-15	2014-02-04	2026-09-11
92	2022-09-08	dx	op	hrp-care	2014-02-04	2026-09-11
92	2024-12-08	dx	op	preg-week-01	2014-02-04	2026-09-11
92	2024-12-08	dx	op	hrp-care	2014-02-04	2026-09-11
92	2024-12-08	dx	op	hemo-preg	2014-02-04	2026-09-11
92	2024-12-10	px	op	birth-px	2014-02-04	2026-09-11
92	2024-12-10	dx	op	preg-week-01	2014-02-04	2026-09-11
93	2022-12-08	dx	op	preg-week-21	2023-07-24	2026-07-17
93	2022-12-08	dx	ip	ant-scrn	2023-07-24	2026-07-17
93	2022-12-08	dx	op	ant-scrn	2023-07-24	2026-07-17
93	2022-12-08	dx	op	hrp-care	2023-07-24	2026-07-17
93	2022-12-14	dx	op	preg-care	2023-07-24	2026-07-17
93	2022-12-14	dx	op	ant-scrn	2023-07-24	2026-07-17
93	2022-12-14	dx	op	preg-week-22	2023-07-24	2026-07-17
93	2023-01-04	dx	op	preg-week-25	2023-07-24	2026-07-17
93	2023-01-12	dx	op	preg-week-26	2023-07-24	2026-07-17
93	2023-01-25	dx	ip	preg-care	2023-07-24	2026-07-17
93	2023-01-25	dx	op	ant-scrn	2023-07-24	2026-07-17
93	2023-01-25	dx	op	preg-care	2023-07-24	2026-07-17
93	2023-02-09	dx	op	compl-preg4	2023-07-24	2026-07-17
93	2023-02-09	dx	op	preg-care	2023-07-24	2026-07-17
93	2023-02-09	dx	op	preg-week-30	2023-07-24	2026-07-17
93	2023-02-24	dx	op	preg-week-32	2023-07-24	2026-07-17
93	2023-02-24	dx	op	compl-preg4	2023-07-24	2026-07-17
93	2023-02-24	dx	op	hrp-care	2023-07-24	2026-07-17
93	2023-03-09	dx	op	preg-week-34	2023-07-24	2026-07-17
93	2023-03-09	dx	op	hrp-care	2023-07-24	2026-07-17
93	2023-03-09	dx	ip	compl-preg4	2023-07-24	2026-07-17
93	2023-03-13	dx	op	hrp-care	2023-07-24	2026-07-17
93	2023-03-13	dx	op	compl-preg4	2023-07-24	2026-07-17
93	2023-03-24	dx	op	ant-scrn	2023-07-24	2026-07-17
93	2023-03-24	dx	op	compl-preg4	2023-07-24	2026-07-17
93	2023-03-24	dx	op	hrp-care	2023-07-24	2026-07-17
93	2023-03-24	dx	ip	preg-care	2023-07-24	2026-07-17
93	2023-03-24	dx	op	preg-week-36	2023-07-24	2026-07-17
93	2023-03-24	dx	op	preg-care	2023-07-24	2026-07-17
93	2023-03-30	dx	op	compl-preg4	2023-07-24	2026-07-17
93	2023-03-30	dx	op	hrp-care	2023-07-24	2026-07-17
93	2023-03-30	dx	op	preg-week-37	2023-07-24	2026-07-17
93	2023-03-31	dx	op	compl-preg4	2023-07-24	2026-07-17
93	2023-03-31	px	op	birth-px	2023-07-24	2026-07-17
93	2023-03-31	dx	op	preterm-lbr	2023-07-24	2026-07-17
93	2023-03-31	dx	op	hrp-care	2023-07-24	2026-07-17
93	2024-04-24	px	op	birth-px	2023-07-24	2026-07-17
93	2024-04-24	dx	op	spl-scrn	2023-07-24	2026-07-17
93	2024-04-24	dx	op	preg-week-01	2023-07-24	2026-07-17
93	2024-05-20	dx	op	preg-week-11	2023-07-24	2026-07-17
93	2024-05-20	dx	ip	preg-care	2023-07-24	2026-07-17
93	2024-07-11	dx	op	ant-scrn	2023-07-24	2026-07-17
93	2024-07-11	dx	op	abrnl-fetus-care1	2023-07-24	2026-07-17
93	2024-07-11	dx	op	hrp-care	2023-07-24	2026-07-17
93	2024-07-11	dx	op	preg-week-19	2023-07-24	2026-07-17
93	2024-07-11	dx	op	compl-preg4	2023-07-24	2026-07-17
93	2024-08-19	dx	op	abrnl-fetus-care1	2023-07-24	2026-07-17
93	2024-08-19	dx	op	preg-week-24	2023-07-24	2026-07-17
93	2024-08-19	dx	op	compl-preg4	2023-07-24	2026-07-17
93	2024-08-19	dx	op	hrp-care	2023-07-24	2026-07-17
93	2024-09-10	dx	op	preg-care	2023-07-24	2026-07-17
93	2024-09-10	px	op	birth-px	2023-07-24	2026-07-17
93	2024-09-10	dx	ip	spl-scrn	2023-07-24	2026-07-17
93	2024-09-10	dx	op	preg-week-27	2023-07-24	2026-07-17
93	2024-09-30	dx	op	compl-preg4	2023-07-24	2026-07-17
93	2024-09-30	dx	op	preg-week-30	2023-07-24	2026-07-17
93	2024-09-30	dx	op	hrp-care	2023-07-24	2026-07-17
93	2024-10-31	dx	op	preg-week-35	2023-07-24	2026-07-17
93	2024-10-31	dx	ip	preg-care	2023-07-24	2026-07-17
93	2024-10-31	dx	op	ant-scrn	2023-07-24	2026-07-17
93	2024-10-31	dx	op	compl-preg4	2023-07-24	2026-07-17
93	2024-11-08	dx	op	preg-week-36	2023-07-24	2026-07-17
93	2024-11-08	dx	op	compl-preg4	2023-07-24	2026-07-17
93	2024-11-14	dx	op	preg-week-37	2023-07-24	2026-07-17
93	2024-11-14	dx	op	compl-preg4	2023-07-24	2026-07-17
93	2024-11-21	dx	op	compl-preg4	2023-07-24	2026-07-17
93	2024-11-21	dx	op	preg-week-38	2023-07-24	2026-07-17
93	2024-11-27	dx	ip	hrp-care	2023-07-24	2026-07-17
93	2024-11-27	dx	ip	preg-week-38	2023-07-24	2026-07-17
93	2024-11-27	dx	op	compl-preg4	2023-07-24	2026-07-17
93	2024-11-30	dx	op	compl-preg4	2023-07-24	2026-07-17
93	2024-11-30	px	op	birth-px	2023-07-24	2026-07-17
93	2025-01-08	px	op	birth-px	2023-07-24	2026-07-17
93	2025-01-08	dx	op	spl-scrn	2023-07-24	2026-07-17
94	2023-07-24	dx	op	preg-week-01	2020-11-26	2026-10-06
94	2023-07-31	px	op	ppd-scrn	2020-11-26	2026-10-06
94	2023-07-31	px	ip	ppd-scrn	2020-11-26	2026-10-06
94	2023-07-31	dx	op	incidental, preg-unplnd	2020-11-26	2026-10-06
94	2024-01-30	dx	op	vomit-preg	2020-11-26	2026-10-06
94	2024-01-30	dx	op	preg-week-01	2020-11-26	2026-10-06
94	2024-02-13	dx	op	incidental, preg-unplnd	2020-11-26	2026-10-06
94	2024-02-13	dx	op	hrp-care	2020-11-26	2026-10-06
94	2024-02-13	dx	op	vomit-preg	2020-11-26	2026-10-06
94	2024-02-13	dx	op	preg-week-08	2020-11-26	2026-10-06
94	2024-03-01	dx	op	preg-week-10	2020-11-26	2026-10-06
94	2024-03-01	dx	op	compl-preg4	2020-11-26	2026-10-06
94	2024-03-27	dx	op	preg-care	2020-11-26	2026-10-06
94	2024-04-12	dx	op	preg-care	2020-11-26	2026-10-06
94	2024-04-22	dx	op	preg-care	2020-11-26	2026-10-06
94	2024-05-06	dx	op	preg-care	2020-11-26	2026-10-06
94	2024-05-13	dx	op	ant-scrn	2020-11-26	2026-10-06
94	2024-06-18	dx	ip	preg-care	2020-11-26	2026-10-06
94	2024-06-19	dx	ip	preg-week-26	2020-11-26	2026-10-06
94	2024-06-19	dx	op	preg-care	2020-11-26	2026-10-06
94	2024-07-17	dx	op	compl-preg4	2020-11-26	2026-10-06
94	2024-07-17	dx	op	preg-week-30	2020-11-26	2026-10-06
94	2024-07-30	dx	op	preg-care	2020-11-26	2026-10-06
94	2024-08-20	dx	op	preg-care	2020-11-26	2026-10-06
94	2024-08-23	dx	op	compl-preg4	2020-11-26	2026-10-06
94	2024-08-23	dx	ip	preg-week-35	2020-11-26	2026-10-06
94	2024-08-30	dx	op	preg-care	2020-11-26	2026-10-06
94	2024-11-12	dx	op	post-care	2020-11-26	2026-10-06
94	2025-05-22	dx	op	spl-scrn	2020-11-26	2026-10-06
95	2023-01-31	dx	op	mdd	2018-01-22	2026-04-11
95	2023-02-01	dx	op	mdd	2018-01-22	2026-04-11
95	2023-02-02	dx	op	mdd	2018-01-22	2026-04-11
95	2023-02-03	dx	op	mdd	2018-01-22	2026-04-11
95	2023-02-04	dx	op	mdd	2018-01-22	2026-04-11
95	2023-02-05	dx	op	mdd	2018-01-22	2026-04-11
95	2023-02-06	dx	op	mdd	2018-01-22	2026-04-11
95	2023-02-07	dx	op	mdd	2018-01-22	2026-04-11
95	2023-02-08	dx	op	mdd	2018-01-22	2026-04-11
95	2024-01-16	dx	op	preg-care	2018-01-22	2026-04-11
95	2024-02-15	dx	op	preg-care	2018-01-22	2026-04-11
95	2024-02-23	dx	op	preg-care	2018-01-22	2026-04-11
95	2024-02-23	dx	op	spl-scrn	2018-01-22	2026-04-11
95	2024-02-29	dx	op	preg-week-14	2018-01-22	2026-04-11
95	2024-02-29	dx	op	hrp-care	2018-01-22	2026-04-11
95	2024-03-01	dx	op	preg-care	2018-01-22	2026-04-11
95	2024-03-21	dx	op	preg-care	2018-01-22	2026-04-11
95	2024-03-29	dx	op	hrp-care	2018-01-22	2026-04-11
95	2024-03-29	dx	op	preg-week-18	2018-01-22	2026-04-11
95	2024-04-11	dx	op	hrp-care	2018-01-22	2026-04-11
95	2024-04-11	dx	ip	preg-week-20	2018-01-22	2026-04-11
95	2024-04-18	dx	ip	preg-care	2018-01-22	2026-04-11
95	2024-04-25	dx	op	preg-week-22	2018-01-22	2026-04-11
95	2024-04-25	dx	ip	hrp-care	2018-01-22	2026-04-11
95	2024-04-25	dx	op	hrp-care	2018-01-22	2026-04-11
95	2024-05-16	dx	op	spl-scrn	2018-01-22	2026-04-11
95	2024-05-16	dx	op	preg-care	2018-01-22	2026-04-11
95	2024-05-23	dx	op	preg-week-26	2018-01-22	2026-04-11
95	2024-05-23	dx	op	hrp-care	2018-01-22	2026-04-11
95	2024-05-23	dx	ip	hrp-care	2018-01-22	2026-04-11
95	2024-05-30	dx	op	preg-care	2018-01-22	2026-04-11
95	2024-06-13	dx	op	preg-care	2018-01-22	2026-04-11
95	2024-06-20	dx	op	hrp-care	2018-01-22	2026-04-11
95	2024-06-20	dx	op	spl-scrn	2018-01-22	2026-04-11
95	2024-06-20	dx	op	preg-week-30	2018-01-22	2026-04-11
95	2024-07-05	dx	op	hrp-care	2018-01-22	2026-04-11
95	2024-07-05	dx	ip	preg-week-32	2018-01-22	2026-04-11
95	2024-07-18	dx	op	preg-week-34	2018-01-22	2026-04-11
95	2024-07-18	dx	op	hrp-care	2018-01-22	2026-04-11
95	2024-07-21	dx	op	preg-week-35	2018-01-22	2026-04-11
95	2024-07-21	dx	op	preg-week-34	2018-01-22	2026-04-11
95	2024-07-21	dx	op	birth-outcom	2018-01-22	2026-04-11
95	2024-07-21	dx	ip	ant-scrn	2018-01-22	2026-04-11
95	2024-07-23	dx	op	preterm-lbr	2018-01-22	2026-04-11
95	2024-07-23	dx	op	preg-week-35	2018-01-22	2026-04-11
95	2024-07-23	px	op	birth-px	2018-01-22	2026-04-11
95	2024-07-23	dx	op	birth-outcom	2018-01-22	2026-04-11
95	2024-07-24	dx	op	birth-outcom	2018-01-22	2026-04-11
95	2024-07-24	dx	op	preg-week-35	2018-01-22	2026-04-11
95	2024-07-30	dx	op	post-care	2018-01-22	2026-04-11
95	2024-08-01	dx	op	post-care	2018-01-22	2026-04-11
95	2024-09-05	dx	ip	post-care	2018-01-22	2026-04-11
96	2024-06-10	dx	op	preg-week-12	2011-01-29	2026-12-27
96	2024-06-10	dx	op	preg-care	2011-01-29	2026-12-27
96	2024-08-03	dx	ip	hrp-care	2011-01-29	2026-12-27
96	2024-08-03	dx	ip	preg-week-20	2011-01-29	2026-12-27
96	2024-10-12	dx	op	preg-week-30	2011-01-29	2026-12-27
96	2024-10-12	dx	op	abrnl-fetus-care2	2011-01-29	2026-12-27
96	2024-10-19	dx	op	preg-week-31	2011-01-29	2026-12-27
96	2024-10-19	dx	op	abrnl-fetus-care2	2011-01-29	2026-12-27
96	2024-10-26	dx	op	abrnl-fetus-care2	2011-01-29	2026-12-27
96	2024-10-26	dx	op	preg-week-32	2011-01-29	2026-12-27
96	2024-11-02	dx	op	abrnl-fetus-care2	2011-01-29	2026-12-27
96	2024-11-02	dx	ip	hrp-care	2011-01-29	2026-12-27
96	2024-11-02	dx	op	preg-week-33	2011-01-29	2026-12-27
96	2024-11-09	dx	ip	preg-week-34	2011-01-29	2026-12-27
96	2024-11-09	dx	op	hrp-care	2011-01-29	2026-12-27
96	2024-11-09	dx	op	abrnl-fetus-care2	2011-01-29	2026-12-27
96	2024-11-16	dx	op	preg-week-35	2011-01-29	2026-12-27
96	2024-11-16	dx	op	abrnl-fetus-care2	2011-01-29	2026-12-27
96	2024-11-16	dx	op	hrp-care	2011-01-29	2026-12-27
96	2024-11-26	dx	op	abrnl-fetus-care2	2011-01-29	2026-12-27
96	2024-11-26	dx	op	preg-week-36	2011-01-29	2026-12-27
96	2024-12-03	dx	op	preg-week-37	2011-01-29	2026-12-27
96	2024-12-03	px	op	birth-px	2011-01-29	2026-12-27
96	2024-12-03	dx	op	birth-outcom	2011-01-29	2026-12-27
96	2025-01-14	dx	op	spl-scrn	2011-01-29	2026-12-27
96	2025-01-14	px	op	ppd-scrn	2011-01-29	2026-12-27
96	2025-01-14	dx	op	post-care	2011-01-29	2026-12-27
97	2022-02-11	dx	op	compl-preg4	2017-09-20	2026-04-01
97	2022-02-11	dx	op	g-hypert-p	2017-09-20	2026-04-01
97	2022-02-12	dx	ip	g-hypert-p	2017-09-20	2026-04-01
97	2022-02-12	dx	op	compl-preg4	2017-09-20	2026-04-01
97	2022-02-13	dx	op	compl-preg4	2017-09-20	2026-04-01
97	2022-02-13	dx	op	g-hypert-p	2017-09-20	2026-04-01
97	2022-02-14	dx	op	g-hypert-p	2017-09-20	2026-04-01
97	2022-02-14	dx	op	compl-preg4	2017-09-20	2026-04-01
97	2024-07-22	dx	op	preg-care	2017-09-20	2026-04-01
97	2024-07-22	dx	op	preg-week-12	2017-09-20	2026-04-01
97	2024-08-12	dx	ip	abrnl-fetus-care2	2017-09-20	2026-04-01
97	2024-08-12	dx	op	preg-week-15	2017-09-20	2026-04-01
97	2024-09-12	dx	op	preg-week-19	2017-09-20	2026-04-01
97	2024-09-12	dx	op	preg-care	2017-09-20	2026-04-01
97	2024-10-17	dx	op	preg-care	2017-09-20	2026-04-01
97	2024-10-17	dx	ip	preg-week-24	2017-09-20	2026-04-01
97	2024-11-14	dx	op	preg-care	2017-09-20	2026-04-01
97	2024-11-14	dx	op	preg-week-28	2017-09-20	2026-04-01
97	2024-11-22	dx	op	preg-care	2017-09-20	2026-04-01
97	2024-11-22	dx	op	preg-week-30	2017-09-20	2026-04-01
97	2024-12-05	dx	op	diab-preg	2017-09-20	2026-04-01
97	2024-12-05	dx	op	preg-week-31	2017-09-20	2026-04-01
97	2024-12-05	dx	op	abrnl-preg2	2017-09-20	2026-04-01
97	2024-12-05	dx	op	hrp-care	2017-09-20	2026-04-01
97	2024-12-12	dx	op	preg-week-32	2017-09-20	2026-04-01
97	2024-12-12	dx	op	diab-preg	2017-09-20	2026-04-01
97	2024-12-12	dx	op	abrnl-fetus-care2	2017-09-20	2026-04-01
97	2024-12-12	dx	op	hrp-care	2017-09-20	2026-04-01
97	2024-12-20	dx	op	preg-week-34	2017-09-20	2026-04-01
97	2024-12-20	dx	op	diab-preg	2017-09-20	2026-04-01
97	2024-12-20	dx	op	hrp-care	2017-09-20	2026-04-01
97	2024-12-27	dx	op	preg-week-35	2017-09-20	2026-04-01
97	2024-12-27	dx	ip	abrnl-preg2	2017-09-20	2026-04-01
97	2024-12-27	dx	op	diab-preg	2017-09-20	2026-04-01
97	2025-01-03	dx	op	diab-preg	2017-09-20	2026-04-01
97	2025-01-03	dx	op	preg-week-36	2017-09-20	2026-04-01
97	2025-01-06	dx	op	preg-week-36	2017-09-20	2026-04-01
97	2025-01-06	dx	op	g-hypert	2017-09-20	2026-04-01
97	2025-01-09	dx	op	diab-preg	2017-09-20	2026-04-01
97	2025-01-09	dx	op	preg-week-36	2017-09-20	2026-04-01
97	2025-01-13	dx	op	m-hypert	2017-09-20	2026-04-01
97	2025-01-13	dx	op	preg-week-37	2017-09-20	2026-04-01
97	2025-01-13	dx	op	g-hypert	2017-09-20	2026-04-01
97	2025-01-16	dx	op	preg-week-37	2017-09-20	2026-04-01
97	2025-01-16	dx	op	diab-preg	2017-09-20	2026-04-01
97	2025-01-16	dx	op	abrnl-preg2	2017-09-20	2026-04-01
97	2025-01-20	dx	op	g-hypert	2017-09-20	2026-04-01
97	2025-01-20	dx	op	diab-preg	2017-09-20	2026-04-01
97	2025-01-20	dx	op	preg-week-38	2017-09-20	2026-04-01
97	2025-01-22	dx	op	birth	2017-09-20	2026-04-01
97	2025-01-22	dx	op	compl-preg4	2017-09-20	2026-04-01
97	2025-01-22	dx	op	g-hypert	2017-09-20	2026-04-01
97	2025-01-22	dx	op	diab-preg	2017-09-20	2026-04-01
97	2025-01-23	dx	ip	birth-outcom	2017-09-20	2026-04-01
97	2025-01-23	px	op	birth-px	2017-09-20	2026-04-01
97	2025-01-23	dx	op	birth	2017-09-20	2026-04-01
97	2025-01-23	dx	op	preg-week-38	2017-09-20	2026-04-01
98	2024-04-10	dx	op	preg-care	2010-06-17	2026-12-10
98	2024-04-10	dx	op	preg-week-11	2010-06-17	2026-12-10
98	2024-04-12	dx	op	preg-week-12	2010-06-17	2026-12-10
98	2024-04-12	dx	op	ant-scrn	2010-06-17	2026-12-10
98	2024-05-09	dx	op	abrnl-fetus-care2	2010-06-17	2026-12-10
98	2024-05-09	dx	op	preg-care	2010-06-17	2026-12-10
98	2024-05-09	dx	op	preg-week-16	2010-06-17	2026-12-10
98	2024-06-06	dx	op	preg-week-20	2010-06-17	2026-12-10
98	2024-06-06	dx	op	ant-scrn	2010-06-17	2026-12-10
98	2024-07-02	dx	op	abrnl-fetus-care2	2010-06-17	2026-12-10
98	2024-07-02	dx	op	preg-week-23	2010-06-17	2026-12-10
98	2024-07-03	dx	op	preg-week-23	2010-06-17	2026-12-10
98	2024-07-03	dx	op	preg-week-25	2010-06-17	2026-12-10
98	2024-07-03	dx	ip	preg-care	2010-06-17	2026-12-10
98	2024-07-30	dx	op	preg-week-27	2010-06-17	2026-12-10
98	2024-07-30	dx	op	abrnl-fetus-care2	2010-06-17	2026-12-10
98	2024-08-13	dx	op	preg-week-29	2010-06-17	2026-12-10
98	2024-08-13	dx	op	compl-preg4	2010-06-17	2026-12-10
98	2024-08-13	dx	op	abrnl-fetus-care1	2010-06-17	2026-12-10
98	2024-08-13	dx	op	abrnl-fetus-care2	2010-06-17	2026-12-10
98	2024-08-14	dx	op	vomit-preg	2010-06-17	2026-12-10
98	2024-08-14	dx	op	preg-care	2010-06-17	2026-12-10
98	2024-08-14	dx	ip	preg-week-29	2010-06-17	2026-12-10
98	2024-08-27	dx	ip	abrnl-fetus-care1	2010-06-17	2026-12-10
98	2024-08-27	dx	op	preg-week-31	2010-06-17	2026-12-10
98	2024-08-27	dx	op	compl-preg4	2010-06-17	2026-12-10
98	2024-09-10	dx	op	preg-week-33	2010-06-17	2026-12-10
98	2024-09-10	dx	op	abrnl-fetus-care1	2010-06-17	2026-12-10
98	2024-09-10	dx	op	compl-preg4	2010-06-17	2026-12-10
98	2024-09-24	dx	op	compl-preg4	2010-06-17	2026-12-10
98	2024-09-24	dx	op	preg-week-35	2010-06-17	2026-12-10
98	2024-10-01	dx	op	preg-week-36	2010-06-17	2026-12-10
98	2024-10-01	dx	op	compl-preg4	2010-06-17	2026-12-10
98	2024-10-08	dx	op	preg-week-37	2010-06-17	2026-12-10
98	2024-10-08	dx	op	abrnl-fetus-care2	2010-06-17	2026-12-10
98	2024-10-08	dx	op	compl-preg4	2010-06-17	2026-12-10
98	2024-10-08	dx	op	ant-scrn	2010-06-17	2026-12-10
98	2024-10-19	dx	op	birth-outcom	2010-06-17	2026-12-10
98	2024-10-19	px	ip	birth-px	2010-06-17	2026-12-10
98	2024-10-19	dx	op	preg-week-39	2010-06-17	2026-12-10
99	2023-11-30	dx	op	hrp-care	2026-07-31	2026-11-10
99	2023-11-30	dx	op	preg-week-01	2026-07-31	2026-11-10
99	2023-12-05	px	op	ppd-scrn	2026-07-31	2026-11-10
99	2023-12-05	dx	op	spl-scrn	2026-07-31	2026-11-10
99	2023-12-05	dx	ip	spl-scrn	2026-07-31	2026-11-10
99	2023-12-27	dx	op	hrp-care	2026-07-31	2026-11-10
99	2024-01-23	dx	op	ant-scrn	2026-07-31	2026-11-10
99	2024-01-23	dx	op	hrp-care	2026-07-31	2026-11-10
99	2024-01-23	dx	op	preg-week-13	2026-07-31	2026-11-10
99	2024-02-27	dx	op	preg-week-18	2026-07-31	2026-11-10
99	2024-02-27	dx	op	hrp-care	2026-07-31	2026-11-10
99	2024-05-07	dx	op	r-mdd	2026-07-31	2026-11-10
99	2024-05-30	dx	op	preg-week-32	2026-07-31	2026-11-10
99	2024-05-30	dx	op	hrp-care	2026-07-31	2026-11-10
99	2024-06-11	dx	op	r-mdd	2026-07-31	2026-11-10
99	2024-07-02	dx	ip	hrp-care	2026-07-31	2026-11-10
99	2024-07-02	dx	op	preg-week-36	2026-07-31	2026-11-10
99	2024-07-16	dx	op	hrp-care	2026-07-31	2026-11-10
99	2024-07-16	dx	op	preg-week-38	2026-07-31	2026-11-10
99	2024-07-16	dx	op	abrnl-fetus-care2	2026-07-31	2026-11-10
99	2024-07-23	dx	op	preg-week-39	2026-07-31	2026-11-10
99	2024-07-23	dx	op	birth-outcom	2026-07-31	2026-11-10
99	2024-07-23	dx	op	hrp-care	2026-07-31	2026-11-10
99	2024-07-23	dx	op	birth	2026-07-31	2026-11-10
99	2024-09-24	dx	op	r-mdd	2026-07-31	2026-11-10
99	2024-10-09	dx	op	r-mdd	2026-07-31	2026-11-10
99	2025-01-15	tx_rx	pharmacy	BUPROPION	2026-07-31	2026-11-10
99	2025-01-15	dx	ip	r-mdd	2026-07-31	2026-11-10
99	2025-01-15	tx_px	op	psy-thrp	2026-07-31	2026-11-10
99	2025-02-12	dx	op	r-mdd	2026-07-31	2026-11-10
99	2025-02-12	tx_rx	pharmacy	BUPROPION	2026-07-31	2026-11-10
99	2025-03-11	tx_rx	pharmacy	BUPROPION	2026-07-31	2026-11-10
99	2025-03-25	dx	op	r-mdd	2026-07-31	2026-11-10
99	2025-03-25	tx_rx	pharmacy	BUPROPION	2026-07-31	2026-11-10
99	2025-04-29	tx_rx	pharmacy	BUPROPION	2026-07-31	2026-11-10
99	2025-04-29	dx	op	r-mdd	2026-07-31	2026-11-10
100	2022-06-16	dx	ip	hrp-care	2012-10-22	2026-08-18
100	2022-06-21	dx	op	hrp-care	2012-10-22	2026-08-18
100	2022-06-26	dx	op	compl-preg4	2012-10-22	2026-08-18
100	2022-07-12	dx	ip	hrp-care	2012-10-22	2026-08-18
100	2022-08-10	dx	op	hrp-care	2012-10-22	2026-08-18
100	2022-08-26	dx	op	hrp-care	2012-10-22	2026-08-18
100	2022-09-08	dx	op	hrp-care	2012-10-22	2026-08-18
100	2022-09-08	dx	op	multi-gest	2012-10-22	2026-08-18
100	2022-09-22	dx	op	hrp-care	2012-10-22	2026-08-18
100	2022-09-28	dx	op	abrnl-fetus-care1	2012-10-22	2026-08-18
100	2022-10-03	dx	op	multi-gest	2012-10-22	2026-08-18
100	2022-10-03	dx	op	hrp-care	2012-10-22	2026-08-18
100	2022-10-19	dx	ip	hrp-care	2012-10-22	2026-08-18
100	2022-11-02	dx	op	hrp-care	2012-10-22	2026-08-18
100	2022-11-02	dx	op	multi-gest	2012-10-22	2026-08-18
100	2022-11-16	dx	op	hrp-care	2012-10-22	2026-08-18
100	2022-11-30	dx	op	hrp-care	2012-10-22	2026-08-18
100	2022-11-30	dx	op	multi-gest	2012-10-22	2026-08-18
100	2022-12-12	dx	op	hrp-care	2012-10-22	2026-08-18
100	2022-12-14	dx	op	hrp-care	2012-10-22	2026-08-18
100	2022-12-21	dx	ip	hrp-care	2012-10-22	2026-08-18
100	2022-12-21	dx	op	multi-gest	2012-10-22	2026-08-18
100	2022-12-28	dx	op	hrp-care	2012-10-22	2026-08-18
100	2023-01-04	dx	op	hrp-care	2012-10-22	2026-08-18
100	2023-01-11	dx	op	multi-gest	2012-10-22	2026-08-18
100	2023-01-11	dx	op	hrp-care	2012-10-22	2026-08-18
100	2023-01-12	dx	op	c-birth	2012-10-22	2026-08-18
100	2023-01-12	dx	op	birth-outcom	2012-10-22	2026-08-18
100	2023-01-12	dx	op	birth	2012-10-22	2026-08-18
100	2023-01-12	dx	op	preg-week-38	2012-10-22	2026-08-18
100	2023-01-12	px	op	birth-px	2012-10-22	2026-08-18
100	2023-02-17	dx	ip	post-care	2012-10-22	2026-08-18
100	2023-10-27	px	op	birth-px	2012-10-22	2026-08-18
100	2024-08-06	dx	op	hrp-care	2012-10-22	2026-08-18
100	2024-09-06	dx	ip	hrp-care	2012-10-22	2026-08-18
100	2024-09-30	dx	op	hrp-care	2012-10-22	2026-08-18
100	2024-11-01	dx	ip	placenta-prev	2012-10-22	2026-08-18
100	2024-11-01	dx	ip	hrp-care	2012-10-22	2026-08-18
100	2024-11-01	dx	op	ant-scrn	2012-10-22	2026-08-18
100	2024-11-01	dx	op	other-history	2012-10-22	2026-08-18
100	2024-12-06	dx	op	hrp-care	2012-10-22	2026-08-18
100	2024-12-06	dx	op	placenta-prev	2012-10-22	2026-08-18
100	2024-12-27	dx	op	hrp-care	2012-10-22	2026-08-18
100	2025-01-17	dx	op	hrp-care	2012-10-22	2026-08-18
100	2025-01-27	dx	op	hrp-care	2012-10-22	2026-08-18
100	2025-02-14	dx	op	hrp-care	2012-10-22	2026-08-18
100	2025-02-16	dx	op	hrp-care	2012-10-22	2026-08-18
100	2025-02-21	dx	op	hrp-care	2012-10-22	2026-08-18
100	2025-02-27	dx	op	hrp-care	2012-10-22	2026-08-18
100	2025-03-07	dx	op	hrp-care	2012-10-22	2026-08-18
100	2025-03-13	dx	op	hrp-care	2012-10-22	2026-08-18
100	2025-03-17	dx	op	hrp-care	2012-10-22	2026-08-18
100	2025-03-19	dx	op	hrp-care	2012-10-22	2026-08-18
100	2025-03-20	dx	op	preg-week-41	2012-10-22	2026-08-18
100	2025-03-20	dx	op	birth-outcom	2012-10-22	2026-08-18
100	2025-03-20	px	op	birth-px	2012-10-22	2026-08-18
100	2025-03-20	dx	ip	hrp-care	2012-10-22	2026-08-18
100	2025-05-02	dx	op	post-care	2012-10-22	2026-08-18
101	2024-06-25	dx	op	preg-care	2013-04-03	2026-09-27
101	2024-09-07	dx	op	compl-preg4	2013-04-03	2026-09-27
101	2024-09-24	dx	op	diab-preg	2013-04-03	2026-09-27
101	2024-10-11	dx	op	diab-preg	2013-04-03	2026-09-27
101	2024-10-11	dx	op	preg-week-35	2013-04-03	2026-09-27
101	2024-10-18	dx	op	preg-week-36	2013-04-03	2026-09-27
101	2024-10-18	dx	ip	diab-preg	2013-04-03	2026-09-27
101	2024-10-23	dx	op	diab-preg	2013-04-03	2026-09-27
101	2024-10-23	dx	op	preg-week-36	2013-04-03	2026-09-27
101	2024-10-25	dx	op	diab-preg	2013-04-03	2026-09-27
101	2024-10-25	dx	op	preg-week-37	2013-04-03	2026-09-27
101	2024-10-30	dx	op	compl-preg4	2013-04-03	2026-09-27
101	2024-10-30	dx	ip	diab-preg	2013-04-03	2026-09-27
101	2024-10-30	dx	op	preg-week-37	2013-04-03	2026-09-27
101	2024-11-08	dx	op	preg-week-39	2013-04-03	2026-09-27
101	2024-11-08	dx	op	diab-preg	2013-04-03	2026-09-27
101	2024-11-13	dx	op	preg-week-39	2013-04-03	2026-09-27
101	2024-11-13	dx	op	ant-scrn	2013-04-03	2026-09-27
101	2024-11-13	dx	op	diab-preg	2013-04-03	2026-09-27
101	2024-11-15	dx	ip	preg-week-40	2013-04-03	2026-09-27
101	2024-11-15	dx	ip	diab-preg	2013-04-03	2026-09-27
101	2024-11-23	dx	op	preg-week-41	2013-04-03	2026-09-27
101	2024-11-23	px	op	birth-px	2013-04-03	2026-09-27
101	2024-11-23	dx	op	birth	2013-04-03	2026-09-27
101	2024-11-23	dx	op	birth-outcom	2013-04-03	2026-09-27
101	2024-12-16	dx	op	post-care	2013-04-03	2026-09-27
102	2023-05-01	px	op	birth-px	2012-09-16	2026-07-22
102	2023-05-01	dx	op	spl-scrn	2012-09-16	2026-07-22
102	2023-05-09	dx	op	spl-scrn	2012-09-16	2026-07-22
102	2023-05-09	tx_px	op	psy-thrp	2012-09-16	2026-07-22
102	2023-07-05	tx_px	ip	psy-thrp	2012-09-16	2026-07-22
102	2023-07-26	tx_px	op	psy-thrp	2012-09-16	2026-07-22
102	2023-09-18	tx_px	op	psy-thrp	2012-09-16	2026-07-22
102	2023-09-26	tx_px	op	psy-thrp	2012-09-16	2026-07-22
102	2023-10-18	tx_px	op	psy-thrp	2012-09-16	2026-07-22
102	2023-10-25	tx_px	op	psy-thrp	2012-09-16	2026-07-22
102	2023-11-02	tx_px	ip	psy-thrp	2012-09-16	2026-07-22
102	2023-11-30	tx_px	ip	psy-thrp	2012-09-16	2026-07-22
102	2023-12-07	tx_px	op	psy-thrp	2012-09-16	2026-07-22
102	2023-12-14	tx_px	op	psy-thrp	2012-09-16	2026-07-22
102	2024-01-04	dx	op	hrp-care	2012-09-16	2026-07-22
102	2024-01-05	tx_px	op	psy-thrp	2012-09-16	2026-07-22
102	2024-01-19	tx_px	ip	psy-thrp	2012-09-16	2026-07-22
102	2024-01-29	tx_px	op	psy-thrp	2012-09-16	2026-07-22
102	2024-02-06	tx_px	op	psy-thrp	2012-09-16	2026-07-22
102	2024-02-15	dx	op	hrp-care	2012-09-16	2026-07-22
102	2024-02-22	tx_px	op	psy-thrp	2012-09-16	2026-07-22
102	2024-07-06	dx	op	birth-outcom	2012-09-16	2026-07-22
102	2024-07-06	dx	op	birth	2012-09-16	2026-07-22
102	2024-07-06	dx	op	preg-week-00	2012-09-16	2026-07-22
102	2024-10-06	tx_rx	pharmacy	CITALOPRAM	2012-09-16	2026-07-22
102	2024-12-30	tx_rx	pharmacy	CITALOPRAM	2012-09-16	2026-07-22
102	2025-01-07	tx_rx	pharmacy	BREXPIPRAZOLE	2012-09-16	2026-07-22
102	2025-01-26	tx_rx	pharmacy	CITALOPRAM	2012-09-16	2026-07-22
102	2025-02-23	tx_rx	pharmacy	CITALOPRAM	2012-09-16	2026-07-22
102	2025-03-30	tx_rx	pharmacy	CITALOPRAM	2012-09-16	2026-07-22
102	2025-05-15	tx_rx	pharmacy	CITALOPRAM	2012-09-16	2026-07-22
102	2025-05-15	tx_rx	pharmacy	BREXPIPRAZOLE	2012-09-16	2026-07-22
103	2023-01-20	dx	op	spl-scrn	2025-02-03	2026-04-01
103	2023-08-21	dx	op	spl-scrn	2025-02-03	2026-04-01
103	2024-02-13	dx	op	preg-week-14	2025-02-03	2026-04-01
103	2024-02-13	dx	op	preg-care	2025-02-03	2026-04-01
103	2024-03-12	dx	op	preg-care	2025-02-03	2026-04-01
103	2024-03-12	dx	op	preg-week-18	2025-02-03	2026-04-01
103	2024-04-15	dx	op	preg-week-23	2025-02-03	2026-04-01
103	2024-04-23	dx	op	preg-week-24	2025-02-03	2026-04-01
103	2024-05-17	dx	op	compl-preg4	2025-02-03	2026-04-01
103	2024-05-17	dx	op	preg-week-28	2025-02-03	2026-04-01
103	2024-05-31	dx	op	compl-preg4	2025-02-03	2026-04-01
103	2024-06-14	dx	op	preg-week-32	2025-02-03	2026-04-01
103	2024-06-14	dx	op	compl-preg4	2025-02-03	2026-04-01
103	2024-06-27	dx	op	compl-preg4	2025-02-03	2026-04-01
103	2024-07-11	dx	ip	compl-preg4	2025-02-03	2026-04-01
103	2024-07-19	dx	op	compl-preg4	2025-02-03	2026-04-01
103	2024-07-22	dx	op	preg-week-37	2025-02-03	2026-04-01
103	2024-07-25	dx	ip	compl-preg4	2025-02-03	2026-04-01
103	2024-07-25	dx	op	compl-preg4	2025-02-03	2026-04-01
103	2024-07-29	dx	op	preg-week-38	2025-02-03	2026-04-01
103	2024-07-29	dx	op	preg-care	2025-02-03	2026-04-01
103	2024-08-02	dx	op	preg-week-39	2025-02-03	2026-04-01
103	2024-08-02	dx	op	compl-preg4	2025-02-03	2026-04-01
103	2024-08-08	dx	ip	preg-week-40	2025-02-03	2026-04-01
103	2024-08-10	dx	ip	compl-preg4	2025-02-03	2026-04-01
103	2024-08-10	dx	op	preg-week-00	2025-02-03	2026-04-01
103	2024-08-10	dx	op	compl-preg4	2025-02-03	2026-04-01
103	2024-08-10	dx	op	birth-outcom	2025-02-03	2026-04-01
103	2024-08-10	dx	ip	prem-rupt	2025-02-03	2026-04-01
103	2024-08-11	dx	op	compl-preg4	2025-02-03	2026-04-01
103	2024-08-11	px	ip	birth-px	2025-02-03	2026-04-01
103	2024-08-12	dx	op	compl-preg4	2025-02-03	2026-04-01
103	2024-09-27	dx	op	post-care	2025-02-03	2026-04-01
104	2022-01-04	dx	ip	preg-care	2018-01-04	2026-10-24
104	2022-01-04	dx	ip	ant-scrn	2018-01-04	2026-10-24
104	2022-02-15	dx	op	ant-scrn	2018-01-04	2026-10-24
104	2022-02-28	dx	op	preg-week-20	2018-01-04	2026-10-24
104	2022-04-21	dx	op	preg-care	2018-01-04	2026-10-24
104	2022-04-21	dx	ip	preg-week-27	2018-01-04	2026-10-24
104	2022-04-26	dx	op	diab-preg	2018-01-04	2026-10-24
104	2022-06-28	dx	op	ant-scrn	2018-01-04	2026-10-24
104	2022-08-29	dx	op	post-care	2018-01-04	2026-10-24
104	2023-11-01	px	op	birth-px	2018-01-04	2026-10-24
104	2024-08-29	dx	op	incidental, preg-unplnd	2018-01-04	2026-10-24
104	2024-09-23	dx	op	abrnl-preg1	2018-01-04	2026-10-24
104	2024-09-26	dx	op	incidental, preg-unplnd	2018-01-04	2026-10-24
104	2024-10-11	dx	op	s-abort	2018-01-04	2026-10-24
104	2024-10-15	dx	ip	s-abort	2018-01-04	2026-10-24
104	2024-10-29	dx	op	s-abort	2018-01-04	2026-10-24
105	2022-12-08	dx	op	preg-week-22	2014-02-09	2026-08-16
105	2022-12-08	dx	op	ant-scrn	2014-02-09	2026-08-16
105	2023-02-02	dx	op	preg-care	2014-02-09	2026-08-16
105	2023-03-06	dx	op	preg-care	2014-02-09	2026-08-16
105	2023-04-19	px	op	birth-px	2014-02-09	2026-08-16
105	2023-04-19	dx	op	birth	2014-02-09	2026-08-16
105	2024-07-08	dx	op	preg-care	2014-02-09	2026-08-16
105	2025-02-14	px	op	birth-px	2014-02-09	2026-08-16
105	2025-02-14	dx	op	birth	2014-02-09	2026-08-16
106	2024-06-08	dx	op	incidental, preg-unplnd	2012-12-12	2026-04-14
106	2024-06-08	dx	ip	preg-week-01	2012-12-12	2026-04-14
106	2024-06-21	dx	op	preg-care	2012-12-12	2026-04-14
106	2024-06-21	dx	ip	ant-scrn	2012-12-12	2026-04-14
106	2024-06-21	dx	op	preg-week-10	2012-12-12	2026-04-14
106	2024-07-19	dx	op	preg-week-14	2012-12-12	2026-04-14
106	2024-07-19	dx	op	preg-care	2012-12-12	2026-04-14
106	2024-08-01	dx	ip	incidental, preg-unplnd	2012-12-12	2026-04-14
106	2024-08-01	dx	ip	preg-week-15	2012-12-12	2026-04-14
106	2024-08-09	dx	op	preg-week-17	2012-12-12	2026-04-14
106	2024-08-09	dx	op	preg-care	2012-12-12	2026-04-14
106	2024-08-16	dx	op	preg-care	2012-12-12	2026-04-14
106	2024-08-16	dx	ip	preg-week-18	2012-12-12	2026-04-14
106	2024-08-16	dx	ip	ant-scrn	2012-12-12	2026-04-14
106	2024-08-27	dx	op	preg-week-19	2012-12-12	2026-04-14
106	2024-08-27	dx	ip	incidental, preg-unplnd	2012-12-12	2026-04-14
106	2024-08-30	dx	op	incidental, preg-unplnd	2012-12-12	2026-04-14
106	2024-08-30	dx	ip	preg-week-20	2012-12-12	2026-04-14
106	2024-09-06	dx	op	preg-week-21	2012-12-12	2026-04-14
106	2024-09-06	dx	ip	incidental, preg-unplnd	2012-12-12	2026-04-14
106	2024-09-14	dx	op	spl-scrn	2012-12-12	2026-04-14
106	2024-09-14	dx	ip	preg-week-22	2012-12-12	2026-04-14
106	2024-09-28	dx	op	incidental, preg-unplnd	2012-12-12	2026-04-14
106	2024-09-28	dx	ip	preg-week-24	2012-12-12	2026-04-14
106	2024-10-01	dx	op	incidental, preg-unplnd	2012-12-12	2026-04-14
106	2024-10-01	dx	op	preg-week-23	2012-12-12	2026-04-14
106	2024-10-12	dx	op	preg-week-26	2012-12-12	2026-04-14
106	2024-10-12	dx	op	incidental, preg-unplnd	2012-12-12	2026-04-14
106	2024-10-22	dx	op	incidental, preg-unplnd	2012-12-12	2026-04-14
106	2024-10-22	dx	op	preg-week-27	2012-12-12	2026-04-14
106	2024-11-09	dx	ip	incidental, preg-unplnd	2012-12-12	2026-04-14
106	2024-11-09	dx	ip	preg-week-30	2012-12-12	2026-04-14
106	2024-11-16	dx	op	preg-care	2012-12-12	2026-04-14
106	2024-11-16	dx	op	preg-week-31	2012-12-12	2026-04-14
106	2024-11-16	px	op	ppd-scrn	2012-12-12	2026-04-14
106	2024-11-19	dx	op	incidental, preg-unplnd	2012-12-12	2026-04-14
106	2024-11-19	dx	op	preg-week-31	2012-12-12	2026-04-14
106	2024-11-23	dx	op	preg-week-32	2012-12-12	2026-04-14
106	2024-11-23	dx	op	incidental, preg-unplnd	2012-12-12	2026-04-14
106	2024-11-26	dx	op	preg-care	2012-12-12	2026-04-14
106	2024-11-26	dx	op	preg-week-32	2012-12-12	2026-04-14
106	2024-11-26	px	op	ppd-scrn	2012-12-12	2026-04-14
106	2024-12-09	dx	op	preg-care	2012-12-12	2026-04-14
106	2024-12-09	dx	op	preg-week-34	2012-12-12	2026-04-14
106	2024-12-09	px	op	ppd-scrn	2012-12-12	2026-04-14
106	2024-12-10	dx	op	incidental, preg-unplnd	2012-12-12	2026-04-14
106	2024-12-10	dx	op	preg-week-34	2012-12-12	2026-04-14
106	2024-12-14	dx	op	incidental, preg-unplnd	2012-12-12	2026-04-14
106	2024-12-14	dx	op	preg-week-35	2012-12-12	2026-04-14
106	2024-12-16	dx	op	preg-week-35	2012-12-12	2026-04-14
106	2024-12-21	px	op	ppd-scrn	2012-12-12	2026-04-14
106	2024-12-21	dx	op	preg-week-36	2012-12-12	2026-04-14
106	2024-12-21	dx	op	incidental, preg-unplnd	2012-12-12	2026-04-14
106	2024-12-23	dx	op	preg-week-36	2012-12-12	2026-04-14
106	2024-12-23	dx	op	preg-care	2012-12-12	2026-04-14
106	2024-12-23	px	ip	ppd-scrn	2012-12-12	2026-04-14
106	2024-12-26	dx	op	incidental, preg-unplnd	2012-12-12	2026-04-14
106	2024-12-26	dx	op	preg-week-37	2012-12-12	2026-04-14
106	2024-12-30	dx	op	preg-week-37	2012-12-12	2026-04-14
106	2024-12-30	dx	op	abrnl-fetus-care2	2012-12-12	2026-04-14
106	2024-12-30	dx	ip	preg-care	2012-12-12	2026-04-14
106	2025-01-01	dx	ip	preg-week-37	2012-12-12	2026-04-14
106	2025-01-01	dx	op	incidental, preg-unplnd	2012-12-12	2026-04-14
106	2025-01-02	dx	ip	incidental, preg-unplnd	2012-12-12	2026-04-14
106	2025-01-02	dx	op	preg-week-37	2012-12-12	2026-04-14
106	2025-01-05	dx	op	birth-outcom	2012-12-12	2026-04-14
106	2025-01-05	dx	op	preg-care	2012-12-12	2026-04-14
106	2025-01-05	dx	ip	birth	2012-12-12	2026-04-14
106	2025-01-05	px	op	birth-px	2012-12-12	2026-04-14
106	2025-01-05	dx	op	trauma	2012-12-12	2026-04-14
106	2025-01-05	dx	op	preg-week-38	2012-12-12	2026-04-14
106	2025-01-07	dx	op	birth-outcom	2012-12-12	2026-04-14
106	2025-01-07	dx	op	post-care	2012-12-12	2026-04-14
106	2025-01-13	dx	op	post-care	2012-12-12	2026-04-14
106	2025-01-30	dx	op	post-care	2012-12-12	2026-04-14
106	2025-01-30	px	op	ppd-scrn	2012-12-12	2026-04-14
106	2025-02-03	dx	op	post-care	2012-12-12	2026-04-14
106	2025-02-20	px	op	ppd-scrn	2012-12-12	2026-04-14
106	2025-02-20	dx	op	post-care	2012-12-12	2026-04-14
106	2025-02-25	dx	op	post-care	2012-12-12	2026-04-14
106	2025-05-17	px	op	ppd-scrn	2012-12-12	2026-04-14
107	2022-06-20	dx	op	ant-scrn	2021-11-14	2026-06-08
107	2022-06-20	dx	op	compl-preg4	2021-11-14	2026-06-08
107	2022-07-25	dx	op	preg-week-25	2021-11-14	2026-06-08
107	2022-07-25	dx	op	abrnl-fetus-care2	2021-11-14	2026-06-08
107	2022-07-25	dx	op	placenta-prev	2021-11-14	2026-06-08
107	2022-08-02	dx	op	compl-preg4	2021-11-14	2026-06-08
107	2022-08-02	dx	op	ant-scrn	2021-11-14	2026-06-08
107	2022-08-23	dx	op	preg-care	2021-11-14	2026-06-08
107	2022-09-13	dx	op	ant-scrn	2021-11-14	2026-06-08
107	2022-10-05	dx	op	g-hypert-p	2021-11-14	2026-06-08
107	2022-10-05	dx	op	compl-preg4	2021-11-14	2026-06-08
107	2022-10-06	dx	op	g-hypert-p	2021-11-14	2026-06-08
107	2022-10-06	dx	op	compl-preg4	2021-11-14	2026-06-08
107	2022-10-18	dx	op	compl-preg4	2021-11-14	2026-06-08
107	2022-10-18	dx	op	g-hypert-p	2021-11-14	2026-06-08
107	2024-09-24	dx	op	compl-preg4	2021-11-14	2026-06-08
107	2024-09-24	dx	op	abrnl-fetus-care2	2021-11-14	2026-06-08
107	2024-12-19	dx	op	compl-preg4	2021-11-14	2026-06-08
107	2024-12-19	dx	ip	hrp-care	2021-11-14	2026-06-08
107	2024-12-19	dx	op	ant-scrn	2021-11-14	2026-06-08
107	2025-01-23	dx	op	compl-preg4	2021-11-14	2026-06-08
107	2025-02-06	dx	op	preg-care	2021-11-14	2026-06-08
107	2025-02-13	dx	op	abrnl-fetus-care2	2021-11-14	2026-06-08
107	2025-03-11	dx	op	g-hypert	2021-11-14	2026-06-08
107	2025-03-27	dx	op	compl-preg4	2021-11-14	2026-06-08
107	2025-04-03	dx	op	compl-preg4	2021-11-14	2026-06-08
107	2025-04-03	dx	op	preg-care	2021-11-14	2026-06-08
107	2025-04-03	dx	op	m-hypert	2021-11-14	2026-06-08
107	2025-04-03	dx	op	ant-scrn	2021-11-14	2026-06-08
107	2025-04-10	dx	ip	compl-preg4	2021-11-14	2026-06-08
107	2025-04-17	dx	op	compl-preg4	2021-11-14	2026-06-08
107	2025-04-24	dx	op	compl-preg4	2021-11-14	2026-06-08
107	2025-04-28	dx	op	birth-outcom	2021-11-14	2026-06-08
107	2025-04-28	dx	op	compl-preg4	2021-11-14	2026-06-08
107	2025-04-28	px	op	birth-px	2021-11-14	2026-06-08
108	2024-01-19	dx	op	abrnl-fetus-care2	2019-05-14	2026-06-19
108	2024-01-19	dx	op	abrnl-preg1	2019-05-14	2026-06-19
108	2024-01-22	dx	op	abrnl-fetus-care2	2019-05-14	2026-06-19
108	2024-01-23	dx	op	abrnl-preg1	2019-05-14	2026-06-19
108	2024-01-25	px	op	birth-px	2019-05-14	2026-06-19
108	2024-01-25	dx	op	abrnl-preg1	2019-05-14	2026-06-19
108	2024-01-25	dx	op	s-abort	2019-05-14	2026-06-19
108	2024-08-27	dx	op	s-abort	2019-05-14	2026-06-19
108	2025-05-08	dx	op	abrnl-fetus-care2	2019-05-14	2026-06-19
108	2025-05-30	dx	op	preg-care	2019-05-14	2026-06-19
109	2022-01-04	dx	op	preg-care	2025-02-03	2026-05-23
109	2022-01-18	dx	op	compl-preg4	2025-02-03	2026-05-23
109	2022-01-18	dx	op	preg-care	2025-02-03	2026-05-23
109	2022-02-01	dx	op	preg-care	2025-02-03	2026-05-23
109	2022-02-15	dx	op	preg-care	2025-02-03	2026-05-23
109	2022-02-15	dx	op	compl-preg4	2025-02-03	2026-05-23
109	2022-02-19	dx	op	preg-care	2025-02-03	2026-05-23
109	2022-02-24	dx	op	preg-care	2025-02-03	2026-05-23
109	2022-03-04	dx	op	preg-care	2025-02-03	2026-05-23
109	2022-03-10	dx	op	preg-care	2025-02-03	2026-05-23
109	2022-03-15	dx	op	preg-week-40	2025-02-03	2026-05-23
109	2022-03-15	dx	ip	birth-outcom	2025-02-03	2026-05-23
109	2022-03-15	px	op	birth-px	2025-02-03	2026-05-23
109	2024-10-15	dx	op	s-abort	2025-02-03	2026-05-23
109	2024-10-23	dx	op	s-abort	2025-02-03	2026-05-23
109	2025-02-17	dx	op	hrp-care	2025-02-03	2026-05-23
109	2025-02-19	dx	op	hrp-care	2025-02-03	2026-05-23
109	2025-02-21	dx	op	hrp-care	2025-02-03	2026-05-23
109	2025-02-24	dx	ip	hrp-care	2025-02-03	2026-05-23
109	2025-03-17	dx	op	abrnl-fetus-care2	2025-02-03	2026-05-23
109	2025-03-17	dx	ip	hrp-care	2025-02-03	2026-05-23
109	2025-03-19	dx	op	abrnl-fetus-care2	2025-02-03	2026-05-23
109	2025-03-20	dx	op	hrp-care	2025-02-03	2026-05-23
109	2025-03-25	px	ip	birth-px	2025-02-03	2026-05-23
110	2024-08-08	dx	op	hrp-care	2020-11-14	2026-04-07
110	2024-08-15	dx	op	hrp-care	2020-11-14	2026-04-07
110	2024-08-15	dx	ip	hrp-care	2020-11-14	2026-04-07
110	2024-10-13	px	op	birth-px	2020-11-14	2026-04-07
110	2024-10-13	dx	op	c-birth	2020-11-14	2026-04-07
111	2024-01-01	dx	op	preg-week-01	2024-02-26	2026-04-10
111	2024-02-05	dx	op	hemo-preg	2024-02-26	2026-04-10
111	2024-02-05	dx	op	preg-week-10	2024-02-26	2026-04-10
111	2024-03-03	dx	ip	preg-week-14	2024-02-26	2026-04-10
111	2024-03-03	dx	op	hemo-preg	2024-02-26	2026-04-10
111	2024-05-22	dx	op	ant-scrn	2024-02-26	2026-04-10
111	2024-05-22	dx	op	preg-week-25	2024-02-26	2026-04-10
111	2024-05-28	dx	op	ant-scrn	2024-02-26	2026-04-10
111	2024-05-28	dx	op	preg-week-26	2024-02-26	2026-04-10
111	2024-06-30	dx	op	preg-week-31	2024-02-26	2026-04-10
111	2024-07-03	dx	op	preg-week-31	2024-02-26	2026-04-10
111	2024-07-03	dx	op	ant-scrn	2024-02-26	2026-04-10
111	2024-08-14	dx	op	preg-week-37	2024-02-26	2026-04-10
111	2024-08-14	dx	op	compl-preg4	2024-02-26	2026-04-10
111	2024-08-14	dx	op	ant-scrn	2024-02-26	2026-04-10
111	2024-08-16	dx	op	preg-week-37	2024-02-26	2026-04-10
111	2024-08-26	dx	op	preg-week-39	2024-02-26	2026-04-10
111	2024-08-26	dx	op	birth	2024-02-26	2026-04-10
111	2024-08-26	dx	ip	birth-outcom	2024-02-26	2026-04-10
111	2024-08-26	px	op	birth-px	2024-02-26	2026-04-10
111	2024-08-26	dx	ip	compl-preg4	2024-02-26	2026-04-10
111	2024-12-04	dx	op	abrnl-fetus-care2	2024-02-26	2026-04-10
111	2024-12-04	dx	op	preg-week-09	2024-02-26	2026-04-10
111	2024-12-04	dx	op	ant-scrn	2024-02-26	2026-04-10
111	2024-12-04	dx	op	preg-care	2024-02-26	2026-04-10
111	2025-02-10	dx	op	ant-scrn	2024-02-26	2026-04-10
111	2025-02-10	dx	op	preg-week-19	2024-02-26	2026-04-10
111	2025-04-08	dx	op	preg-week-27	2024-02-26	2026-04-10
111	2025-04-08	dx	op	ant-scrn	2024-02-26	2026-04-10
111	2025-04-30	dx	op	ant-scrn	2024-02-26	2026-04-10
111	2025-04-30	dx	op	compl-preg4	2024-02-26	2026-04-10
112	2022-01-04	dx	op	abrnl-fetus-care1	2019-08-21	2026-07-17
112	2022-02-23	dx	op	abrnl-fetus-care1	2019-08-21	2026-07-17
112	2022-03-11	dx	op	abrnl-fetus-care1	2019-08-21	2026-07-17
112	2022-03-29	dx	op	abrnl-fetus-care1	2019-08-21	2026-07-17
112	2022-03-31	dx	ip	abrnl-fetus-care1	2019-08-21	2026-07-17
112	2022-04-26	dx	op	abrnl-fetus-care1	2019-08-21	2026-07-17
112	2022-04-28	dx	op	abrnl-fetus-care1	2019-08-21	2026-07-17
112	2022-05-17	dx	op	diab-preg	2019-08-21	2026-07-17
112	2022-05-24	dx	ip	abrnl-fetus-care1	2019-08-21	2026-07-17
112	2022-05-31	dx	op	abrnl-fetus-care2	2019-08-21	2026-07-17
112	2022-06-03	dx	ip	abrnl-fetus-care2	2019-08-21	2026-07-17
112	2022-06-07	dx	op	abrnl-fetus-care2	2019-08-21	2026-07-17
112	2022-06-10	dx	op	abrnl-fetus-care2	2019-08-21	2026-07-17
112	2022-06-14	dx	op	abrnl-fetus-care2	2019-08-21	2026-07-17
112	2022-06-15	dx	ip	preg-week-37	2019-08-21	2026-07-17
112	2022-06-15	dx	op	abrnl-fetus-care2	2019-08-21	2026-07-17
112	2022-06-15	dx	op	diab-preg	2019-08-21	2026-07-17
112	2022-06-15	dx	ip	abrnl-fetus-care2	2019-08-21	2026-07-17
112	2022-06-15	dx	op	birth-outcom	2019-08-21	2026-07-17
112	2022-06-16	dx	op	abrnl-fetus-care2	2019-08-21	2026-07-17
112	2022-06-16	dx	op	diab-preg	2019-08-21	2026-07-17
112	2025-02-03	dx	op	s-abort	2019-08-21	2026-07-17
112	2025-05-01	tx_rx	pharmacy	ESCITALOPRAM	2019-08-21	2026-07-17
113	2022-02-28	dx	op	preg-week-01	2025-04-14	2026-10-16
113	2022-02-28	dx	op	hemo-preg	2025-04-14	2026-10-16
113	2022-03-02	dx	op	s-abort	2025-04-14	2026-10-16
113	2022-04-29	dx	op	incidental, preg-unplnd	2025-04-14	2026-10-16
113	2022-05-09	dx	op	incidental, preg-unplnd	2025-04-14	2026-10-16
113	2022-05-19	px	op	ppd-scrn	2025-04-14	2026-10-16
113	2022-05-19	px	ip	ppd-scrn	2025-04-14	2026-10-16
113	2022-05-19	dx	op	incidental, preg-unplnd	2025-04-14	2026-10-16
113	2022-06-01	dx	op	incidental, preg-unplnd	2025-04-14	2026-10-16
113	2022-12-22	dx	op	preg-week-01	2025-04-14	2026-10-16
113	2023-01-22	dx	op	hemo-preg	2025-04-14	2026-10-16
113	2023-01-22	dx	op	preg-week-08	2025-04-14	2026-10-16
113	2023-04-27	dx	op	compl-preg4	2025-04-14	2026-10-16
113	2023-04-27	dx	ip	hemo-preg	2025-04-14	2026-10-16
113	2023-04-28	dx	op	compl-preg4	2025-04-14	2026-10-16
113	2023-08-04	dx	op	preg-week-23	2025-04-14	2026-10-16
113	2023-08-04	dx	op	compl-preg4	2025-04-14	2026-10-16
113	2023-10-03	dx	op	preg-week-31	2025-04-14	2026-10-16
113	2023-10-03	dx	op	abrnl-fetus-care1	2025-04-14	2026-10-16
113	2023-10-27	dx	op	abrnl-fetus-care1	2025-04-14	2026-10-16
113	2023-10-27	dx	op	preg-week-35	2025-04-14	2026-10-16
113	2023-10-27	dx	op	preg-care	2025-04-14	2026-10-16
113	2023-10-30	dx	op	compl-preg4	2025-04-14	2026-10-16
113	2023-10-30	dx	ip	preg-week-35	2025-04-14	2026-10-16
113	2023-10-30	dx	op	preg-care	2025-04-14	2026-10-16
113	2023-10-31	dx	op	hrp-care	2025-04-14	2026-10-16
113	2023-10-31	dx	ip	preg-week-35	2025-04-14	2026-10-16
113	2023-11-03	dx	op	hrp-care	2025-04-14	2026-10-16
113	2023-11-03	dx	op	preg-week-36	2025-04-14	2026-10-16
113	2023-11-07	dx	op	hrp-care	2025-04-14	2026-10-16
113	2023-11-07	dx	op	preg-week-36	2025-04-14	2026-10-16
113	2023-11-14	dx	op	preg-week-37	2025-04-14	2026-10-16
113	2023-11-14	dx	ip	preg-care	2025-04-14	2026-10-16
113	2023-11-14	dx	op	hrp-care	2025-04-14	2026-10-16
113	2023-11-20	dx	op	preg-care	2025-04-14	2026-10-16
113	2023-11-20	dx	op	hrp-care	2025-04-14	2026-10-16
113	2023-11-20	dx	op	preg-week-38	2025-04-14	2026-10-16
113	2023-11-21	dx	op	compl-preg4	2025-04-14	2026-10-16
113	2023-11-21	dx	ip	birth-outcom	2025-04-14	2026-10-16
113	2023-11-24	px	op	birth-px	2025-04-14	2026-10-16
113	2023-11-24	dx	op	birth-outcom	2025-04-14	2026-10-16
113	2023-11-24	dx	op	compl-preg4	2025-04-14	2026-10-16
113	2023-11-24	dx	op	preg-week-39	2025-04-14	2026-10-16
113	2023-12-06	dx	op	compl-preg3	2025-04-14	2026-10-16
113	2023-12-11	px	op	birth-px	2025-04-14	2026-10-16
113	2023-12-11	dx	op	spl-scrn	2025-04-14	2026-10-16
113	2023-12-11	dx	op	post-care	2025-04-14	2026-10-16
113	2023-12-19	dx	op	spl-scrn	2025-04-14	2026-10-16
113	2023-12-19	dx	op	post-care	2025-04-14	2026-10-16
113	2024-02-21	dx	op	mdd	2025-04-14	2026-10-16
113	2024-03-21	tx_rx	pharmacy	VENLAFAXINE	2025-04-14	2026-10-16
113	2024-04-05	tx_rx	pharmacy	VENLAFAXINE	2025-04-14	2026-10-16
113	2024-04-17	tx_rx	pharmacy	VENLAFAXINE	2025-04-14	2026-10-16
113	2024-05-02	tx_rx	pharmacy	VENLAFAXINE	2025-04-14	2026-10-16
113	2024-06-04	tx_rx	pharmacy	VENLAFAXINE	2025-04-14	2026-10-16
113	2024-07-17	dx	op	vomit-preg	2025-04-14	2026-10-16
113	2024-07-17	dx	op	preg-week-01	2025-04-14	2026-10-16
113	2024-07-18	dx	op	compl-preg4	2025-04-14	2026-10-16
113	2024-07-18	dx	op	preg-week-08	2025-04-14	2026-10-16
113	2024-07-18	dx	op	vomit-preg	2025-04-14	2026-10-16
113	2024-07-23	dx	op	abrnl-fetus-care2	2025-04-14	2026-10-16
113	2024-07-23	dx	op	compl-preg4	2025-04-14	2026-10-16
113	2024-08-15	dx	op	hrp-care	2025-04-14	2026-10-16
113	2024-08-21	dx	op	ant-scrn	2025-04-14	2026-10-16
113	2024-08-21	dx	op	compl-preg4	2025-04-14	2026-10-16
113	2024-09-12	dx	op	hrp-care	2025-04-14	2026-10-16
113	2024-09-16	dx	op	preg-week-17	2025-04-14	2026-10-16
113	2024-09-26	dx	op	hrp-care	2025-04-14	2026-10-16
113	2024-10-04	dx	op	abrnl-fetus-care1	2025-04-14	2026-10-16
113	2024-10-04	dx	op	ant-scrn	2025-04-14	2026-10-16
113	2024-10-10	dx	op	hrp-care	2025-04-14	2026-10-16
113	2024-10-10	dx	op	abrnl-fetus-care1	2025-04-14	2026-10-16
113	2024-10-24	dx	op	preg-week-22	2025-04-14	2026-10-16
113	2024-10-24	dx	op	hrp-care	2025-04-14	2026-10-16
113	2024-11-07	dx	op	hrp-care	2025-04-14	2026-10-16
113	2024-11-07	dx	op	preg-week-24	2025-04-14	2026-10-16
113	2024-11-21	dx	op	compl-preg4	2025-04-14	2026-10-16
113	2024-11-21	dx	op	preg-week-27	2025-04-14	2026-10-16
113	2024-11-21	dx	op	g-hypert	2025-04-14	2026-10-16
113	2025-01-13	dx	op	hrp-care	2025-04-14	2026-10-16
113	2025-02-04	dx	op	hrp-care	2025-04-14	2026-10-16
113	2025-02-04	dx	ip	compl-preg4	2025-04-14	2026-10-16
113	2025-02-04	dx	ip	preg-week-36	2025-04-14	2026-10-16
113	2025-02-04	dx	ip	hrp-care	2025-04-14	2026-10-16
113	2025-02-07	dx	op	birth-outcom	2025-04-14	2026-10-16
113	2025-02-07	px	op	birth-px	2025-04-14	2026-10-16
113	2025-02-07	dx	op	preg-week-37	2025-04-14	2026-10-16
113	2025-02-07	dx	op	g-hypert	2025-04-14	2026-10-16
113	2025-02-11	px	op	birth-px	2025-04-14	2026-10-16
113	2025-02-17	dx	ip	compl-preg3	2025-04-14	2026-10-16
113	2025-02-18	tx_px	op	psy-thrp	2025-04-14	2026-10-16
113	2025-02-19	px	op	birth-px	2025-04-14	2026-10-16
113	2025-02-19	dx	op	spl-scrn	2025-04-14	2026-10-16
113	2025-02-19	dx	op	compl-preg3	2025-04-14	2026-10-16
113	2025-02-19	px	op	ppd-scrn	2025-04-14	2026-10-16
113	2025-02-25	tx_px	op	psy-thrp	2025-04-14	2026-10-16
113	2025-02-26	dx	op	compl-preg3	2025-04-14	2026-10-16
113	2025-02-27	dx	op	compl-preg3	2025-04-14	2026-10-16
113	2025-02-28	dx	op	compl-preg3	2025-04-14	2026-10-16
113	2025-03-01	dx	op	compl-preg3	2025-04-14	2026-10-16
113	2025-03-03	dx	op	compl-preg3	2025-04-14	2026-10-16
113	2025-03-04	tx_px	ip	psy-thrp	2025-04-14	2026-10-16
113	2025-03-05	dx	op	compl-preg3	2025-04-14	2026-10-16
113	2025-03-06	dx	op	compl-preg3	2025-04-14	2026-10-16
113	2025-03-06	tx_px	op	psy-thrp	2025-04-14	2026-10-16
113	2025-03-07	dx	op	compl-preg3	2025-04-14	2026-10-16
113	2025-03-10	dx	op	compl-preg3	2025-04-14	2026-10-16
113	2025-03-11	tx_px	op	psy-thrp	2025-04-14	2026-10-16
113	2025-03-12	dx	op	compl-preg3	2025-04-14	2026-10-16
113	2025-03-13	tx_px	ip	psy-thrp	2025-04-14	2026-10-16
113	2025-03-14	dx	ip	compl-preg3	2025-04-14	2026-10-16
113	2025-03-17	dx	op	compl-preg3	2025-04-14	2026-10-16
113	2025-03-18	tx_px	op	psy-thrp	2025-04-14	2026-10-16
113	2025-03-19	dx	op	spl-scrn	2025-04-14	2026-10-16
113	2025-03-19	dx	op	compl-preg3	2025-04-14	2026-10-16
113	2025-03-20	tx_px	op	psy-thrp	2025-04-14	2026-10-16
113	2025-03-21	dx	ip	compl-preg3	2025-04-14	2026-10-16
113	2025-03-24	dx	ip	compl-preg3	2025-04-14	2026-10-16
113	2025-03-25	tx_px	op	psy-thrp	2025-04-14	2026-10-16
113	2025-03-28	dx	op	compl-preg3	2025-04-14	2026-10-16
113	2025-03-31	dx	op	compl-preg3	2025-04-14	2026-10-16
113	2025-04-07	dx	op	compl-preg3	2025-04-14	2026-10-16
113	2025-04-08	tx_px	op	psy-thrp	2025-04-14	2026-10-16
113	2025-04-09	dx	op	compl-preg3	2025-04-14	2026-10-16
113	2025-04-10	tx_px	op	psy-thrp	2025-04-14	2026-10-16
113	2025-04-11	dx	op	compl-preg3	2025-04-14	2026-10-16
113	2025-04-15	tx_px	op	psy-thrp	2025-04-14	2026-10-16
113	2025-04-17	tx_px	op	psy-thrp	2025-04-14	2026-10-16
113	2025-04-22	tx_px	op	psy-thrp	2025-04-14	2026-10-16
113	2025-04-24	tx_px	ip	psy-thrp	2025-04-14	2026-10-16
113	2025-04-29	tx_px	op	psy-thrp	2025-04-14	2026-10-16
113	2025-05-01	tx_px	op	psy-thrp	2025-04-14	2026-10-16
113	2025-05-06	tx_px	op	psy-thrp	2025-04-14	2026-10-16
113	2025-05-13	tx_px	op	psy-thrp	2025-04-14	2026-10-16
113	2025-05-15	tx_px	op	psy-thrp	2025-04-14	2026-10-16
113	2025-05-20	tx_px	ip	psy-thrp	2025-04-14	2026-10-16
113	2025-05-22	tx_px	op	psy-thrp	2025-04-14	2026-10-16
113	2025-05-27	tx_px	op	psy-thrp	2025-04-14	2026-10-16
113	2025-05-29	tx_px	ip	psy-thrp	2025-04-14	2026-10-16
114	2022-08-18	dx	op	mdd	2011-06-28	2026-07-07
114	2023-06-08	dx	op	compl-preg4	2011-06-28	2026-07-07
114	2023-06-14	dx	op	hrp-care	2011-06-28	2026-07-07
114	2023-06-14	dx	op	preg-week-01	2011-06-28	2026-07-07
114	2023-06-14	dx	op	abrnl-fetus-care2	2011-06-28	2026-07-07
114	2023-06-14	dx	op	preg-week-08	2011-06-28	2026-07-07
114	2023-07-03	dx	op	hrp-care	2011-06-28	2026-07-07
114	2023-07-03	dx	op	preg-week-00	2011-06-28	2026-07-07
114	2023-07-03	dx	ip	preg-week-10	2011-06-28	2026-07-07
114	2023-07-03	dx	op	abrnl-fetus-care2	2011-06-28	2026-07-07
114	2023-07-24	dx	op	preg-week-13	2011-06-28	2026-07-07
114	2023-07-24	dx	op	vomit-preg	2011-06-28	2026-07-07
114	2023-07-24	dx	ip	hrp-care	2011-06-28	2026-07-07
114	2023-08-23	dx	ip	ant-scrn	2011-06-28	2026-07-07
114	2023-08-23	dx	op	hrp-care	2011-06-28	2026-07-07
114	2023-08-23	dx	op	preg-week-18	2011-06-28	2026-07-07
114	2023-08-23	dx	op	preg-week-17	2011-06-28	2026-07-07
114	2023-09-12	dx	op	hrp-care	2011-06-28	2026-07-07
114	2023-09-12	dx	op	preg-week-20	2011-06-28	2026-07-07
114	2023-09-12	dx	op	preg-care	2011-06-28	2026-07-07
114	2023-09-12	dx	op	ant-scrn	2011-06-28	2026-07-07
114	2023-10-10	dx	op	hrp-care	2011-06-28	2026-07-07
114	2023-10-10	dx	op	compl-preg4	2011-06-28	2026-07-07
114	2023-10-10	dx	op	preg-week-24	2011-06-28	2026-07-07
114	2023-11-01	dx	op	abrnl-fetus-care1	2011-06-28	2026-07-07
114	2023-11-01	dx	op	preg-week-28	2011-06-28	2026-07-07
114	2023-11-08	dx	op	preg-week-29	2011-06-28	2026-07-07
114	2023-11-08	dx	op	compl-preg4	2011-06-28	2026-07-07
114	2023-11-15	dx	op	hrp-care	2011-06-28	2026-07-07
114	2023-11-15	dx	op	preg-week-30	2011-06-28	2026-07-07
114	2023-11-29	dx	op	abrnl-fetus-care1	2011-06-28	2026-07-07
114	2023-11-29	dx	op	hrp-care	2011-06-28	2026-07-07
114	2023-11-29	dx	op	preg-week-32	2011-06-28	2026-07-07
114	2023-12-13	dx	op	hrp-care	2011-06-28	2026-07-07
114	2023-12-13	dx	op	preg-week-34	2011-06-28	2026-07-07
114	2023-12-27	dx	op	hrp-care	2011-06-28	2026-07-07
114	2023-12-27	dx	op	abrnl-fetus-care2	2011-06-28	2026-07-07
114	2023-12-27	dx	op	preg-week-36	2011-06-28	2026-07-07
114	2024-01-03	dx	op	preg-week-37	2011-06-28	2026-07-07
114	2024-01-03	dx	op	hrp-care	2011-06-28	2026-07-07
114	2024-01-08	dx	ip	preg-week-37	2011-06-28	2026-07-07
114	2024-01-08	dx	op	abrnl-fetus-care2	2011-06-28	2026-07-07
114	2024-01-08	dx	op	hrp-care	2011-06-28	2026-07-07
114	2024-01-08	dx	op	birth-outcom	2011-06-28	2026-07-07
114	2024-01-09	dx	op	preg-week-37	2011-06-28	2026-07-07
114	2024-01-09	dx	op	birth-outcom	2011-06-28	2026-07-07
114	2024-01-09	px	op	birth-px	2011-06-28	2026-07-07
114	2024-02-12	dx	op	post-care	2011-06-28	2026-07-07
114	2024-08-15	dx	op	preg-week-00	2011-06-28	2026-07-07
114	2024-08-15	dx	ip	s-abort	2011-06-28	2026-07-07
114	2024-08-15	dx	op	preg-week-01	2011-06-28	2026-07-07
114	2024-08-15	dx	op	preg-care	2011-06-28	2026-07-07
114	2024-08-15	dx	op	vomit-preg	2011-06-28	2026-07-07
114	2024-08-17	dx	ip	s-abort	2011-06-28	2026-07-07
114	2024-08-20	dx	ip	preg-week-01	2011-06-28	2026-07-07
114	2024-08-20	dx	ip	hemo-preg	2011-06-28	2026-07-07
114	2024-08-22	dx	op	preg-week-01	2011-06-28	2026-07-07
114	2024-08-22	dx	op	preg-care	2011-06-28	2026-07-07
114	2024-08-27	dx	op	preg-week-01	2011-06-28	2026-07-07
114	2024-08-27	dx	op	ant-scrn	2011-06-28	2026-07-07
114	2024-08-27	dx	ip	hrp-care	2011-06-28	2026-07-07
114	2024-08-27	dx	op	hrp-care	2011-06-28	2026-07-07
114	2024-09-16	dx	op	preg-week-09	2011-06-28	2026-07-07
114	2024-09-16	dx	op	compl-preg4	2011-06-28	2026-07-07
114	2024-09-16	dx	op	hrp-care	2011-06-28	2026-07-07
114	2024-09-16	dx	op	vomit-preg	2011-06-28	2026-07-07
114	2024-09-16	dx	ip	preg-week-01	2011-06-28	2026-07-07
114	2024-10-03	dx	op	preg-care	2011-06-28	2026-07-07
114	2024-10-03	dx	ip	preg-week-12	2011-06-28	2026-07-07
114	2024-10-04	dx	op	s-abort	2011-06-28	2026-07-07
114	2024-10-04	dx	op	preg-week-11	2011-06-28	2026-07-07
114	2024-10-05	px	op	birth-px	2011-06-28	2026-07-07
114	2024-10-05	dx	op	s-abort	2011-06-28	2026-07-07
114	2024-11-04	dx	op	other-history	2011-06-28	2026-07-07
114	2024-11-04	dx	op	mdd	2011-06-28	2026-07-07
114	2024-12-09	dx	op	other-history	2011-06-28	2026-07-07
114	2025-01-15	dx	op	preg-week-01	2011-06-28	2026-07-07
114	2025-01-15	dx	op	abrnl-fetus-care2	2011-06-28	2026-07-07
114	2025-01-29	dx	op	preg-week-01	2011-06-28	2026-07-07
114	2025-01-29	dx	op	ant-scrn	2011-06-28	2026-07-07
114	2025-02-14	dx	op	preg-care	2011-06-28	2026-07-07
114	2025-02-14	dx	op	ant-scrn	2011-06-28	2026-07-07
114	2025-02-14	dx	ip	preg-week-09	2011-06-28	2026-07-07
114	2025-02-28	dx	ip	ant-scrn	2011-06-28	2026-07-07
114	2025-02-28	dx	op	preg-week-11	2011-06-28	2026-07-07
114	2025-02-28	dx	op	compl-preg4	2011-06-28	2026-07-07
114	2025-03-14	dx	op	preg-week-13	2011-06-28	2026-07-07
114	2025-03-14	dx	op	compl-preg4	2011-06-28	2026-07-07
114	2025-03-14	dx	op	ant-scrn	2011-06-28	2026-07-07
114	2025-03-28	dx	op	ant-scrn	2011-06-28	2026-07-07
114	2025-03-28	dx	op	compl-preg4	2011-06-28	2026-07-07
114	2025-03-28	dx	op	preg-week-15	2011-06-28	2026-07-07
114	2025-04-11	dx	op	preg-care	2011-06-28	2026-07-07
114	2025-04-11	dx	op	compl-preg4	2011-06-28	2026-07-07
114	2025-05-02	dx	op	preg-week-20	2011-06-28	2026-07-07
114	2025-05-02	dx	ip	hrp-care	2011-06-28	2026-07-07
114	2025-05-02	dx	op	ant-scrn	2011-06-28	2026-07-07
114	2025-05-07	dx	ip	preg-week-21	2011-06-28	2026-07-07
114	2025-05-30	dx	op	preg-care	2011-06-28	2026-07-07
115	2025-03-31	dx	op	preg-care	2011-12-15	2026-06-13
115	2025-04-09	dx	op	preg-week-40	2011-12-15	2026-06-13
115	2025-04-09	dx	op	birth-outcom	2011-12-15	2026-06-13
115	2025-04-10	dx	op	preg-week-40	2011-12-15	2026-06-13
115	2025-04-10	px	op	birth-px	2011-12-15	2026-06-13
115	2025-04-10	dx	op	birth-outcom	2011-12-15	2026-06-13
116	2024-01-17	dx	op	preg-week-01	2019-06-19	2026-07-23
116	2024-01-17	dx	op	ant-scrn	2019-06-19	2026-07-23
116	2024-01-17	dx	op	preg-week-08	2019-06-19	2026-07-23
116	2024-01-17	dx	op	preg-care	2019-06-19	2026-07-23
116	2024-01-25	dx	op	preg-week-09	2019-06-19	2026-07-23
116	2024-01-25	dx	op	preg-care	2019-06-19	2026-07-23
116	2024-01-31	dx	op	preg-week-08	2019-06-19	2026-07-23
116	2024-01-31	dx	op	ant-scrn	2019-06-19	2026-07-23
116	2024-02-09	dx	ip	preg-care	2019-06-19	2026-07-23
116	2024-02-09	dx	op	ant-scrn	2019-06-19	2026-07-23
116	2024-02-09	dx	op	preg-week-12	2019-06-19	2026-07-23
116	2024-02-09	dx	op	preg-week-11	2019-06-19	2026-07-23
116	2024-02-12	dx	op	spl-scrn	2019-06-19	2026-07-23
116	2024-02-12	px	op	ppd-scrn	2019-06-19	2026-07-23
116	2024-03-11	dx	op	preg-care	2019-06-19	2026-07-23
116	2024-03-11	dx	op	ant-scrn	2019-06-19	2026-07-23
116	2024-03-11	dx	op	preg-week-16	2019-06-19	2026-07-23
116	2024-04-08	dx	ip	ant-scrn	2019-06-19	2026-07-23
116	2024-04-08	dx	op	preg-care	2019-06-19	2026-07-23
116	2024-04-08	dx	op	preg-week-20	2019-06-19	2026-07-23
116	2024-05-15	dx	op	preg-care	2019-06-19	2026-07-23
116	2024-05-15	dx	op	preg-week-25	2019-06-19	2026-07-23
116	2024-06-05	dx	op	preg-week-28	2019-06-19	2026-07-23
116	2024-06-05	dx	op	ant-scrn	2019-06-19	2026-07-23
116	2024-06-05	dx	op	preg-care	2019-06-19	2026-07-23
116	2024-06-17	dx	op	preg-week-30	2019-06-19	2026-07-23
116	2024-06-17	dx	ip	preg-care	2019-06-19	2026-07-23
116	2024-07-02	dx	ip	preg-week-32	2019-06-19	2026-07-23
116	2024-07-02	dx	op	preg-care	2019-06-19	2026-07-23
116	2024-07-16	dx	op	preg-care	2019-06-19	2026-07-23
116	2024-07-16	dx	op	preg-week-34	2019-06-19	2026-07-23
116	2024-07-31	dx	op	ant-scrn	2019-06-19	2026-07-23
116	2024-07-31	dx	ip	preg-care	2019-06-19	2026-07-23
116	2024-07-31	dx	op	preg-week-36	2019-06-19	2026-07-23
116	2024-08-05	dx	op	preg-week-37	2019-06-19	2026-07-23
116	2024-08-05	dx	op	preg-care	2019-06-19	2026-07-23
116	2024-08-14	dx	op	preg-care	2019-06-19	2026-07-23
116	2024-08-14	dx	op	preg-week-38	2019-06-19	2026-07-23
116	2024-08-22	dx	op	preg-week-39	2019-06-19	2026-07-23
116	2024-08-22	dx	op	preg-care	2019-06-19	2026-07-23
116	2024-08-26	dx	op	preg-care	2019-06-19	2026-07-23
116	2024-08-26	dx	ip	preg-week-40	2019-06-19	2026-07-23
116	2024-08-28	dx	op	abrnl-fetus-care2	2019-06-19	2026-07-23
116	2024-08-28	dx	op	prem-rupt	2019-06-19	2026-07-23
116	2024-08-28	dx	op	birth-outcom	2019-06-19	2026-07-23
116	2024-08-28	dx	op	preg-care	2019-06-19	2026-07-23
116	2024-08-28	dx	op	birth	2019-06-19	2026-07-23
116	2024-08-28	dx	op	preg-week-40	2019-06-19	2026-07-23
116	2024-08-28	dx	ip	preg-week-00	2019-06-19	2026-07-23
116	2024-08-28	dx	op	compl-preg4	2019-06-19	2026-07-23
116	2024-08-28	px	op	birth-px	2019-06-19	2026-07-23
116	2024-09-05	dx	op	post-care	2019-06-19	2026-07-23
116	2024-10-09	dx	op	post-care	2019-06-19	2026-07-23
116	2024-12-04	dx	op	compl-preg3	2019-06-19	2026-07-23
117	2022-01-18	tx_rx	pharmacy	FLUOXETINE	2017-05-22	2026-04-17
117	2022-01-18	dx	op	r-mdd	2017-05-22	2026-04-17
117	2022-01-28	dx	op	r-mdd	2017-05-22	2026-04-17
117	2022-05-25	tx_rx	pharmacy	FLUOXETINE	2017-05-22	2026-04-17
117	2023-08-22	dx	op	mdd	2017-05-22	2026-04-17
117	2023-08-22	tx_rx	pharmacy	FLUOXETINE	2017-05-22	2026-04-17
117	2024-05-29	tx_rx	pharmacy	SERTRALINE	2017-05-22	2026-04-17
117	2024-07-02	dx	op	spl-scrn	2017-05-22	2026-04-17
117	2024-07-02	px	op	ppd-scrn	2017-05-22	2026-04-17
117	2024-09-23	tx_rx	pharmacy	SERTRALINE	2017-05-22	2026-04-17
117	2024-10-18	dx	ip	preg-week-38	2017-05-22	2026-04-17
117	2024-10-18	dx	ip	birth-outcom	2017-05-22	2026-04-17
117	2024-10-18	px	op	birth-px	2017-05-22	2026-04-17
117	2024-10-30	dx	op	spl-scrn	2017-05-22	2026-04-17
117	2024-10-30	px	op	ppd-scrn	2017-05-22	2026-04-17
117	2025-01-14	dx	op	r-mdd	2017-05-22	2026-04-17
117	2025-01-14	tx_rx	pharmacy	SERTRALINE	2017-05-22	2026-04-17
117	2025-02-13	tx_rx	pharmacy	SERTRALINE	2017-05-22	2026-04-17
117	2025-04-29	px	op	ppd-scrn	2017-05-22	2026-04-17
117	2025-04-29	dx	op	spl-scrn	2017-05-22	2026-04-17
118	2024-07-01	dx	op	compl-preg4	2017-07-18	2026-12-01
118	2024-07-01	dx	op	preg-week-01	2017-07-18	2026-12-01
118	2024-07-01	dx	op	hemo-preg	2017-07-18	2026-12-01
118	2024-07-01	dx	op	vomit-preg	2017-07-18	2026-12-01
118	2024-07-01	dx	op	ant-scrn	2017-07-18	2026-12-01
118	2024-07-15	px	op	ppd-scrn	2017-07-18	2026-12-01
118	2024-07-15	dx	op	incidental, preg-unplnd	2017-07-18	2026-12-01
119	2024-04-08	dx	op	hrp-care	2025-08-22	2026-07-24
119	2024-04-16	dx	ip	preg-care	2025-08-22	2026-07-24
119	2024-05-03	dx	op	preg-care	2025-08-22	2026-07-24
119	2024-05-06	dx	op	preg-care	2025-08-22	2026-07-24
119	2024-05-16	dx	ip	ant-scrn	2025-08-22	2026-07-24
119	2024-05-16	dx	op	compl-preg4	2025-08-22	2026-07-24
119	2024-07-08	dx	op	compl-preg4	2025-08-22	2026-07-24
119	2024-07-08	dx	op	ant-scrn	2025-08-22	2026-07-24
119	2024-10-28	dx	op	compl-preg4	2025-08-22	2026-07-24
119	2024-10-28	dx	ip	ant-scrn	2025-08-22	2026-07-24
119	2024-11-19	dx	op	birth	2025-08-22	2026-07-24
119	2024-11-19	dx	ip	c-birth	2025-08-22	2026-07-24
119	2024-11-20	dx	op	c-birth	2025-08-22	2026-07-24
119	2024-11-20	px	op	birth-px	2025-08-22	2026-07-24
119	2024-11-20	dx	op	g-hypert-p	2025-08-22	2026-07-24
119	2024-11-20	dx	ip	birth-outcom	2025-08-22	2026-07-24
119	2024-11-20	dx	op	birth	2025-08-22	2026-07-24
119	2024-11-21	dx	op	c-birth	2025-08-22	2026-07-24
119	2024-11-21	dx	ip	birth	2025-08-22	2026-07-24
119	2024-12-06	dx	op	spl-scrn	2025-08-22	2026-07-24
119	2024-12-06	px	op	birth-px	2025-08-22	2026-07-24
119	2025-01-06	dx	ip	spl-scrn	2025-08-22	2026-07-24
119	2025-01-06	px	op	birth-px	2025-08-22	2026-07-24
120	2022-10-06	dx	ip	preg-week-01	2026-12-24	2026-11-23
120	2022-10-06	dx	op	hemo-preg	2026-12-24	2026-11-23
120	2022-10-06	dx	op	abrnl-fetus-care2	2026-12-24	2026-11-23
120	2023-08-18	dx	op	abrnl-fetus-care2	2026-12-24	2026-11-23
120	2023-08-18	dx	op	preg-week-40	2026-12-24	2026-11-23
120	2023-08-23	dx	op	birth-outcom	2026-12-24	2026-11-23
120	2023-08-23	dx	ip	preg-week-41	2026-12-24	2026-11-23
120	2023-08-23	dx	op	birth	2026-12-24	2026-11-23
120	2023-08-23	px	op	birth-px	2026-12-24	2026-11-23
120	2023-10-10	dx	op	post-care	2026-12-24	2026-11-23
120	2023-10-10	px	ip	birth-px	2026-12-24	2026-11-23
120	2023-10-10	dx	op	spl-scrn	2026-12-24	2026-11-23
120	2024-10-25	dx	op	hrp-care	2026-12-24	2026-11-23
120	2024-10-25	dx	op	ant-scrn	2026-12-24	2026-11-23
120	2024-10-25	dx	op	preg-week-10	2026-12-24	2026-11-23
120	2024-11-19	dx	op	preg-week-14	2026-12-24	2026-11-23
120	2024-11-19	dx	op	hrp-care	2026-12-24	2026-11-23
120	2024-12-18	dx	op	preg-week-18	2026-12-24	2026-11-23
120	2024-12-18	dx	op	preg-care	2026-12-24	2026-11-23
120	2025-01-15	dx	op	preg-week-22	2026-12-24	2026-11-23
120	2025-01-15	dx	op	preg-care	2026-12-24	2026-11-23
120	2025-02-10	dx	op	preg-care	2026-12-24	2026-11-23
120	2025-02-10	dx	op	preg-week-26	2026-12-24	2026-11-23
120	2025-03-10	dx	op	preg-care	2026-12-24	2026-11-23
120	2025-03-10	dx	op	preg-week-30	2026-12-24	2026-11-23
120	2025-03-26	dx	op	preg-care	2026-12-24	2026-11-23
120	2025-03-26	dx	op	preg-week-32	2026-12-24	2026-11-23
120	2025-04-08	dx	ip	preg-care	2026-12-24	2026-11-23
120	2025-04-08	dx	op	preg-week-34	2026-12-24	2026-11-23
120	2025-04-22	dx	op	preg-week-36	2026-12-24	2026-11-23
120	2025-04-22	dx	op	preg-care	2026-12-24	2026-11-23
120	2025-04-28	dx	op	preg-week-37	2026-12-24	2026-11-23
120	2025-04-28	dx	op	hrp-care	2026-12-24	2026-11-23
120	2025-05-08	dx	op	preg-week-38	2026-12-24	2026-11-23
120	2025-05-08	dx	op	hrp-care	2026-12-24	2026-11-23
120	2025-05-14	dx	op	preg-week-39	2026-12-24	2026-11-23
120	2025-05-14	dx	op	preg-care	2026-12-24	2026-11-23
120	2025-05-21	dx	op	preg-care	2026-12-24	2026-11-23
120	2025-05-21	dx	op	preg-week-40	2026-12-24	2026-11-23
120	2025-05-26	dx	op	birth	2026-12-24	2026-11-23
120	2025-05-26	dx	op	birth-outcom	2026-12-24	2026-11-23
120	2025-05-26	dx	op	preg-week-41	2026-12-24	2026-11-23
120	2025-05-26	px	op	birth-px	2026-12-24	2026-11-23
121	2022-06-30	dx	op	incidental, preg-unplnd	2019-07-22	2026-05-28
121	2022-06-30	px	op	birth-px	2019-07-22	2026-05-28
121	2023-12-12	dx	op	incidental, preg-unplnd	2019-07-22	2026-05-28
121	2023-12-12	px	op	birth-px	2019-07-22	2026-05-28
121	2024-03-21	px	ip	birth-px	2019-07-22	2026-05-28
121	2024-03-21	dx	op	spl-scrn	2019-07-22	2026-05-28
121	2024-12-18	px	ip	birth-px	2019-07-22	2026-05-28
121	2024-12-18	dx	op	incidental, preg-unplnd	2019-07-22	2026-05-28
121	2024-12-19	dx	op	incidental, preg-unplnd	2019-07-22	2026-05-28
122	2022-10-12	dx	op	preg-care	2025-02-28	2026-06-14
122	2022-10-12	dx	ip	ant-scrn	2025-02-28	2026-06-14
122	2023-04-13	dx	op	preg-care	2025-02-28	2026-06-14
122	2023-04-13	dx	op	ant-scrn	2025-02-28	2026-06-14
122	2023-05-10	dx	ip	ant-scrn	2025-02-28	2026-06-14
122	2023-05-10	dx	op	preg-care	2025-02-28	2026-06-14
122	2023-05-31	dx	ip	birth	2025-02-28	2026-06-14
122	2023-05-31	dx	op	preg-week-41	2025-02-28	2026-06-14
122	2023-05-31	dx	op	birth-outcom	2025-02-28	2026-06-14
122	2023-05-31	px	op	birth-px	2025-02-28	2026-06-14
122	2024-01-09	px	op	birth-px	2025-02-28	2026-06-14
122	2024-01-16	tx_px	op	psy-thrp	2025-02-28	2026-06-14
122	2024-01-23	tx_px	op	psy-thrp	2025-02-28	2026-06-14
122	2024-01-30	tx_px	op	psy-thrp	2025-02-28	2026-06-14
122	2024-02-06	tx_px	op	psy-thrp	2025-02-28	2026-06-14
122	2024-02-13	tx_px	op	psy-thrp	2025-02-28	2026-06-14
122	2024-02-20	tx_px	ip	psy-thrp	2025-02-28	2026-06-14
122	2024-02-27	tx_px	op	psy-thrp	2025-02-28	2026-06-14
122	2024-03-05	tx_px	op	psy-thrp	2025-02-28	2026-06-14
122	2024-03-12	tx_px	op	psy-thrp	2025-02-28	2026-06-14
122	2024-03-19	tx_px	op	psy-thrp	2025-02-28	2026-06-14
122	2024-12-26	dx	op	preg-care	2025-02-28	2026-06-14
122	2024-12-26	dx	op	spl-scrn	2025-02-28	2026-06-14
122	2024-12-26	px	op	birth-px	2025-02-28	2026-06-14
122	2025-01-02	dx	op	ant-scrn	2025-02-28	2026-06-14
122	2025-01-02	dx	ip	preg-week-21	2025-02-28	2026-06-14
122	2025-01-02	dx	op	preg-care	2025-02-28	2026-06-14
122	2025-03-18	dx	op	preg-care	2025-02-28	2026-06-14
122	2025-04-10	dx	ip	preg-care	2025-02-28	2026-06-14
122	2025-04-10	dx	op	compl-preg4	2025-02-28	2026-06-14
122	2025-04-17	dx	op	ant-scrn	2025-02-28	2026-06-14
122	2025-05-07	dx	op	birth-outcom	2025-02-28	2026-06-14
122	2025-05-07	px	op	birth-px	2025-02-28	2026-06-14
122	2025-05-07	dx	op	preg-week-40	2025-02-28	2026-06-14
122	2025-05-07	dx	op	birth	2025-02-28	2026-06-14
122	2025-05-08	dx	ip	post-care	2025-02-28	2026-06-14
123	2024-04-16	dx	op	ant-scrn	2014-04-07	2026-07-22
123	2024-07-02	dx	op	ant-scrn	2014-04-07	2026-07-22
123	2024-10-18	dx	op	preg-week-35	2014-04-07	2026-07-22
123	2024-10-23	dx	op	ant-scrn	2014-04-07	2026-07-22
123	2024-11-22	px	op	birth-px	2014-04-07	2026-07-22
123	2024-11-22	dx	op	c-birth	2014-04-07	2026-07-22
124	2023-09-07	dx	op	preg-week-40	2013-03-02	2026-12-10
124	2023-09-08	dx	op	preg-week-40	2013-03-02	2026-12-10
124	2023-09-09	px	op	birth-px	2013-03-02	2026-12-10
124	2023-09-09	dx	op	preg-week-40	2013-03-02	2026-12-10
124	2023-09-09	dx	op	birth-outcom	2013-03-02	2026-12-10
124	2023-09-10	dx	op	preg-week-40	2013-03-02	2026-12-10
124	2023-09-11	dx	op	preg-week-40	2013-03-02	2026-12-10
124	2025-05-12	px	op	ppd-scrn	2013-03-02	2026-12-10
124	2025-05-12	px	ip	ppd-scrn	2013-03-02	2026-12-10
124	2025-05-12	dx	op	incidental, preg-unplnd	2013-03-02	2026-12-10
125	2024-01-31	dx	op	ant-scrn	2017-05-03	2026-05-28
125	2024-01-31	dx	op	abrnl-fetus-care2	2017-05-03	2026-05-28
125	2024-01-31	dx	op	preg-week-08	2017-05-03	2026-05-28
125	2024-04-22	dx	op	ant-scrn	2017-05-03	2026-05-28
125	2024-04-22	dx	op	preg-week-20	2017-05-03	2026-05-28
125	2024-06-14	dx	op	preg-week-00	2017-05-03	2026-05-28
125	2024-06-25	dx	op	preg-week-29	2017-05-03	2026-05-28
125	2024-06-25	dx	ip	abrnl-fetus-care2	2017-05-03	2026-05-28
125	2024-07-15	dx	op	preg-week-32	2017-05-03	2026-05-28
125	2024-07-15	dx	op	compl-preg4	2017-05-03	2026-05-28
125	2024-08-13	dx	op	preg-week-36	2017-05-03	2026-05-28
125	2024-08-13	dx	op	preg-care	2017-05-03	2026-05-28
125	2024-09-09	dx	op	preg-week-30	2017-05-03	2026-05-28
125	2024-09-09	dx	op	preg-week-40	2017-05-03	2026-05-28
125	2024-09-09	dx	op	birth-outcom	2017-05-03	2026-05-28
125	2024-09-10	dx	op	preg-week-40	2017-05-03	2026-05-28
125	2024-09-10	px	op	birth-px	2017-05-03	2026-05-28
125	2024-09-10	dx	op	birth-outcom	2017-05-03	2026-05-28
126	2022-07-25	dx	op	preg-week-01	2024-09-04	2026-07-14
126	2022-07-25	dx	op	hemo-preg	2024-09-04	2026-07-14
126	2024-10-14	dx	op	birth-outcom	2024-09-04	2026-07-14
126	2024-10-14	px	op	birth-px	2024-09-04	2026-07-14
126	2024-10-14	dx	op	preg-care	2024-09-04	2026-07-14
126	2024-10-14	dx	op	preg-week-38	2024-09-04	2026-07-14
126	2024-10-14	dx	ip	abrnl-fetus-care2	2024-09-04	2026-07-14
127	2024-12-07	dx	op	incidental, preg-unplnd	2012-03-15	2026-11-15
128	2024-10-25	dx	op	birth-outcom	2012-08-22	2026-07-27
128	2024-10-25	dx	op	compl-preg4	2012-08-22	2026-07-27
128	2024-10-25	dx	op	abrnl-fetus-care2	2012-08-22	2026-07-27
128	2024-10-26	dx	op	hrp-care	2012-08-22	2026-07-27
128	2024-10-26	dx	ip	preg-week-39	2012-08-22	2026-07-27
128	2024-10-26	px	op	birth-px	2012-08-22	2026-07-27
128	2024-10-26	dx	op	compl-preg4	2012-08-22	2026-07-27
128	2024-10-27	dx	op	m-hypert	2012-08-22	2026-07-27
128	2024-10-27	dx	op	g-hypert	2012-08-22	2026-07-27
128	2024-11-25	dx	op	post-care	2012-08-22	2026-07-27
128	2024-12-09	dx	op	ppd	2012-08-22	2026-07-27
129	2023-12-01	dx	op	spl-scrn	2018-05-08	2026-07-19
129	2023-12-05	dx	ip	hemo-preg	2018-05-08	2026-07-19
129	2024-02-05	dx	op	preg-care	2018-05-08	2026-07-19
129	2024-02-06	dx	op	preg-care	2018-05-08	2026-07-19
129	2024-02-20	dx	op	preg-care	2018-05-08	2026-07-19
129	2024-02-21	dx	op	preg-care	2018-05-08	2026-07-19
129	2024-02-29	dx	op	hrp-care	2018-05-08	2026-07-19
129	2024-02-29	dx	op	preg-week-08	2018-05-08	2026-07-19
129	2024-02-29	dx	op	other-history	2018-05-08	2026-07-19
129	2024-03-08	dx	op	preg-care	2018-05-08	2026-07-19
129	2024-03-13	dx	op	preg-care	2018-05-08	2026-07-19
129	2024-03-13	dx	op	hrp-care	2018-05-08	2026-07-19
129	2024-04-03	dx	op	preg-care	2018-05-08	2026-07-19
129	2024-04-03	dx	op	preg-week-13	2018-05-08	2026-07-19
129	2024-04-26	dx	op	preg-care	2018-05-08	2026-07-19
129	2024-05-01	dx	op	preg-week-17	2018-05-08	2026-07-19
129	2024-05-01	dx	op	preg-care	2018-05-08	2026-07-19
129	2024-05-22	dx	op	preg-care	2018-05-08	2026-07-19
129	2024-05-29	dx	op	preg-week-21	2018-05-08	2026-07-19
129	2024-05-29	dx	op	preg-care	2018-05-08	2026-07-19
129	2024-06-14	dx	op	preg-care	2018-05-08	2026-07-19
129	2024-06-21	dx	op	other-history	2018-05-08	2026-07-19
129	2024-06-21	dx	op	preg-week-24	2018-05-08	2026-07-19
129	2024-06-21	dx	op	ant-scrn	2018-05-08	2026-07-19
129	2024-06-26	dx	op	preg-week-25	2018-05-08	2026-07-19
129	2024-06-26	dx	op	preg-care	2018-05-08	2026-07-19
129	2024-07-10	dx	op	preg-care	2018-05-08	2026-07-19
129	2024-07-17	dx	op	preg-care	2018-05-08	2026-07-19
129	2024-07-17	dx	ip	preg-week-28	2018-05-08	2026-07-19
129	2024-07-24	dx	op	preg-care	2018-05-08	2026-07-19
129	2024-07-26	dx	op	preg-care	2018-05-08	2026-07-19
129	2024-08-01	dx	op	preg-care	2018-05-08	2026-07-19
129	2024-08-01	dx	ip	preg-week-30	2018-05-08	2026-07-19
129	2024-08-14	dx	op	preg-care	2018-05-08	2026-07-19
129	2024-08-15	dx	op	preg-care	2018-05-08	2026-07-19
129	2024-08-15	dx	op	spl-scrn	2018-05-08	2026-07-19
129	2024-08-15	dx	op	preg-week-32	2018-05-08	2026-07-19
129	2024-08-16	dx	op	preg-care	2018-05-08	2026-07-19
129	2024-08-16	dx	ip	preg-week-32	2018-05-08	2026-07-19
129	2024-08-22	dx	op	preg-care	2018-05-08	2026-07-19
129	2024-08-29	dx	op	preg-care	2018-05-08	2026-07-19
129	2024-08-29	dx	op	ant-scrn	2018-05-08	2026-07-19
129	2024-08-29	dx	op	preg-week-34	2018-05-08	2026-07-19
129	2024-08-31	dx	op	ant-scrn	2018-05-08	2026-07-19
129	2024-08-31	dx	op	preg-week-34	2018-05-08	2026-07-19
129	2024-09-12	dx	op	preg-care	2018-05-08	2026-07-19
129	2024-09-12	dx	op	ant-scrn	2018-05-08	2026-07-19
129	2024-09-12	dx	ip	preg-week-36	2018-05-08	2026-07-19
129	2024-09-20	dx	op	preg-week-37	2018-05-08	2026-07-19
129	2024-09-20	dx	op	preg-care	2018-05-08	2026-07-19
129	2024-09-27	dx	op	preg-week-38	2018-05-08	2026-07-19
129	2024-09-27	dx	ip	preg-care	2018-05-08	2026-07-19
129	2024-10-02	dx	op	preg-week-39	2018-05-08	2026-07-19
129	2024-10-02	dx	op	preg-care	2018-05-08	2026-07-19
129	2024-10-08	dx	op	preg-week-40	2018-05-08	2026-07-19
129	2024-10-10	dx	op	preg-week-40	2018-05-08	2026-07-19
129	2024-10-10	dx	op	preg-care	2018-05-08	2026-07-19
129	2024-10-11	dx	op	birth-outcom	2018-05-08	2026-07-19
129	2024-10-11	px	ip	birth-px	2018-05-08	2026-07-19
129	2024-10-11	dx	op	birth	2018-05-08	2026-07-19
129	2024-10-11	dx	ip	preg-week-40	2018-05-08	2026-07-19
129	2024-10-12	dx	op	birth-outcom	2018-05-08	2026-07-19
129	2024-10-12	dx	op	preg-week-40	2018-05-08	2026-07-19
129	2024-10-21	dx	op	post-care	2018-05-08	2026-07-19
129	2024-10-24	dx	ip	post-care	2018-05-08	2026-07-19
129	2024-12-19	dx	ip	post-care	2018-05-08	2026-07-19
129	2024-12-19	px	op	ppd-scrn	2018-05-08	2026-07-19
129	2025-01-16	dx	op	post-care	2018-05-08	2026-07-19
130	2024-04-26	dx	ip	abrnl-fetus-care2	2013-08-16	2026-09-12
130	2024-04-26	dx	op	vomit-preg	2013-08-16	2026-09-12
130	2024-04-26	dx	op	preg-care	2013-08-16	2026-09-12
130	2024-04-26	dx	op	preg-week-10	2013-08-16	2026-09-12
130	2024-07-08	dx	op	preg-week-20	2013-08-16	2026-09-12
130	2024-07-08	dx	ip	ant-scrn	2013-08-16	2026-09-12
130	2024-09-03	dx	ip	preg-care	2013-08-16	2026-09-12
130	2024-09-03	dx	op	preg-week-28	2013-08-16	2026-09-12
130	2024-09-03	dx	ip	abrnl-fetus-care2	2013-08-16	2026-09-12
130	2024-09-18	dx	op	compl-preg4	2013-08-16	2026-09-12
130	2024-10-16	dx	op	preg-week-34	2013-08-16	2026-09-12
130	2024-10-30	dx	op	preg-week-36	2013-08-16	2026-09-12
130	2024-10-30	dx	op	preg-care	2013-08-16	2026-09-12
130	2024-11-18	dx	op	birth-outcom	2013-08-16	2026-09-12
130	2024-11-18	dx	op	hemo-post	2013-08-16	2026-09-12
130	2024-11-18	dx	op	preg-week-39	2013-08-16	2026-09-12
130	2024-11-19	dx	ip	birth-outcom	2013-08-16	2026-09-12
130	2024-11-19	dx	op	preg-week-38	2013-08-16	2026-09-12
130	2024-11-19	dx	op	birth	2013-08-16	2026-09-12
130	2024-11-19	px	ip	birth-px	2013-08-16	2026-09-12
130	2024-11-19	dx	op	placenta-prob	2013-08-16	2026-09-12
130	2024-11-19	dx	op	preg-week-39	2013-08-16	2026-09-12
130	2025-05-09	dx	op	preg-week-01	2013-08-16	2026-09-12
130	2025-05-09	dx	op	ant-scrn	2013-08-16	2026-09-12
130	2025-05-10	dx	op	s-abort	2013-08-16	2026-09-12
130	2025-05-10	dx	op	f-abort	2013-08-16	2026-09-12
130	2025-05-10	px	op	birth-px	2013-08-16	2026-09-12
131	2024-09-05	dx	op	preg-week-31	2020-04-01	2026-03-15
131	2024-09-18	dx	op	preg-week-32	2020-04-01	2026-03-15
131	2024-09-26	dx	ip	preg-week-34	2020-04-01	2026-03-15
131	2024-09-26	dx	op	hrp-care	2020-04-01	2026-03-15
131	2024-10-08	dx	op	preg-week-35	2020-04-01	2026-03-15
131	2024-10-08	dx	op	hrp-care	2020-04-01	2026-03-15
131	2024-10-16	dx	op	preg-week-36	2020-04-01	2026-03-15
131	2024-10-16	dx	op	compl-preg4	2020-04-01	2026-03-15
131	2024-10-18	dx	op	preg-week-37	2020-04-01	2026-03-15
131	2024-10-18	dx	op	compl-preg4	2020-04-01	2026-03-15
131	2024-10-21	dx	op	compl-preg4	2020-04-01	2026-03-15
131	2024-10-30	px	op	birth-px	2020-04-01	2026-03-15
131	2024-10-30	dx	op	birth-outcom	2020-04-01	2026-03-15
131	2024-10-30	dx	op	preg-week-38	2020-04-01	2026-03-15
131	2024-10-31	dx	op	compl-preg4	2020-04-01	2026-03-15
131	2024-12-02	dx	op	spl-scrn	2020-04-01	2026-03-15
131	2024-12-02	px	op	ppd-scrn	2020-04-01	2026-03-15
131	2024-12-02	dx	op	post-care	2020-04-01	2026-03-15
132	2022-01-08	tx_px	op	psy-thrp	2023-02-10	2026-11-07
132	2022-01-15	tx_px	op	psy-thrp	2023-02-10	2026-11-07
132	2022-01-29	tx_px	op	psy-thrp	2023-02-10	2026-11-07
132	2022-02-05	tx_px	op	psy-thrp	2023-02-10	2026-11-07
132	2022-02-19	tx_px	ip	psy-thrp	2023-02-10	2026-11-07
132	2022-09-06	dx	op	hemo-preg	2023-02-10	2026-11-07
132	2022-09-07	dx	op	preg-week-21	2023-02-10	2026-11-07
132	2022-09-07	dx	op	hemo-preg	2023-02-10	2026-11-07
132	2022-09-08	dx	op	preg-week-21	2023-02-10	2026-11-07
132	2022-09-08	dx	ip	hemo-preg	2023-02-10	2026-11-07
132	2022-09-14	dx	op	s-abort	2023-02-10	2026-11-07
132	2022-09-14	dx	ip	hemo-preg	2023-02-10	2026-11-07
132	2023-01-04	dx	op	preg-care	2023-02-10	2026-11-07
132	2023-03-08	dx	op	preg-week-20	2023-02-10	2026-11-07
132	2023-03-08	dx	ip	ant-scrn	2023-02-10	2026-11-07
132	2023-04-05	dx	op	ant-scrn	2023-02-10	2026-11-07
132	2023-04-05	dx	op	preg-week-24	2023-02-10	2026-11-07
132	2023-06-28	dx	op	preg-week-36	2023-02-10	2026-11-07
132	2023-06-28	dx	op	abrnl-fetus-care2	2023-02-10	2026-11-07
132	2023-07-01	dx	op	birth	2023-02-10	2026-11-07
132	2023-07-01	dx	op	birth-outcom	2023-02-10	2026-11-07
132	2023-07-01	px	op	birth-px	2023-02-10	2026-11-07
132	2023-10-04	px	op	ppd-scrn	2023-02-10	2026-11-07
132	2024-01-17	px	op	ppd-scrn	2023-02-10	2026-11-07
132	2024-01-17	tx_rx	pharmacy	ESCITALOPRAM	2023-02-10	2026-11-07
132	2024-01-17	dx	op	r-mdd	2023-02-10	2026-11-07
132	2024-06-04	dx	op	preg-care	2023-02-10	2026-11-07
132	2024-07-02	dx	op	g-hypert	2023-02-10	2026-11-07
132	2024-07-02	dx	op	preg-care	2023-02-10	2026-11-07
132	2024-07-16	dx	op	incidental, preg-unplnd	2023-02-10	2026-11-07
132	2024-07-16	dx	op	preg-week-14	2023-02-10	2026-11-07
132	2024-10-01	dx	op	compl-preg4	2023-02-10	2026-11-07
132	2024-10-01	dx	op	preg-week-25	2023-02-10	2026-11-07
132	2024-10-01	dx	op	incidental, preg-unplnd	2023-02-10	2026-11-07
132	2024-10-21	dx	op	preg-care	2023-02-10	2026-11-07
132	2024-12-17	dx	op	ant-scrn	2023-02-10	2026-11-07
132	2025-01-06	dx	op	mdd	2023-02-10	2026-11-07
132	2025-01-06	dx	op	birth-outcom	2023-02-10	2026-11-07
132	2025-01-06	dx	op	compl-preg4	2023-02-10	2026-11-07
133	2023-06-21	px	op	birth-px	2025-01-19	2026-07-31
133	2023-06-28	tx_px	ip	psy-thrp	2025-01-19	2026-07-31
133	2023-07-19	tx_px	op	psy-thrp	2025-01-19	2026-07-31
133	2023-08-02	tx_px	op	psy-thrp	2025-01-19	2026-07-31
133	2023-08-23	tx_px	op	psy-thrp	2025-01-19	2026-07-31
133	2023-09-06	tx_px	op	psy-thrp	2025-01-19	2026-07-31
133	2023-09-18	tx_px	op	psy-thrp	2025-01-19	2026-07-31
133	2023-10-05	tx_px	op	psy-thrp	2025-01-19	2026-07-31
133	2023-10-23	tx_px	op	psy-thrp	2025-01-19	2026-07-31
133	2024-11-27	dx	ip	s-abort	2025-01-19	2026-07-31
133	2024-11-27	dx	op	r-mdd	2025-01-19	2026-07-31
133	2024-11-27	px	op	birth-px	2025-01-19	2026-07-31
133	2024-12-04	tx_px	op	psy-thrp	2025-01-19	2026-07-31
133	2024-12-04	dx	op	r-mdd	2025-01-19	2026-07-31
133	2024-12-11	tx_px	op	psy-thrp	2025-01-19	2026-07-31
133	2024-12-11	dx	op	r-mdd	2025-01-19	2026-07-31
133	2024-12-19	tx_px	op	psy-thrp	2025-01-19	2026-07-31
133	2024-12-19	dx	op	r-mdd	2025-01-19	2026-07-31
133	2025-01-02	dx	op	r-mdd	2025-01-19	2026-07-31
133	2025-01-02	tx_px	op	psy-thrp	2025-01-19	2026-07-31
133	2025-01-16	dx	op	r-mdd	2025-01-19	2026-07-31
133	2025-01-16	tx_px	op	psy-thrp	2025-01-19	2026-07-31
133	2025-01-16	dx	op	s-abort	2025-01-19	2026-07-31
133	2025-02-13	dx	ip	r-mdd	2025-01-19	2026-07-31
133	2025-02-13	tx_px	op	psy-thrp	2025-01-19	2026-07-31
133	2025-03-07	dx	op	r-mdd	2025-01-19	2026-07-31
133	2025-04-02	dx	op	r-mdd	2025-01-19	2026-07-31
133	2025-04-16	dx	op	r-mdd	2025-01-19	2026-07-31
133	2025-05-14	dx	op	s-abort	2025-01-19	2026-07-31
133	2025-05-14	dx	op	r-mdd	2025-01-19	2026-07-31
133	2025-05-28	dx	op	r-mdd	2025-01-19	2026-07-31
133	2025-05-28	dx	op	s-abort	2025-01-19	2026-07-31
134	2022-05-02	dx	op	preg-week-35	2011-03-29	2026-10-17
134	2022-05-02	dx	op	hrp-care	2011-03-29	2026-10-17
134	2022-05-02	dx	op	compl-preg4	2011-03-29	2026-10-17
134	2022-05-11	dx	op	hrp-care	2011-03-29	2026-10-17
134	2022-05-11	dx	ip	compl-preg4	2011-03-29	2026-10-17
134	2022-05-13	dx	op	hrp-care	2011-03-29	2026-10-17
134	2022-05-13	dx	op	preg-week-37	2011-03-29	2026-10-17
134	2022-05-13	dx	op	compl-preg4	2011-03-29	2026-10-17
134	2022-05-19	dx	op	hrp-care	2011-03-29	2026-10-17
134	2022-05-19	dx	op	compl-preg4	2011-03-29	2026-10-17
134	2022-05-24	dx	op	preg-week-39	2011-03-29	2026-10-17
134	2022-05-24	dx	ip	compl-preg4	2011-03-29	2026-10-17
134	2022-05-24	dx	op	hrp-care	2011-03-29	2026-10-17
134	2022-05-26	dx	op	preg-week-39	2011-03-29	2026-10-17
134	2022-05-29	dx	op	birth-outcom	2011-03-29	2026-10-17
134	2022-05-29	px	op	birth-px	2011-03-29	2026-10-17
134	2022-05-29	dx	op	preg-week-40	2011-03-29	2026-10-17
134	2022-07-27	dx	op	post-care	2011-03-29	2026-10-17
134	2022-07-27	px	op	birth-px	2011-03-29	2026-10-17
134	2024-04-09	dx	ip	hemo-preg	2011-03-29	2026-10-17
134	2024-04-09	dx	ip	hrp-care	2011-03-29	2026-10-17
134	2024-04-09	dx	ip	preg-week-08	2011-03-29	2026-10-17
134	2024-04-09	px	op	ppd-scrn	2011-03-29	2026-10-17
134	2024-04-09	dx	op	compl-preg4	2011-03-29	2026-10-17
134	2024-04-09	px	op	birth-px	2011-03-29	2026-10-17
134	2024-04-10	dx	ip	s-abort	2011-03-29	2026-10-17
134	2024-04-24	dx	ip	s-abort	2011-03-29	2026-10-17
134	2024-08-07	dx	op	s-abort	2011-03-29	2026-10-17
134	2024-10-16	dx	op	compl-preg4	2011-03-29	2026-10-17
134	2024-10-16	px	op	ppd-scrn	2011-03-29	2026-10-17
134	2024-10-16	dx	op	spl-scrn	2011-03-29	2026-10-17
134	2024-10-16	px	op	birth-px	2011-03-29	2026-10-17
134	2024-10-16	dx	op	preg-week-08	2011-03-29	2026-10-17
134	2024-10-16	dx	op	hrp-care	2011-03-29	2026-10-17
134	2024-11-06	dx	op	abrnl-fetus-care2	2011-03-29	2026-10-17
134	2024-11-06	dx	op	preg-week-11	2011-03-29	2026-10-17
134	2024-11-13	dx	op	hrp-care	2011-03-29	2026-10-17
134	2024-11-13	dx	op	preg-week-12	2011-03-29	2026-10-17
134	2024-12-09	dx	op	hrp-care	2011-03-29	2026-10-17
134	2024-12-09	dx	op	compl-preg4	2011-03-29	2026-10-17
134	2025-01-06	dx	op	compl-preg4	2011-03-29	2026-10-17
134	2025-01-06	dx	op	hrp-care	2011-03-29	2026-10-17
134	2025-01-13	dx	op	compl-preg4	2011-03-29	2026-10-17
134	2025-01-13	dx	ip	abrnl-preg2	2011-03-29	2026-10-17
134	2025-01-13	dx	op	preg-week-20	2011-03-29	2026-10-17
134	2025-02-03	dx	ip	compl-preg4	2011-03-29	2026-10-17
134	2025-02-03	dx	op	abrnl-preg2	2011-03-29	2026-10-17
134	2025-02-03	dx	ip	hrp-care	2011-03-29	2026-10-17
134	2025-03-04	dx	op	compl-preg4	2011-03-29	2026-10-17
134	2025-03-04	dx	ip	abrnl-preg2	2011-03-29	2026-10-17
134	2025-03-04	dx	op	preg-week-28	2011-03-29	2026-10-17
134	2025-03-04	dx	op	hrp-care	2011-03-29	2026-10-17
134	2025-03-20	dx	op	compl-preg4	2011-03-29	2026-10-17
134	2025-03-20	dx	op	hrp-care	2011-03-29	2026-10-17
134	2025-04-03	dx	ip	abrnl-fetus-care1	2011-03-29	2026-10-17
134	2025-04-03	dx	ip	compl-preg4	2011-03-29	2026-10-17
134	2025-04-03	dx	op	hrp-care	2011-03-29	2026-10-17
134	2025-04-22	dx	op	preg-week-35	2011-03-29	2026-10-17
134	2025-04-22	dx	op	abrnl-fetus-care1	2011-03-29	2026-10-17
134	2025-04-22	dx	op	compl-preg4	2011-03-29	2026-10-17
134	2025-04-22	dx	op	abrnl-fetus-care2	2011-03-29	2026-10-17
134	2025-04-22	dx	op	hrp-care	2011-03-29	2026-10-17
134	2025-04-22	dx	op	abrnl-preg2	2011-03-29	2026-10-17
134	2025-04-28	dx	op	hrp-care	2011-03-29	2026-10-17
134	2025-04-28	dx	op	compl-preg4	2011-03-29	2026-10-17
134	2025-04-28	dx	op	abrnl-fetus-care2	2011-03-29	2026-10-17
134	2025-04-28	dx	op	preg-week-35	2011-03-29	2026-10-17
134	2025-05-06	dx	ip	compl-preg4	2011-03-29	2026-10-17
134	2025-05-06	dx	ip	hrp-care	2011-03-29	2026-10-17
134	2025-05-22	dx	op	preg-week-39	2011-03-29	2026-10-17
134	2025-05-22	px	ip	birth-px	2011-03-29	2026-10-17
134	2025-05-22	dx	ip	birth-outcom	2011-03-29	2026-10-17
135	2024-03-18	dx	ip	ant-scrn	2021-02-07	2026-03-10
135	2024-03-18	dx	op	preg-care	2021-02-07	2026-03-10
135	2024-03-18	dx	op	preg-week-14	2021-02-07	2026-03-10
135	2024-04-25	dx	op	preg-care	2021-02-07	2026-03-10
135	2024-04-25	dx	op	ant-scrn	2021-02-07	2026-03-10
135	2024-04-25	dx	ip	incidental, preg-unplnd	2021-02-07	2026-03-10
135	2024-07-01	dx	ip	preg-care	2021-02-07	2026-03-10
135	2024-07-08	dx	ip	preg-care	2021-02-07	2026-03-10
135	2024-07-22	dx	op	preg-care	2021-02-07	2026-03-10
135	2024-08-07	dx	op	hrp-care	2021-02-07	2026-03-10
135	2024-08-19	dx	op	hrp-care	2021-02-07	2026-03-10
135	2024-08-26	dx	ip	hrp-care	2021-02-07	2026-03-10
135	2024-09-09	dx	op	hrp-care	2021-02-07	2026-03-10
135	2024-09-11	px	op	birth-px	2021-02-07	2026-03-10
135	2024-09-11	dx	ip	hrp-care	2021-02-07	2026-03-10
136	2022-01-04	dx	ip	r-mdd	2025-02-26	2026-12-28
136	2022-01-04	tx_rx	pharmacy	TRAZODONE	2025-02-26	2026-12-28
136	2022-01-16	tx_px	ip	psy-thrp	2025-02-26	2026-12-28
136	2022-01-26	dx	op	r-mdd	2025-02-26	2026-12-28
136	2022-01-26	tx_rx	pharmacy	ESCITALOPRAM	2025-02-26	2026-12-28
136	2022-01-31	tx_rx	pharmacy	TRAZODONE	2025-02-26	2026-12-28
136	2022-02-21	tx_rx	pharmacy	TRAZODONE	2025-02-26	2026-12-28
136	2022-02-21	dx	ip	r-mdd	2025-02-26	2026-12-28
136	2022-03-02	tx_rx	pharmacy	ESCITALOPRAM	2025-02-26	2026-12-28
136	2022-04-03	tx_rx	pharmacy	ESCITALOPRAM	2025-02-26	2026-12-28
136	2022-04-04	dx	op	r-mdd	2025-02-26	2026-12-28
136	2022-04-29	tx_rx	pharmacy	ESCITALOPRAM	2025-02-26	2026-12-28
136	2022-05-02	dx	op	r-mdd	2025-02-26	2026-12-28
136	2022-05-02	tx_rx	pharmacy	TRAZODONE	2025-02-26	2026-12-28
136	2022-06-01	tx_rx	pharmacy	TRAZODONE	2025-02-26	2026-12-28
136	2022-06-03	tx_rx	pharmacy	ESCITALOPRAM	2025-02-26	2026-12-28
136	2022-06-30	tx_rx	pharmacy	ESCITALOPRAM	2025-02-26	2026-12-28
136	2022-07-29	tx_rx	pharmacy	ESCITALOPRAM	2025-02-26	2026-12-28
136	2022-08-26	tx_rx	pharmacy	ESCITALOPRAM	2025-02-26	2026-12-28
136	2022-09-28	tx_rx	pharmacy	ESCITALOPRAM	2025-02-26	2026-12-28
136	2022-11-05	tx_rx	pharmacy	ESCITALOPRAM	2025-02-26	2026-12-28
136	2022-11-23	dx	op	r-mdd	2025-02-26	2026-12-28
136	2022-11-25	tx_rx	pharmacy	TRAZODONE	2025-02-26	2026-12-28
136	2022-11-25	tx_rx	pharmacy	ESCITALOPRAM	2025-02-26	2026-12-28
136	2022-12-20	tx_rx	pharmacy	TRAZODONE	2025-02-26	2026-12-28
136	2022-12-20	tx_rx	pharmacy	ESCITALOPRAM	2025-02-26	2026-12-28
136	2023-01-16	tx_rx	pharmacy	TRAZODONE	2025-02-26	2026-12-28
136	2023-01-17	tx_rx	pharmacy	ESCITALOPRAM	2025-02-26	2026-12-28
136	2023-02-22	tx_rx	pharmacy	ESCITALOPRAM	2025-02-26	2026-12-28
136	2023-03-08	dx	ip	mdd	2025-02-26	2026-12-28
136	2023-03-17	dx	op	mdd	2025-02-26	2026-12-28
136	2023-03-17	px	op	birth-px	2025-02-26	2026-12-28
136	2023-03-24	tx_px	ip	psy-thrp	2025-02-26	2026-12-28
136	2023-04-10	tx_px	op	psy-thrp	2025-02-26	2026-12-28
136	2023-04-12	tx_rx	pharmacy	ESCITALOPRAM	2025-02-26	2026-12-28
136	2023-04-20	tx_px	op	psy-thrp	2025-02-26	2026-12-28
136	2023-04-20	dx	op	r-mdd	2025-02-26	2026-12-28
136	2023-05-01	tx_px	op	psy-thrp	2025-02-26	2026-12-28
136	2023-05-01	dx	op	r-mdd	2025-02-26	2026-12-28
136	2023-05-15	tx_px	op	psy-thrp	2025-02-26	2026-12-28
136	2023-05-15	dx	ip	r-mdd	2025-02-26	2026-12-28
136	2023-05-19	tx_rx	pharmacy	ESCITALOPRAM	2025-02-26	2026-12-28
136	2023-05-22	dx	ip	r-mdd	2025-02-26	2026-12-28
136	2023-05-22	tx_px	op	psy-thrp	2025-02-26	2026-12-28
136	2023-06-01	dx	op	r-mdd	2025-02-26	2026-12-28
136	2023-06-01	tx_px	op	psy-thrp	2025-02-26	2026-12-28
136	2023-06-11	tx_rx	pharmacy	BUPROPION	2025-02-26	2026-12-28
136	2023-06-19	dx	op	r-mdd	2025-02-26	2026-12-28
136	2023-06-19	tx_rx	pharmacy	ESCITALOPRAM	2025-02-26	2026-12-28
136	2023-07-14	tx_rx	pharmacy	ESCITALOPRAM	2025-02-26	2026-12-28
136	2023-08-07	tx_rx	pharmacy	ESCITALOPRAM	2025-02-26	2026-12-28
136	2023-08-07	dx	ip	r-mdd	2025-02-26	2026-12-28
136	2023-08-31	tx_rx	pharmacy	ESCITALOPRAM	2025-02-26	2026-12-28
136	2024-05-31	dx	op	compl-preg4	2025-02-26	2026-12-28
136	2024-05-31	dx	op	preg-care	2025-02-26	2026-12-28
136	2024-05-31	tx_rx	pharmacy	SERTRALINE	2025-02-26	2026-12-28
136	2024-05-31	dx	op	preg-week-11	2025-02-26	2026-12-28
136	2024-05-31	dx	ip	ant-scrn	2025-02-26	2026-12-28
136	2024-07-01	dx	op	preg-care	2025-02-26	2026-12-28
136	2024-08-01	dx	op	preg-care	2025-02-26	2026-12-28
136	2024-08-01	dx	op	preg-week-20	2025-02-26	2026-12-28
136	2024-08-01	dx	op	ant-scrn	2025-02-26	2026-12-28
136	2024-08-27	dx	op	ant-scrn	2025-02-26	2026-12-28
136	2024-08-29	dx	op	ant-scrn	2025-02-26	2026-12-28
136	2024-08-29	dx	op	preg-week-24	2025-02-26	2026-12-28
136	2024-08-29	dx	ip	placenta-prob	2025-02-26	2026-12-28
136	2024-08-29	dx	ip	preg-care	2025-02-26	2026-12-28
136	2024-09-04	dx	ip	compl-preg4	2025-02-26	2026-12-28
136	2024-09-12	dx	op	preg-care	2025-02-26	2026-12-28
136	2024-09-12	dx	op	preg-week-26	2025-02-26	2026-12-28
136	2024-10-02	dx	op	hrp-care	2025-02-26	2026-12-28
136	2024-10-10	dx	op	preg-care	2025-02-26	2026-12-28
136	2024-10-10	dx	ip	preg-care	2025-02-26	2026-12-28
136	2024-10-10	dx	op	ant-scrn	2025-02-26	2026-12-28
136	2024-10-10	dx	op	preg-week-30	2025-02-26	2026-12-28
136	2024-10-29	dx	op	preg-week-33	2025-02-26	2026-12-28
136	2024-10-29	dx	op	preg-week-34	2025-02-26	2026-12-28
136	2024-10-29	dx	op	birth-outcom	2025-02-26	2026-12-28
136	2024-10-29	dx	op	prem-rupt	2025-02-26	2026-12-28
136	2024-10-29	dx	ip	prem-rupt	2025-02-26	2026-12-28
136	2024-10-29	dx	op	ant-scrn	2025-02-26	2026-12-28
136	2024-10-30	dx	op	prem-rupt	2025-02-26	2026-12-28
136	2024-10-31	dx	op	prem-rupt	2025-02-26	2026-12-28
136	2024-10-31	dx	op	ant-scrn	2025-02-26	2026-12-28
136	2024-11-07	dx	op	preg-week-34	2025-02-26	2026-12-28
136	2024-11-07	dx	op	hrp-care	2025-02-26	2026-12-28
136	2024-11-15	dx	ip	preg-week-35	2025-02-26	2026-12-28
136	2024-11-15	dx	op	preg-care	2025-02-26	2026-12-28
136	2024-11-21	dx	op	preg-week-36	2025-02-26	2026-12-28
136	2024-11-21	dx	op	preg-care	2025-02-26	2026-12-28
136	2024-11-27	dx	op	preg-care	2025-02-26	2026-12-28
136	2024-11-27	dx	op	preg-week-37	2025-02-26	2026-12-28
136	2024-11-30	dx	op	birth-outcom	2025-02-26	2026-12-28
136	2024-11-30	dx	op	birth	2025-02-26	2026-12-28
136	2024-11-30	dx	op	compl-preg4	2025-02-26	2026-12-28
136	2024-11-30	px	op	birth-px	2025-02-26	2026-12-28
136	2024-11-30	dx	op	mdd	2025-02-26	2026-12-28
136	2024-11-30	dx	op	preg-week-38	2025-02-26	2026-12-28
137	2022-01-07	dx	op	ant-scrn	2013-07-02	2026-03-30
137	2022-01-07	dx	op	preg-care	2013-07-02	2026-03-30
137	2022-01-20	dx	ip	placenta-prob	2013-07-02	2026-03-30
137	2022-02-03	dx	op	placenta-prob	2013-07-02	2026-03-30
137	2022-02-21	dx	op	placenta-prob	2013-07-02	2026-03-30
137	2022-04-19	dx	op	ant-scrn	2013-07-02	2026-03-30
137	2022-05-10	dx	op	ant-scrn	2013-07-02	2026-03-30
137	2022-05-10	dx	op	preg-care	2013-07-02	2026-03-30
137	2022-06-21	dx	op	abrnl-fetus-care2	2013-07-02	2026-03-30
137	2022-06-30	dx	op	abrnl-fetus-care2	2013-07-02	2026-03-30
137	2022-07-05	dx	op	abrnl-fetus-care2	2013-07-02	2026-03-30
137	2022-07-12	dx	op	abrnl-fetus-care2	2013-07-02	2026-03-30
137	2022-07-14	dx	ip	abrnl-fetus-care2	2013-07-02	2026-03-30
137	2022-07-19	dx	op	abrnl-fetus-care2	2013-07-02	2026-03-30
137	2022-07-21	dx	op	abrnl-fetus-care2	2013-07-02	2026-03-30
137	2022-07-26	dx	op	abrnl-fetus-care2	2013-07-02	2026-03-30
137	2022-07-28	dx	op	abrnl-fetus-care2	2013-07-02	2026-03-30
137	2022-08-02	dx	op	ant-scrn	2013-07-02	2026-03-30
137	2022-08-02	dx	ip	abrnl-fetus-care2	2013-07-02	2026-03-30
137	2022-08-09	dx	op	abrnl-fetus-care2	2013-07-02	2026-03-30
137	2022-08-14	dx	op	ant-scrn	2013-07-02	2026-03-30
137	2022-08-16	dx	op	abrnl-fetus-care2	2013-07-02	2026-03-30
137	2022-08-23	dx	op	abrnl-fetus-care2	2013-07-02	2026-03-30
137	2022-08-24	dx	op	abrnl-fetus-care2	2013-07-02	2026-03-30
137	2022-08-24	dx	op	preg-week-39	2013-07-02	2026-03-30
137	2022-08-24	px	op	birth-px	2013-07-02	2026-03-30
137	2022-08-24	dx	ip	birth-outcom	2013-07-02	2026-03-30
137	2022-10-06	dx	op	post-care	2013-07-02	2026-03-30
137	2024-04-25	dx	op	ant-scrn	2013-07-02	2026-03-30
137	2024-07-22	dx	ip	ant-scrn	2013-07-02	2026-03-30
137	2024-08-20	dx	ip	abrnl-fetus-care1	2013-07-02	2026-03-30
137	2024-10-01	dx	op	abrnl-fetus-care2	2013-07-02	2026-03-30
137	2024-10-15	dx	ip	abrnl-fetus-care2	2013-07-02	2026-03-30
137	2024-11-20	dx	op	abrnl-fetus-care2	2013-07-02	2026-03-30
137	2024-12-05	dx	ip	birth-outcom	2013-07-02	2026-03-30
137	2024-12-05	dx	op	preg-week-39	2013-07-02	2026-03-30
137	2024-12-05	px	op	birth-px	2013-07-02	2026-03-30
137	2024-12-05	dx	op	birth	2013-07-02	2026-03-30
137	2024-12-30	dx	ip	post-care	2013-07-02	2026-03-30
138	2025-01-23	dx	op	preg-care	2026-10-26	2026-09-09
138	2025-02-11	dx	ip	s-abort	2026-10-26	2026-09-09
138	2025-02-14	dx	op	s-abort	2026-10-26	2026-09-09
138	2025-02-20	px	op	birth-px	2026-10-26	2026-09-09
138	2025-02-20	dx	op	s-abort	2026-10-26	2026-09-09
138	2025-02-25	dx	op	s-abort	2026-10-26	2026-09-09
139	2023-09-19	px	op	birth-px	2021-08-29	2026-06-05
139	2023-10-03	tx_px	op	psy-thrp	2021-08-29	2026-06-05
139	2023-10-18	tx_px	op	psy-thrp	2021-08-29	2026-06-05
139	2023-11-01	tx_px	op	psy-thrp	2021-08-29	2026-06-05
139	2023-11-15	tx_px	op	psy-thrp	2021-08-29	2026-06-05
139	2023-11-29	tx_px	op	psy-thrp	2021-08-29	2026-06-05
139	2023-12-13	tx_px	ip	psy-thrp	2021-08-29	2026-06-05
139	2023-12-26	tx_px	op	psy-thrp	2021-08-29	2026-06-05
139	2024-01-10	tx_px	op	psy-thrp	2021-08-29	2026-06-05
139	2024-01-24	tx_px	op	psy-thrp	2021-08-29	2026-06-05
139	2024-02-07	tx_px	op	psy-thrp	2021-08-29	2026-06-05
139	2024-02-21	tx_px	op	psy-thrp	2021-08-29	2026-06-05
139	2024-03-06	tx_px	op	psy-thrp	2021-08-29	2026-06-05
139	2024-04-16	tx_px	op	psy-thrp	2021-08-29	2026-06-05
139	2024-05-23	tx_px	op	psy-thrp	2021-08-29	2026-06-05
139	2024-08-20	tx_px	op	psy-thrp	2021-08-29	2026-06-05
139	2024-09-16	tx_px	op	psy-thrp	2021-08-29	2026-06-05
139	2025-02-13	dx	op	s-abort	2021-08-29	2026-06-05
139	2025-02-27	dx	op	s-abort	2021-08-29	2026-06-05
139	2025-02-27	px	op	birth-px	2021-08-29	2026-06-05
139	2025-02-27	dx	ip	s-abort	2021-08-29	2026-06-05
140	2022-09-08	dx	ip	preg-week-11	2012-11-09	2026-12-07
140	2022-09-08	dx	op	abrnl-fetus-care2	2012-11-09	2026-12-07
140	2022-09-15	dx	op	preg-week-12	2012-11-09	2026-12-07
140	2022-09-15	dx	op	s-abort	2012-11-09	2026-12-07
140	2022-09-16	dx	ip	preg-week-12	2012-11-09	2026-12-07
140	2022-09-16	px	op	ppd-scrn	2012-11-09	2026-12-07
140	2022-09-16	dx	op	abrnl-preg1	2012-11-09	2026-12-07
140	2022-09-30	dx	op	s-abort	2012-11-09	2026-12-07
140	2023-03-27	dx	ip	preg-care	2012-11-09	2026-12-07
140	2023-03-27	dx	op	preg-week-10	2012-11-09	2026-12-07
140	2023-03-27	dx	op	abrnl-fetus-care2	2012-11-09	2026-12-07
140	2023-06-06	dx	op	placenta-prev	2012-11-09	2026-12-07
140	2023-06-06	dx	op	ant-scrn	2012-11-09	2026-12-07
140	2023-06-06	dx	op	preg-week-21	2012-11-09	2026-12-07
140	2023-07-06	dx	op	preg-week-25	2012-11-09	2026-12-07
140	2023-07-06	dx	ip	preg-care	2012-11-09	2026-12-07
140	2023-07-18	dx	op	ant-scrn	2012-11-09	2026-12-07
140	2023-07-18	dx	op	preg-week-27	2012-11-09	2026-12-07
140	2023-07-18	dx	ip	ant-scrn	2012-11-09	2026-12-07
140	2023-08-03	dx	op	preg-week-30	2012-11-09	2026-12-07
140	2023-08-29	dx	op	preg-week-33	2012-11-09	2026-12-07
140	2023-08-29	dx	op	ant-scrn	2012-11-09	2026-12-07
140	2023-09-19	dx	op	preg-care	2012-11-09	2026-12-07
140	2023-09-19	dx	op	preg-week-36	2012-11-09	2026-12-07
140	2023-10-16	dx	op	preg-week-39	2012-11-09	2026-12-07
140	2023-10-16	dx	op	birth-outcom	2012-11-09	2026-12-07
140	2023-10-16	dx	op	birth	2012-11-09	2026-12-07
140	2023-10-16	px	op	birth-px	2012-11-09	2026-12-07
140	2023-11-21	dx	ip	post-care	2012-11-09	2026-12-07
140	2023-12-16	dx	op	preg-week-08	2012-11-09	2026-12-07
140	2023-12-16	dx	op	preg-care	2012-11-09	2026-12-07
140	2023-12-18	dx	ip	incidental, preg-unplnd	2012-11-09	2026-12-07
140	2023-12-18	dx	op	hrp-care	2012-11-09	2026-12-07
140	2023-12-18	dx	op	preg-care	2012-11-09	2026-12-07
140	2024-01-03	dx	ip	hrp-care	2012-11-09	2026-12-07
140	2024-01-17	dx	op	ant-scrn	2012-11-09	2026-12-07
140	2024-01-17	dx	op	preg-week-13	2012-11-09	2026-12-07
140	2024-01-17	dx	op	hrp-care	2012-11-09	2026-12-07
140	2024-01-17	dx	op	abrnl-fetus-care1	2012-11-09	2026-12-07
140	2024-01-31	dx	op	hrp-care	2012-11-09	2026-12-07
140	2024-01-31	dx	op	preg-care	2012-11-09	2026-12-07
140	2024-02-15	dx	op	preg-week-17	2012-11-09	2026-12-07
140	2024-02-15	dx	op	hrp-care	2012-11-09	2026-12-07
140	2024-02-15	dx	op	ant-scrn	2012-11-09	2026-12-07
140	2024-02-26	dx	op	hrp-care	2012-11-09	2026-12-07
140	2024-03-25	dx	op	hrp-care	2012-11-09	2026-12-07
140	2024-04-03	dx	op	hrp-care	2012-11-09	2026-12-07
140	2024-04-15	dx	op	hrp-care	2012-11-09	2026-12-07
140	2024-04-15	dx	op	preg-care	2012-11-09	2026-12-07
140	2024-05-13	dx	op	hrp-care	2012-11-09	2026-12-07
140	2024-05-29	dx	op	hrp-care	2012-11-09	2026-12-07
140	2024-06-10	dx	ip	hrp-care	2012-11-09	2026-12-07
140	2024-06-24	dx	op	preg-care	2012-11-09	2026-12-07
140	2024-06-24	dx	op	hrp-care	2012-11-09	2026-12-07
140	2024-07-01	dx	op	hrp-care	2012-11-09	2026-12-07
140	2024-07-08	dx	op	hrp-care	2012-11-09	2026-12-07
140	2024-07-15	dx	op	preg-care	2012-11-09	2026-12-07
140	2024-07-18	dx	op	birth	2012-11-09	2026-12-07
140	2024-07-18	px	op	birth-px	2012-11-09	2026-12-07
140	2024-07-18	dx	op	birth-outcom	2012-11-09	2026-12-07
140	2024-07-19	dx	op	birth-outcom	2012-11-09	2026-12-07
140	2024-07-19	dx	ip	birth	2012-11-09	2026-12-07
140	2024-07-20	dx	op	birth	2012-11-09	2026-12-07
140	2024-07-20	dx	op	birth-outcom	2012-11-09	2026-12-07
140	2024-08-26	dx	op	post-care	2012-11-09	2026-12-07
140	2024-10-01	dx	op	spl-scrn	2012-11-09	2026-12-07
140	2024-10-01	px	op	ppd-scrn	2012-11-09	2026-12-07
141	2024-12-16	dx	op	preg-week-17	2021-07-20	2026-04-06
141	2024-12-16	dx	op	preg-care	2021-07-20	2026-04-06
141	2025-05-22	dx	op	birth-outcom	2021-07-20	2026-04-06
141	2025-05-22	dx	op	abrnl-fetus-care2	2021-07-20	2026-04-06
141	2025-05-22	dx	op	preg-week-39	2021-07-20	2026-04-06
141	2025-05-22	px	op	birth-px	2021-07-20	2026-04-06
142	2024-03-20	dx	op	preg-care	2018-03-17	2026-07-17
142	2024-03-20	dx	op	ant-scrn	2018-03-17	2026-07-17
142	2024-03-20	dx	ip	preg-week-12	2018-03-17	2026-07-17
142	2024-04-17	dx	op	preg-week-16	2018-03-17	2026-07-17
142	2024-04-17	dx	op	hrp-care	2018-03-17	2026-07-17
142	2024-06-12	dx	op	hrp-care	2018-03-17	2026-07-17
142	2024-07-10	dx	ip	preg-week-28	2018-03-17	2026-07-17
142	2024-07-10	dx	op	hrp-care	2018-03-17	2026-07-17
142	2024-08-07	dx	op	hrp-care	2018-03-17	2026-07-17
142	2024-08-07	dx	op	compl-preg4	2018-03-17	2026-07-17
142	2024-08-12	dx	op	preg-week-33	2018-03-17	2026-07-17
142	2024-08-12	dx	op	hrp-care	2018-03-17	2026-07-17
142	2024-08-12	dx	op	abrnl-fetus-care2	2018-03-17	2026-07-17
142	2024-08-14	dx	op	compl-preg4	2018-03-17	2026-07-17
142	2024-08-14	dx	ip	preg-week-33	2018-03-17	2026-07-17
142	2024-08-15	dx	ip	hrp-care	2018-03-17	2026-07-17
142	2024-08-22	dx	op	hrp-care	2018-03-17	2026-07-17
142	2024-09-04	dx	ip	ant-scrn	2018-03-17	2026-07-17
142	2024-09-04	dx	op	hrp-care	2018-03-17	2026-07-17
142	2024-09-04	dx	op	compl-preg4	2018-03-17	2026-07-17
142	2024-09-04	dx	ip	preg-week-36	2018-03-17	2026-07-17
142	2024-09-11	dx	op	hrp-care	2018-03-17	2026-07-17
142	2024-09-18	px	op	birth-px	2018-03-17	2026-07-17
142	2024-09-18	dx	op	preg-week-38	2018-03-17	2026-07-17
142	2024-09-18	dx	ip	birth-outcom	2018-03-17	2026-07-17
142	2024-11-05	dx	ip	hemo-post	2018-03-17	2026-07-17
142	2024-12-12	dx	op	hemo-post	2018-03-17	2026-07-17
143	2022-02-09	dx	op	abrnl-fetus-care1	2011-04-24	2026-06-17
143	2022-02-09	dx	op	preg-week-29	2011-04-24	2026-06-17
143	2022-02-09	dx	op	compl-preg4	2011-04-24	2026-06-17
143	2022-02-09	dx	op	ant-scrn	2011-04-24	2026-06-17
143	2022-02-21	dx	ip	ant-scrn	2011-04-24	2026-06-17
143	2022-03-23	dx	op	abrnl-fetus-care1	2011-04-24	2026-06-17
143	2022-03-23	dx	op	compl-preg4	2011-04-24	2026-06-17
143	2022-03-23	dx	op	preg-week-35	2011-04-24	2026-06-17
143	2022-04-16	dx	op	ant-scrn	2011-04-24	2026-06-17
143	2022-04-19	dx	op	ant-scrn	2011-04-24	2026-06-17
143	2022-04-22	dx	op	birth	2011-04-24	2026-06-17
143	2022-04-23	dx	op	birth	2011-04-24	2026-06-17
143	2023-12-07	dx	op	hrp-care	2011-04-24	2026-06-17
143	2023-12-07	px	op	ppd-scrn	2011-04-24	2026-06-17
143	2024-01-04	dx	op	ant-scrn	2011-04-24	2026-06-17
143	2024-01-04	dx	op	hrp-care	2011-04-24	2026-06-17
143	2024-01-31	dx	op	ant-scrn	2011-04-24	2026-06-17
143	2024-01-31	dx	ip	hrp-care	2011-04-24	2026-06-17
143	2024-03-12	dx	op	hrp-care	2011-04-24	2026-06-17
143	2024-03-19	dx	op	preg-week-29	2011-04-24	2026-06-17
143	2024-03-19	dx	op	compl-preg4	2011-04-24	2026-06-17
143	2024-03-19	dx	op	abrnl-fetus-care1	2011-04-24	2026-06-17
143	2024-03-19	dx	op	ant-scrn	2011-04-24	2026-06-17
143	2024-03-19	dx	op	preg-week-20	2011-04-24	2026-06-17
143	2024-04-04	dx	ip	hrp-care	2011-04-24	2026-06-17
143	2024-04-17	dx	op	hrp-care	2011-04-24	2026-06-17
143	2024-04-18	dx	op	preg-week-24	2011-04-24	2026-06-17
143	2024-04-18	dx	ip	ant-scrn	2011-04-24	2026-06-17
143	2024-04-18	dx	op	abrnl-fetus-care1	2011-04-24	2026-06-17
143	2024-04-25	dx	op	hrp-care	2011-04-24	2026-06-17
143	2024-04-25	px	op	ppd-scrn	2011-04-24	2026-06-17
143	2024-06-04	dx	op	hrp-care	2011-04-24	2026-06-17
143	2024-06-10	dx	op	g-hypert	2011-04-24	2026-06-17
143	2024-06-10	dx	op	hrp-care	2011-04-24	2026-06-17
143	2024-06-24	dx	op	hrp-care	2011-04-24	2026-06-17
143	2024-06-24	dx	op	ant-scrn	2011-04-24	2026-06-17
143	2024-07-01	dx	op	hrp-care	2011-04-24	2026-06-17
143	2024-07-01	px	op	ppd-scrn	2011-04-24	2026-06-17
143	2024-07-12	dx	op	hrp-care	2011-04-24	2026-06-17
143	2024-07-12	dx	op	incidental, preg-unplnd	2011-04-24	2026-06-17
143	2024-07-12	dx	op	ant-scrn	2011-04-24	2026-06-17
143	2024-07-15	dx	ip	hrp-care	2011-04-24	2026-06-17
143	2024-07-16	px	op	birth-px	2011-04-24	2026-06-17
143	2024-07-16	dx	op	preg-care	2011-04-24	2026-06-17
143	2024-08-07	dx	op	post-care	2011-04-24	2026-06-17
144	2024-11-06	dx	op	incidental, preg-unplnd	2019-01-31	2026-06-16
144	2024-11-06	px	ip	ppd-scrn	2019-01-31	2026-06-16
144	2024-11-06	px	op	ppd-scrn	2019-01-31	2026-06-16
145	2024-06-05	px	op	birth-px	2018-12-08	2026-08-15
145	2024-06-05	dx	op	incidental, preg-unplnd	2018-12-08	2026-08-15
146	2023-12-27	dx	op	preg-week-01	2026-02-05	2026-11-19
146	2023-12-28	dx	ip	compl-preg4	2026-02-05	2026-11-19
146	2023-12-28	dx	op	preg-week-01	2026-02-05	2026-11-19
146	2023-12-28	dx	op	hemo-preg	2026-02-05	2026-11-19
146	2023-12-28	dx	op	compl-preg4	2026-02-05	2026-11-19
146	2023-12-29	dx	op	compl-preg4	2026-02-05	2026-11-19
146	2024-01-18	dx	ip	preg-week-09	2026-02-05	2026-11-19
146	2024-02-08	dx	op	preg-week-12	2026-02-05	2026-11-19
146	2024-02-08	dx	op	ant-scrn	2026-02-05	2026-11-19
146	2024-02-13	dx	op	preg-care	2026-02-05	2026-11-19
146	2024-02-13	dx	ip	preg-week-12	2026-02-05	2026-11-19
146	2024-03-12	dx	op	preg-care	2026-02-05	2026-11-19
146	2024-04-03	dx	op	compl-preg4	2026-02-05	2026-11-19
146	2024-04-03	dx	op	preg-week-20	2026-02-05	2026-11-19
146	2024-04-03	dx	op	vomit-preg	2026-02-05	2026-11-19
146	2024-04-04	dx	op	abrnl-fetus-care1	2026-02-05	2026-11-19
146	2024-04-04	dx	op	preg-week-12	2026-02-05	2026-11-19
146	2024-04-09	dx	op	preg-care	2026-02-05	2026-11-19
146	2024-05-07	dx	op	preg-week-24	2026-02-05	2026-11-19
146	2024-05-07	dx	op	preg-care	2026-02-05	2026-11-19
146	2024-05-08	dx	ip	mdd	2026-02-05	2026-11-19
146	2024-05-08	tx_px	op	psy-thrp	2026-02-05	2026-11-19
146	2024-05-30	dx	op	preg-week-28	2026-02-05	2026-11-19
146	2024-05-30	dx	op	hrp-care	2026-02-05	2026-11-19
146	2024-06-11	dx	op	preg-care	2026-02-05	2026-11-19
146	2024-06-19	dx	ip	preg-week-33	2026-02-05	2026-11-19
146	2024-06-19	dx	op	compl-preg4	2026-02-05	2026-11-19
146	2024-06-27	dx	op	preg-care	2026-02-05	2026-11-19
146	2024-06-27	dx	op	hrp-care	2026-02-05	2026-11-19
146	2024-07-02	dx	op	incidental, preg-unplnd	2026-02-05	2026-11-19
146	2024-07-02	dx	ip	mdd	2026-02-05	2026-11-19
146	2024-07-02	tx_px	op	psy-thrp	2026-02-05	2026-11-19
146	2024-07-03	dx	op	preg-care	2026-02-05	2026-11-19
146	2024-07-09	px	op	birth-px	2026-02-05	2026-11-19
146	2024-07-09	dx	op	r-mdd	2026-02-05	2026-11-19
146	2024-07-11	dx	op	preg-week-34	2026-02-05	2026-11-19
146	2024-07-11	dx	op	hrp-care	2026-02-05	2026-11-19
146	2024-07-11	dx	op	preg-care	2026-02-05	2026-11-19
146	2024-07-16	dx	ip	r-mdd	2026-02-05	2026-11-19
146	2024-07-16	tx_px	op	psy-thrp	2026-02-05	2026-11-19
146	2024-07-23	tx_px	op	psy-thrp	2026-02-05	2026-11-19
146	2024-07-23	dx	op	r-mdd	2026-02-05	2026-11-19
146	2024-07-30	dx	op	r-mdd	2026-02-05	2026-11-19
146	2024-07-30	tx_px	op	psy-thrp	2026-02-05	2026-11-19
146	2024-08-01	dx	op	hrp-care	2026-02-05	2026-11-19
146	2024-08-01	dx	op	compl-preg4	2026-02-05	2026-11-19
146	2024-08-01	dx	op	preg-care	2026-02-05	2026-11-19
146	2024-08-01	dx	ip	preg-week-37	2026-02-05	2026-11-19
146	2024-08-02	dx	op	incidental, preg-unplnd	2026-02-05	2026-11-19
146	2024-08-06	tx_px	op	psy-thrp	2026-02-05	2026-11-19
146	2024-08-06	dx	op	r-mdd	2026-02-05	2026-11-19
146	2024-08-08	dx	op	hrp-care	2026-02-05	2026-11-19
146	2024-08-08	dx	ip	preg-week-38	2026-02-05	2026-11-19
146	2024-08-09	dx	ip	birth-outcom	2026-02-05	2026-11-19
146	2024-08-09	dx	op	preg-week-38	2026-02-05	2026-11-19
146	2024-08-09	px	op	birth-px	2026-02-05	2026-11-19
146	2024-08-09	dx	op	incidental, preg-unplnd	2026-02-05	2026-11-19
146	2024-08-09	dx	op	abrnl-fetus-care2	2026-02-05	2026-11-19
146	2024-08-09	dx	ip	c-birth	2026-02-05	2026-11-19
146	2024-08-23	dx	op	post-care	2026-02-05	2026-11-19
146	2024-09-09	dx	ip	post-care	2026-02-05	2026-11-19
146	2024-09-09	px	ip	birth-px	2026-02-05	2026-11-19
146	2024-09-09	px	op	ppd-scrn	2026-02-05	2026-11-19
146	2024-09-09	px	op	birth-px	2026-02-05	2026-11-19
146	2024-10-03	dx	op	post-care	2026-02-05	2026-11-19
147	2023-11-13	dx	op	preg-week-01	2018-07-13	2026-05-01
147	2023-12-22	dx	ip	preg-care	2018-07-13	2026-05-01
147	2024-03-14	dx	op	preg-care	2018-07-13	2026-05-01
147	2024-05-13	dx	op	incidental, preg-unplnd	2018-07-13	2026-05-01
147	2024-06-10	dx	op	preg-care	2018-07-13	2026-05-01
147	2024-06-10	dx	op	m-hypert	2018-07-13	2026-05-01
147	2024-06-10	dx	op	compl-preg4	2018-07-13	2026-05-01
147	2024-06-11	dx	op	m-hypert	2018-07-13	2026-05-01
147	2024-06-11	dx	op	compl-preg4	2018-07-13	2026-05-01
147	2024-06-11	dx	op	preg-care	2018-07-13	2026-05-01
147	2024-06-11	px	op	birth-px	2018-07-13	2026-05-01
148	2022-01-10	tx_px	op	psy-thrp	2012-12-04	2026-07-25
148	2023-03-01	px	op	birth-px	2012-12-04	2026-07-25
148	2023-03-08	tx_px	ip	psy-thrp	2012-12-04	2026-07-25
148	2023-03-22	tx_px	op	psy-thrp	2012-12-04	2026-07-25
148	2023-04-12	tx_px	op	psy-thrp	2012-12-04	2026-07-25
148	2023-04-26	tx_px	op	psy-thrp	2012-12-04	2026-07-25
148	2023-06-07	tx_px	ip	psy-thrp	2012-12-04	2026-07-25
148	2023-06-21	tx_px	op	psy-thrp	2012-12-04	2026-07-25
148	2023-07-19	tx_px	op	psy-thrp	2012-12-04	2026-07-25
148	2023-08-02	tx_px	op	psy-thrp	2012-12-04	2026-07-25
148	2023-08-30	tx_px	op	psy-thrp	2012-12-04	2026-07-25
148	2023-10-03	tx_px	ip	psy-thrp	2012-12-04	2026-07-25
148	2023-10-18	tx_px	op	psy-thrp	2012-12-04	2026-07-25
148	2023-11-22	tx_px	op	psy-thrp	2012-12-04	2026-07-25
148	2023-12-13	tx_px	op	psy-thrp	2012-12-04	2026-07-25
148	2023-12-27	tx_px	op	psy-thrp	2012-12-04	2026-07-25
148	2024-01-10	tx_px	op	psy-thrp	2012-12-04	2026-07-25
148	2024-02-07	tx_px	op	psy-thrp	2012-12-04	2026-07-25
148	2024-02-26	tx_px	op	psy-thrp	2012-12-04	2026-07-25
148	2024-03-06	tx_px	op	psy-thrp	2012-12-04	2026-07-25
148	2024-09-06	dx	op	abrnl-fetus-care2	2012-12-04	2026-07-25
148	2024-09-26	dx	op	preg-care	2012-12-04	2026-07-25
148	2024-10-04	dx	op	preg-week-10	2012-12-04	2026-07-25
148	2024-10-04	dx	op	vomit-preg	2012-12-04	2026-07-25
148	2024-10-09	dx	ip	preg-care	2012-12-04	2026-07-25
148	2024-10-11	dx	op	vomit-preg	2012-12-04	2026-07-25
148	2024-10-25	dx	op	vomit-preg	2012-12-04	2026-07-25
148	2024-10-25	dx	op	ant-scrn	2012-12-04	2026-07-25
148	2024-10-28	dx	op	preg-week-13	2012-12-04	2026-07-25
148	2024-10-28	dx	op	preg-care	2012-12-04	2026-07-25
148	2024-10-28	dx	op	hrp-care	2012-12-04	2026-07-25
148	2024-10-28	dx	ip	preg-care	2012-12-04	2026-07-25
148	2024-11-19	dx	op	preg-care	2012-12-04	2026-07-25
148	2024-12-04	dx	ip	ant-scrn	2012-12-04	2026-07-25
148	2024-12-05	dx	op	preg-care	2012-12-04	2026-07-25
148	2024-12-05	dx	op	preg-week-19	2012-12-04	2026-07-25
148	2024-12-11	dx	op	hrp-care	2012-12-04	2026-07-25
148	2024-12-11	dx	op	compl-preg4	2012-12-04	2026-07-25
148	2024-12-11	dx	op	preg-week-20	2012-12-04	2026-07-25
148	2024-12-19	dx	op	compl-preg4	2012-12-04	2026-07-25
148	2025-01-03	dx	op	compl-preg4	2012-12-04	2026-07-25
148	2025-01-07	dx	op	preg-week-24	2012-12-04	2026-07-25
148	2025-01-07	dx	op	abrnl-fetus-care2	2012-12-04	2026-07-25
148	2025-01-09	dx	op	hrp-care	2012-12-04	2026-07-25
148	2025-01-09	dx	op	placenta-prev	2012-12-04	2026-07-25
148	2025-01-09	dx	op	ant-scrn	2012-12-04	2026-07-25
148	2025-01-09	dx	ip	ant-scrn	2012-12-04	2026-07-25
148	2025-01-16	dx	op	preg-care	2012-12-04	2026-07-25
148	2025-01-16	dx	op	compl-preg4	2012-12-04	2026-07-25
148	2025-01-16	dx	op	preg-week-25	2012-12-04	2026-07-25
148	2025-01-16	dx	op	hrp-care	2012-12-04	2026-07-25
148	2025-01-22	dx	op	compl-preg4	2012-12-04	2026-07-25
148	2025-01-27	dx	op	preg-care	2012-12-04	2026-07-25
148	2025-01-29	dx	op	compl-preg4	2012-12-04	2026-07-25
148	2025-02-04	dx	op	preg-week-28	2012-12-04	2026-07-25
148	2025-02-06	dx	op	ant-scrn	2012-12-04	2026-07-25
148	2025-02-06	dx	ip	placenta-prev	2012-12-04	2026-07-25
148	2025-02-06	dx	op	hrp-care	2012-12-04	2026-07-25
148	2025-02-27	dx	op	hrp-care	2012-12-04	2026-07-25
148	2025-02-27	dx	ip	hrp-care	2012-12-04	2026-07-25
148	2025-02-27	dx	ip	placenta-prev	2012-12-04	2026-07-25
148	2025-02-27	dx	op	preg-week-31	2012-12-04	2026-07-25
148	2025-03-06	dx	op	hrp-care	2012-12-04	2026-07-25
148	2025-03-06	dx	op	placenta-prev	2012-12-04	2026-07-25
148	2025-03-06	dx	op	placenta-prob	2012-12-04	2026-07-25
148	2025-03-13	dx	op	preg-week-33	2012-12-04	2026-07-25
148	2025-03-13	dx	op	hrp-care	2012-12-04	2026-07-25
148	2025-03-13	dx	op	compl-preg4	2012-12-04	2026-07-25
148	2025-03-27	dx	op	hrp-care	2012-12-04	2026-07-25
148	2025-03-27	dx	op	compl-preg4	2012-12-04	2026-07-25
148	2025-03-28	dx	op	preg-week-35	2012-12-04	2026-07-25
148	2025-03-28	dx	op	placenta-prev	2012-12-04	2026-07-25
148	2025-03-28	dx	op	hrp-care	2012-12-04	2026-07-25
148	2025-03-31	dx	op	preg-week-36	2012-12-04	2026-07-25
148	2025-03-31	dx	op	placenta-prev	2012-12-04	2026-07-25
148	2025-04-03	dx	op	placenta-prev	2012-12-04	2026-07-25
148	2025-04-03	px	op	birth-px	2012-12-04	2026-07-25
148	2025-04-03	dx	op	compl-preg4	2012-12-04	2026-07-25
148	2025-05-15	dx	op	post-care	2012-12-04	2026-07-25
149	2023-06-03	dx	op	preg-week-01	2015-09-19	2026-10-28
149	2023-06-03	dx	op	abrnl-fetus-care2	2015-09-19	2026-10-28
149	2023-06-05	dx	ip	preg-week-01	2015-09-19	2026-10-28
149	2023-06-05	dx	op	preg-care	2015-09-19	2026-10-28
149	2023-06-21	dx	op	hemo-preg	2015-09-19	2026-10-28
149	2023-06-21	dx	op	preg-week-01	2015-09-19	2026-10-28
149	2023-07-05	dx	ip	preg-week-09	2015-09-19	2026-10-28
149	2023-07-05	dx	op	vomit-preg	2015-09-19	2026-10-28
149	2023-07-12	dx	ip	compl-preg4	2015-09-19	2026-10-28
149	2023-07-12	dx	op	vomit-preg	2015-09-19	2026-10-28
149	2023-07-13	dx	op	vomit-preg	2015-09-19	2026-10-28
149	2023-07-13	dx	ip	compl-preg4	2015-09-19	2026-10-28
149	2023-07-13	dx	op	preg-week-10	2015-09-19	2026-10-28
149	2023-09-18	dx	op	ant-scrn	2015-09-19	2026-10-28
149	2023-09-18	dx	op	preg-week-19	2015-09-19	2026-10-28
149	2023-09-18	dx	op	preg-week-20	2015-09-19	2026-10-28
149	2023-10-18	dx	op	compl-preg4	2015-09-19	2026-10-28
149	2023-11-01	dx	op	hrp-care	2015-09-19	2026-10-28
149	2023-11-01	dx	op	compl-preg4	2015-09-19	2026-10-28
149	2023-11-06	dx	ip	compl-preg4	2015-09-19	2026-10-28
149	2023-11-06	dx	op	compl-preg4	2015-09-19	2026-10-28
149	2023-11-09	dx	ip	compl-preg4	2015-09-19	2026-10-28
149	2023-11-09	dx	ip	hrp-care	2015-09-19	2026-10-28
149	2023-11-09	dx	op	compl-preg4	2015-09-19	2026-10-28
149	2023-11-29	dx	op	preg-week-30	2015-09-19	2026-10-28
149	2023-11-29	dx	ip	compl-preg4	2015-09-19	2026-10-28
149	2023-11-29	dx	op	compl-preg4	2015-09-19	2026-10-28
149	2023-12-12	dx	op	abrnl-fetus-care2	2015-09-19	2026-10-28
149	2023-12-12	dx	op	compl-preg4	2015-09-19	2026-10-28
149	2023-12-18	dx	ip	compl-preg4	2015-09-19	2026-10-28
149	2023-12-18	dx	op	preg-care	2015-09-19	2026-10-28
149	2023-12-18	dx	op	compl-preg4	2015-09-19	2026-10-28
149	2023-12-24	dx	op	vomit-preg	2015-09-19	2026-10-28
149	2023-12-24	dx	op	compl-preg4	2015-09-19	2026-10-28
149	2023-12-24	dx	ip	compl-preg4	2015-09-19	2026-10-28
149	2023-12-25	dx	ip	compl-preg4	2015-09-19	2026-10-28
149	2023-12-25	dx	op	preg-week-33	2015-09-19	2026-10-28
149	2023-12-25	dx	op	compl-preg4	2015-09-19	2026-10-28
149	2023-12-25	dx	op	vomit-preg	2015-09-19	2026-10-28
149	2023-12-26	dx	op	vomit-preg	2015-09-19	2026-10-28
149	2023-12-26	dx	op	compl-preg4	2015-09-19	2026-10-28
149	2023-12-26	dx	op	preg-week-34	2015-09-19	2026-10-28
149	2024-01-03	dx	op	compl-preg4	2015-09-19	2026-10-28
149	2024-01-03	dx	op	hrp-care	2015-09-19	2026-10-28
149	2024-01-03	dx	op	prem-rupt	2015-09-19	2026-10-28
149	2024-01-09	dx	op	compl-preg4	2015-09-19	2026-10-28
149	2024-01-09	dx	ip	hrp-care	2015-09-19	2026-10-28
149	2024-01-17	dx	ip	compl-preg4	2015-09-19	2026-10-28
149	2024-01-17	dx	op	hrp-care	2015-09-19	2026-10-28
149	2024-01-20	dx	op	prem-rupt	2015-09-19	2026-10-28
149	2024-01-20	dx	op	compl-preg4	2015-09-19	2026-10-28
149	2024-01-20	dx	ip	compl-preg4	2015-09-19	2026-10-28
149	2024-01-24	dx	op	compl-preg4	2015-09-19	2026-10-28
149	2024-01-24	dx	ip	preg-care	2015-09-19	2026-10-28
149	2024-01-24	dx	ip	hrp-care	2015-09-19	2026-10-28
149	2024-01-24	dx	op	hrp-care	2015-09-19	2026-10-28
149	2024-01-26	dx	op	preg-week-38	2015-09-19	2026-10-28
149	2024-01-26	dx	op	abrnl-fetus-care2	2015-09-19	2026-10-28
149	2024-01-26	dx	op	hrp-care	2015-09-19	2026-10-28
149	2024-01-26	dx	op	compl-preg4	2015-09-19	2026-10-28
149	2024-01-26	dx	ip	compl-preg4	2015-09-19	2026-10-28
149	2024-01-27	dx	op	prem-rupt	2015-09-19	2026-10-28
149	2024-01-27	dx	op	compl-preg4	2015-09-19	2026-10-28
149	2024-01-29	dx	op	compl-preg4	2015-09-19	2026-10-28
149	2024-01-29	dx	op	hrp-care	2015-09-19	2026-10-28
149	2024-02-02	dx	op	hrp-care	2015-09-19	2026-10-28
149	2024-02-02	dx	op	prem-rupt	2015-09-19	2026-10-28
149	2024-02-02	dx	op	compl-preg4	2015-09-19	2026-10-28
149	2024-02-04	dx	op	preg-week-39	2015-09-19	2026-10-28
149	2024-02-04	px	op	birth-px	2015-09-19	2026-10-28
149	2024-02-04	dx	op	birth-outcom	2015-09-19	2026-10-28
149	2024-02-04	dx	op	birth	2015-09-19	2026-10-28
149	2024-02-11	dx	op	preg-care	2015-09-19	2026-10-28
149	2024-03-11	dx	op	compl-preg3	2015-09-19	2026-10-28
149	2024-03-11	dx	op	mdd	2015-09-19	2026-10-28
149	2024-03-11	dx	op	spl-scrn	2015-09-19	2026-10-28
149	2024-03-14	tx_rx	pharmacy	BUPROPION	2015-09-19	2026-10-28
149	2024-03-14	tx_rx	pharmacy	TRAZODONE	2015-09-19	2026-10-28
149	2024-03-16	dx	op	mdd	2015-09-19	2026-10-28
149	2024-03-17	dx	op	mdd	2015-09-19	2026-10-28
149	2024-08-09	dx	op	preg-week-10	2015-09-19	2026-10-28
149	2024-08-26	dx	op	preg-care	2015-09-19	2026-10-28
149	2024-09-23	dx	op	preg-care	2015-09-19	2026-10-28
149	2024-09-23	dx	op	preg-week-16	2015-09-19	2026-10-28
149	2024-09-28	dx	op	compl-preg4	2015-09-19	2026-10-28
149	2024-09-28	dx	op	preg-week-17	2015-09-19	2026-10-28
149	2024-09-28	dx	op	placenta-prev	2015-09-19	2026-10-28
149	2024-10-17	dx	op	ant-scrn	2015-09-19	2026-10-28
149	2024-10-17	dx	op	preg-week-20	2015-09-19	2026-10-28
149	2024-11-26	dx	op	hrp-care	2015-09-19	2026-10-28
149	2024-11-26	dx	op	compl-preg4	2015-09-19	2026-10-28
149	2024-12-06	dx	op	compl-preg4	2015-09-19	2026-10-28
149	2024-12-06	dx	op	hrp-care	2015-09-19	2026-10-28
149	2024-12-09	dx	op	compl-preg4	2015-09-19	2026-10-28
149	2024-12-13	dx	op	compl-preg4	2015-09-19	2026-10-28
149	2024-12-13	dx	ip	compl-preg4	2015-09-19	2026-10-28
149	2024-12-13	dx	op	abrnl-fetus-care2	2015-09-19	2026-10-28
149	2025-02-09	dx	op	hrp-care	2015-09-19	2026-10-28
149	2025-02-09	dx	op	compl-preg4	2015-09-19	2026-10-28
149	2025-02-09	dx	op	birth-outcom	2015-09-19	2026-10-28
149	2025-02-09	dx	ip	preterm-lbr	2015-09-19	2026-10-28
149	2025-02-09	dx	op	preg-week-36	2015-09-19	2026-10-28
149	2025-02-09	px	ip	birth-px	2015-09-19	2026-10-28
149	2025-02-09	dx	op	abrnl-fetus-care2	2015-09-19	2026-10-28
150	2022-05-28	dx	ip	vomit-preg	2013-05-01	2026-11-04
150	2022-05-28	dx	op	preg-week-01	2013-05-01	2026-11-04
150	2022-05-28	dx	op	compl-preg4	2013-05-01	2026-11-04
150	2024-07-15	px	op	ppd-scrn	2013-05-01	2026-11-04
150	2024-07-15	dx	op	incidental, preg-unplnd	2013-05-01	2026-11-04
151	2024-10-24	dx	ip	m-hypert	2013-08-28	2026-05-19
151	2024-10-24	dx	op	preg-week-37	2013-08-28	2026-05-19
151	2024-10-31	px	op	birth-px	2013-08-28	2026-05-19
151	2024-10-31	dx	op	birth-outcom	2013-08-28	2026-05-19
151	2024-10-31	dx	op	g-hypert-p	2013-08-28	2026-05-19
151	2024-10-31	dx	ip	g-hypert-p	2013-08-28	2026-05-19
151	2024-10-31	dx	op	preg-week-38	2013-08-28	2026-05-19
151	2024-11-08	dx	op	g-hypert-p	2013-08-28	2026-05-19
151	2024-11-08	dx	op	post-care	2013-08-28	2026-05-19
151	2024-11-08	px	op	birth-px	2013-08-28	2026-05-19
151	2024-12-09	px	op	birth-px	2013-08-28	2026-05-19
151	2025-04-24	px	op	birth-px	2013-08-28	2026-05-19
152	2022-02-14	dx	op	ant-scrn	2021-01-23	2026-07-06
152	2022-02-14	dx	op	abrnl-fetus-care1	2021-01-23	2026-07-06
152	2022-02-14	dx	op	compl-preg4	2021-01-23	2026-07-06
152	2022-04-25	dx	op	ant-scrn	2021-01-23	2026-07-06
152	2022-04-25	dx	op	compl-preg4	2021-01-23	2026-07-06
152	2022-05-31	dx	op	ant-scrn	2021-01-23	2026-07-06
152	2022-05-31	dx	op	hrp-care	2021-01-23	2026-07-06
152	2022-05-31	dx	ip	compl-preg4	2021-01-23	2026-07-06
152	2022-06-23	dx	op	birth-outcom	2021-01-23	2026-07-06
152	2022-06-23	dx	ip	preg-week-39	2021-01-23	2026-07-06
152	2022-08-04	tx_rx	pharmacy	SERTRALINE	2021-01-23	2026-07-06
152	2022-09-15	tx_rx	pharmacy	SERTRALINE	2021-01-23	2026-07-06
152	2022-10-13	tx_rx	pharmacy	SERTRALINE	2021-01-23	2026-07-06
152	2022-11-15	tx_rx	pharmacy	SERTRALINE	2021-01-23	2026-07-06
152	2023-07-06	px	op	birth-px	2021-01-23	2026-07-06
152	2023-07-10	tx_px	op	psy-thrp	2021-01-23	2026-07-06
152	2023-07-14	tx_px	op	psy-thrp	2021-01-23	2026-07-06
152	2023-07-24	dx	op	hrp-care	2021-01-23	2026-07-06
152	2023-07-25	tx_px	op	psy-thrp	2021-01-23	2026-07-06
152	2023-07-26	dx	ip	hrp-care	2021-01-23	2026-07-06
152	2023-07-31	dx	op	hrp-care	2021-01-23	2026-07-06
152	2023-08-01	tx_px	op	psy-thrp	2021-01-23	2026-07-06
152	2023-08-03	tx_px	op	psy-thrp	2021-01-23	2026-07-06
152	2023-08-25	dx	op	hrp-care	2021-01-23	2026-07-06
152	2024-02-22	dx	op	hrp-care	2021-01-23	2026-07-06
152	2024-02-27	dx	op	hrp-care	2021-01-23	2026-07-06
152	2024-03-05	dx	op	hrp-care	2021-01-23	2026-07-06
152	2024-03-12	dx	op	hrp-care	2021-01-23	2026-07-06
152	2024-03-19	dx	op	hrp-care	2021-01-23	2026-07-06
152	2024-03-26	dx	ip	hrp-care	2021-01-23	2026-07-06
152	2024-04-01	dx	op	hrp-care	2021-01-23	2026-07-06
152	2024-04-01	dx	op	preg-week-10	2021-01-23	2026-07-06
152	2024-04-02	dx	op	hrp-care	2021-01-23	2026-07-06
152	2024-04-19	dx	op	preg-week-12	2021-01-23	2026-07-06
152	2024-04-22	dx	op	hrp-care	2021-01-23	2026-07-06
152	2024-04-22	dx	op	abrnl-fetus-care1	2021-01-23	2026-07-06
152	2024-05-07	dx	op	abrnl-fetus-care1	2021-01-23	2026-07-06
152	2024-05-07	dx	op	hrp-care	2021-01-23	2026-07-06
152	2024-05-13	dx	op	ant-scrn	2021-01-23	2026-07-06
152	2024-05-30	dx	ip	placenta-prev	2021-01-23	2026-07-06
152	2024-05-30	dx	op	hrp-care	2021-01-23	2026-07-06
152	2024-06-20	dx	op	abrnl-fetus-care1	2021-01-23	2026-07-06
152	2024-06-20	dx	op	hrp-care	2021-01-23	2026-07-06
152	2024-07-08	dx	op	placenta-prev	2021-01-23	2026-07-06
152	2024-07-18	dx	op	hrp-care	2021-01-23	2026-07-06
152	2024-08-12	dx	ip	preg-week-29	2021-01-23	2026-07-06
152	2024-08-26	dx	op	abrnl-fetus-care2	2021-01-23	2026-07-06
152	2024-09-03	dx	op	preg-week-32	2021-01-23	2026-07-06
152	2024-09-03	dx	op	hrp-care	2021-01-23	2026-07-06
152	2024-09-26	dx	op	placenta-prob	2021-01-23	2026-07-06
152	2024-09-26	dx	op	hrp-care	2021-01-23	2026-07-06
152	2024-09-26	dx	ip	abrnl-fetus-care2	2021-01-23	2026-07-06
152	2024-10-01	dx	op	preg-week-36	2021-01-23	2026-07-06
152	2024-10-08	dx	op	placenta-prob	2021-01-23	2026-07-06
152	2024-10-10	dx	op	hrp-care	2021-01-23	2026-07-06
152	2024-10-10	dx	ip	abrnl-fetus-care2	2021-01-23	2026-07-06
152	2024-10-15	dx	op	preg-week-38	2021-01-23	2026-07-06
152	2024-10-18	px	ip	birth-px	2021-01-23	2026-07-06
152	2024-10-18	dx	op	preg-week-39	2021-01-23	2026-07-06
152	2024-10-18	dx	op	birth	2021-01-23	2026-07-06
152	2024-10-18	dx	op	birth-outcom	2021-01-23	2026-07-06
153	2022-02-21	dx	op	hrp-care	2017-07-03	2026-03-28
153	2024-04-08	dx	op	preg-week-00	2017-07-03	2026-03-28
153	2024-04-08	dx	op	hrp-care	2017-07-03	2026-03-28
153	2024-04-22	dx	op	incidental, preg-unplnd	2017-07-03	2026-03-28
153	2024-04-22	dx	op	preg-week-23	2017-07-03	2026-03-28
153	2024-04-22	dx	ip	hrp-care	2017-07-03	2026-03-28
153	2024-05-28	dx	ip	hrp-care	2017-07-03	2026-03-28
153	2024-05-28	dx	op	preg-week-28	2017-07-03	2026-03-28
153	2024-06-11	dx	op	hrp-care	2017-07-03	2026-03-28
153	2024-06-11	dx	op	preg-week-30	2017-07-03	2026-03-28
153	2024-07-01	dx	ip	hrp-care	2017-07-03	2026-03-28
153	2024-07-01	dx	op	preg-week-33	2017-07-03	2026-03-28
153	2024-07-15	dx	op	preg-week-35	2017-07-03	2026-03-28
153	2024-07-15	dx	op	hrp-care	2017-07-03	2026-03-28
153	2024-07-26	dx	op	hrp-care	2017-07-03	2026-03-28
153	2024-08-01	dx	op	hrp-care	2017-07-03	2026-03-28
153	2024-08-01	dx	op	preg-week-37	2017-07-03	2026-03-28
153	2024-08-06	px	op	birth-px	2017-07-03	2026-03-28
153	2024-08-06	dx	op	birth	2017-07-03	2026-03-28
153	2024-08-06	dx	op	birth-outcom	2017-07-03	2026-03-28
153	2024-08-06	dx	op	preg-week-39	2017-07-03	2026-03-28
154	2022-10-07	dx	op	preg-care	2011-10-21	2026-11-30
154	2022-10-17	dx	ip	preg-care	2011-10-21	2026-11-30
154	2022-11-01	dx	op	hrp-care	2011-10-21	2026-11-30
154	2022-11-16	dx	ip	preg-care	2011-10-21	2026-11-30
154	2022-12-01	dx	op	preg-care	2011-10-21	2026-11-30
154	2022-12-20	dx	op	preg-care	2011-10-21	2026-11-30
154	2023-01-03	dx	op	preg-care	2011-10-21	2026-11-30
154	2023-01-03	dx	op	preg-week-36	2011-10-21	2026-11-30
154	2023-01-05	dx	ip	preg-week-36	2011-10-21	2026-11-30
154	2023-01-10	px	op	birth-px	2011-10-21	2026-11-30
154	2023-01-11	dx	op	post-care	2011-10-21	2026-11-30
154	2023-03-02	dx	op	post-care	2011-10-21	2026-11-30
154	2024-07-26	dx	op	preg-week-37	2011-10-21	2026-11-30
154	2024-07-29	dx	op	preg-week-36	2011-10-21	2026-11-30
154	2024-07-30	dx	op	preg-week-36	2011-10-21	2026-11-30
154	2024-07-30	dx	op	birth-outcom	2011-10-21	2026-11-30
154	2024-07-30	px	op	birth-px	2011-10-21	2026-11-30
155	2022-02-10	dx	op	r-mdd	2010-08-19	2026-11-16
155	2022-02-10	tx_px	op	psy-thrp	2010-08-19	2026-11-16
155	2022-02-16	tx_px	ip	psy-thrp	2010-08-19	2026-11-16
155	2022-02-16	dx	op	r-mdd	2010-08-19	2026-11-16
155	2022-02-23	dx	op	r-mdd	2010-08-19	2026-11-16
155	2022-02-23	px	op	birth-px	2010-08-19	2026-11-16
155	2022-03-02	dx	op	r-mdd	2010-08-19	2026-11-16
155	2022-03-02	tx_px	op	psy-thrp	2010-08-19	2026-11-16
155	2022-03-09	tx_px	ip	psy-thrp	2010-08-19	2026-11-16
155	2022-03-09	dx	op	r-mdd	2010-08-19	2026-11-16
155	2022-03-16	dx	ip	r-mdd	2010-08-19	2026-11-16
155	2022-03-16	tx_px	op	psy-thrp	2010-08-19	2026-11-16
155	2022-03-23	tx_px	op	psy-thrp	2010-08-19	2026-11-16
155	2022-03-23	dx	op	r-mdd	2010-08-19	2026-11-16
155	2022-03-30	tx_px	op	psy-thrp	2010-08-19	2026-11-16
155	2022-03-30	dx	ip	r-mdd	2010-08-19	2026-11-16
155	2022-04-20	tx_px	op	psy-thrp	2010-08-19	2026-11-16
155	2022-04-20	dx	op	r-mdd	2010-08-19	2026-11-16
155	2022-04-27	tx_px	op	psy-thrp	2010-08-19	2026-11-16
155	2022-04-27	dx	ip	r-mdd	2010-08-19	2026-11-16
155	2022-05-04	tx_px	op	psy-thrp	2010-08-19	2026-11-16
155	2022-05-04	dx	ip	r-mdd	2010-08-19	2026-11-16
155	2022-05-18	tx_px	op	psy-thrp	2010-08-19	2026-11-16
155	2022-05-18	dx	op	r-mdd	2010-08-19	2026-11-16
155	2022-07-01	dx	ip	r-mdd	2010-08-19	2026-11-16
155	2022-07-01	tx_px	op	psy-thrp	2010-08-19	2026-11-16
155	2022-07-15	dx	op	r-mdd	2010-08-19	2026-11-16
155	2022-07-15	tx_px	op	psy-thrp	2010-08-19	2026-11-16
155	2022-07-22	tx_px	ip	psy-thrp	2010-08-19	2026-11-16
155	2022-07-22	dx	op	r-mdd	2010-08-19	2026-11-16
155	2022-07-29	tx_px	op	psy-thrp	2010-08-19	2026-11-16
155	2022-07-29	dx	op	r-mdd	2010-08-19	2026-11-16
155	2022-08-12	dx	op	r-mdd	2010-08-19	2026-11-16
155	2022-08-12	tx_px	op	psy-thrp	2010-08-19	2026-11-16
155	2022-08-26	dx	op	r-mdd	2010-08-19	2026-11-16
155	2022-08-26	tx_px	ip	psy-thrp	2010-08-19	2026-11-16
155	2022-11-22	tx_px	op	psy-thrp	2010-08-19	2026-11-16
155	2022-11-22	dx	op	r-mdd	2010-08-19	2026-11-16
155	2022-11-28	tx_px	op	psy-thrp	2010-08-19	2026-11-16
155	2022-11-28	dx	op	r-mdd	2010-08-19	2026-11-16
155	2022-12-05	dx	ip	r-mdd	2010-08-19	2026-11-16
155	2022-12-05	tx_px	ip	psy-thrp	2010-08-19	2026-11-16
155	2022-12-12	dx	op	r-mdd	2010-08-19	2026-11-16
155	2022-12-12	tx_px	op	psy-thrp	2010-08-19	2026-11-16
155	2022-12-19	tx_px	ip	psy-thrp	2010-08-19	2026-11-16
155	2022-12-19	dx	op	r-mdd	2010-08-19	2026-11-16
155	2022-12-27	tx_px	ip	psy-thrp	2010-08-19	2026-11-16
155	2022-12-27	dx	op	r-mdd	2010-08-19	2026-11-16
155	2023-01-02	dx	op	r-mdd	2010-08-19	2026-11-16
155	2023-01-02	tx_px	op	psy-thrp	2010-08-19	2026-11-16
155	2023-01-05	tx_px	op	psy-thrp	2010-08-19	2026-11-16
155	2023-01-05	dx	ip	r-mdd	2010-08-19	2026-11-16
155	2023-01-09	dx	op	r-mdd	2010-08-19	2026-11-16
155	2023-01-09	tx_px	op	psy-thrp	2010-08-19	2026-11-16
155	2023-01-16	tx_px	op	psy-thrp	2010-08-19	2026-11-16
155	2023-01-16	dx	op	r-mdd	2010-08-19	2026-11-16
155	2023-03-06	dx	op	r-mdd	2010-08-19	2026-11-16
155	2023-03-06	tx_px	op	psy-thrp	2010-08-19	2026-11-16
155	2023-03-13	dx	op	r-mdd	2010-08-19	2026-11-16
155	2023-03-13	tx_px	op	psy-thrp	2010-08-19	2026-11-16
155	2024-02-20	dx	op	preg-care	2010-08-19	2026-11-16
155	2024-09-03	dx	ip	birth-outcom	2010-08-19	2026-11-16
155	2024-09-03	dx	ip	preg-week-39	2010-08-19	2026-11-16
156	2025-01-17	px	op	birth-px	2018-06-28	2026-06-22
156	2025-01-17	dx	op	s-abort	2018-06-28	2026-06-22
157	2023-03-17	dx	op	incidental, preg-unplnd	2013-04-30	2026-05-07
157	2023-03-23	dx	op	incidental, preg-unplnd	2013-04-30	2026-05-07
157	2023-03-31	dx	ip	incidental, preg-unplnd	2013-04-30	2026-05-07
157	2023-04-03	dx	op	incidental, preg-unplnd	2013-04-30	2026-05-07
157	2023-04-11	dx	ip	incidental, preg-unplnd	2013-04-30	2026-05-07
157	2023-04-28	dx	op	preg-care	2013-04-30	2026-05-07
157	2023-04-28	dx	op	incidental, preg-unplnd	2013-04-30	2026-05-07
157	2023-05-16	dx	op	incidental, preg-unplnd	2013-04-30	2026-05-07
157	2023-05-26	dx	ip	incidental, preg-unplnd	2013-04-30	2026-05-07
157	2023-06-02	dx	op	incidental, preg-unplnd	2013-04-30	2026-05-07
157	2023-06-16	dx	op	incidental, preg-unplnd	2013-04-30	2026-05-07
157	2023-06-22	dx	op	incidental, preg-unplnd	2013-04-30	2026-05-07
157	2023-07-26	dx	op	incidental, preg-unplnd	2013-04-30	2026-05-07
157	2023-07-27	dx	op	incidental, preg-unplnd	2013-04-30	2026-05-07
157	2023-07-28	dx	op	incidental, preg-unplnd	2013-04-30	2026-05-07
157	2023-08-04	dx	op	compl-preg4	2013-04-30	2026-05-07
157	2023-08-17	dx	ip	incidental, preg-unplnd	2013-04-30	2026-05-07
157	2023-08-23	dx	op	incidental, preg-unplnd	2013-04-30	2026-05-07
157	2023-08-23	dx	op	ant-scrn	2013-04-30	2026-05-07
157	2023-09-06	dx	op	preg-care	2013-04-30	2026-05-07
157	2023-09-20	dx	op	incidental, preg-unplnd	2013-04-30	2026-05-07
157	2023-09-22	dx	op	incidental, preg-unplnd	2013-04-30	2026-05-07
157	2023-10-18	dx	op	ant-scrn	2013-04-30	2026-05-07
157	2023-10-18	dx	op	incidental, preg-unplnd	2013-04-30	2026-05-07
157	2023-10-18	dx	op	preg-week-36	2013-04-30	2026-05-07
157	2023-10-18	dx	op	preg-care	2013-04-30	2026-05-07
157	2023-10-24	dx	op	incidental, preg-unplnd	2013-04-30	2026-05-07
157	2023-10-25	dx	op	incidental, preg-unplnd	2013-04-30	2026-05-07
157	2023-10-31	dx	op	incidental, preg-unplnd	2013-04-30	2026-05-07
157	2023-11-07	dx	op	compl-preg4	2013-04-30	2026-05-07
157	2023-11-07	dx	op	abrnl-fetus-care2	2013-04-30	2026-05-07
157	2023-11-07	dx	ip	birth-outcom	2013-04-30	2026-05-07
157	2023-11-07	dx	ip	incidental, preg-unplnd	2013-04-30	2026-05-07
157	2023-11-07	dx	op	preg-week-39	2013-04-30	2026-05-07
157	2023-11-08	dx	op	birth	2013-04-30	2026-05-07
157	2023-11-08	px	ip	birth-px	2013-04-30	2026-05-07
157	2023-11-08	dx	op	birth-outcom	2013-04-30	2026-05-07
157	2023-11-09	dx	op	post-care	2013-04-30	2026-05-07
157	2023-11-10	dx	op	post-care	2013-04-30	2026-05-07
157	2023-11-14	dx	op	post-care	2013-04-30	2026-05-07
157	2023-11-15	dx	ip	post-care	2013-04-30	2026-05-07
157	2023-11-18	dx	op	post-care	2013-04-30	2026-05-07
157	2023-12-02	dx	op	incidental, preg-unplnd	2013-04-30	2026-05-07
157	2023-12-05	dx	op	post-care	2013-04-30	2026-05-07
157	2024-03-08	dx	op	post-care	2013-04-30	2026-05-07
157	2024-03-15	dx	op	post-care	2013-04-30	2026-05-07
157	2024-10-28	dx	op	incidental, preg-unplnd	2013-04-30	2026-05-07
157	2024-11-04	px	op	ppd-scrn	2013-04-30	2026-05-07
157	2024-11-04	dx	op	incidental, preg-unplnd	2013-04-30	2026-05-07
157	2025-02-12	px	op	ppd-scrn	2013-04-30	2026-05-07
157	2025-02-12	px	ip	ppd-scrn	2013-04-30	2026-05-07
157	2025-02-12	dx	op	incidental, preg-unplnd	2013-04-30	2026-05-07
158	2024-01-24	dx	op	incidental, preg-unplnd	2012-12-02	2026-10-05
158	2024-01-27	dx	op	vomit-preg	2012-12-02	2026-10-05
158	2024-03-08	dx	op	hrp-care	2012-12-02	2026-10-05
158	2024-03-08	dx	op	preg-care	2012-12-02	2026-10-05
158	2024-03-25	dx	ip	hrp-care	2012-12-02	2026-10-05
158	2024-04-01	px	op	birth-px	2012-12-02	2026-10-05
158	2024-07-16	dx	ip	abrnl-fetus-care2	2012-12-02	2026-10-05
158	2024-08-16	dx	ip	preg-care	2012-12-02	2026-10-05
158	2024-10-04	dx	op	incidental, preg-unplnd	2012-12-02	2026-10-05
158	2024-10-04	tx_px	op	psy-thrp	2012-12-02	2026-10-05
158	2024-10-05	dx	op	incidental, preg-unplnd	2012-12-02	2026-10-05
158	2024-10-05	px	op	birth-px	2012-12-02	2026-10-05
158	2024-10-18	dx	ip	s-abort	2012-12-02	2026-10-05
158	2024-10-19	px	op	ppd-scrn	2012-12-02	2026-10-05
158	2025-04-09	dx	op	hrp-care	2012-12-02	2026-10-05
158	2025-04-09	dx	op	preg-week-12	2012-12-02	2026-10-05
158	2025-04-09	dx	op	compl-preg4	2012-12-02	2026-10-05
158	2025-04-16	dx	op	incidental, preg-unplnd	2012-12-02	2026-10-05
158	2025-04-28	dx	ip	compl-preg4	2012-12-02	2026-10-05
158	2025-04-28	dx	op	preg-week-15	2012-12-02	2026-10-05
158	2025-04-28	dx	op	hrp-care	2012-12-02	2026-10-05
158	2025-04-28	dx	op	compl-preg4	2012-12-02	2026-10-05
158	2025-05-19	dx	op	abrnl-fetus-care2	2012-12-02	2026-10-05
158	2025-05-19	dx	op	ant-scrn	2012-12-02	2026-10-05
159	2024-05-23	dx	op	preg-care	2025-10-04	2026-09-29
159	2024-05-23	px	ip	birth-px	2025-10-04	2026-09-29
159	2024-06-06	dx	op	preg-care	2025-10-04	2026-09-29
159	2024-06-06	dx	ip	ant-scrn	2025-10-04	2026-09-29
159	2024-07-16	dx	ip	preg-care	2025-10-04	2026-09-29
159	2024-08-05	dx	op	preg-care	2025-10-04	2026-09-29
159	2024-08-12	dx	ip	hrp-care	2025-10-04	2026-09-29
159	2024-08-12	dx	op	abrnl-fetus-care2	2025-10-04	2026-09-29
159	2024-08-14	dx	ip	hrp-care	2025-10-04	2026-09-29
159	2024-08-14	dx	op	abrnl-fetus-care2	2025-10-04	2026-09-29
159	2024-08-19	dx	op	abrnl-fetus-care2	2025-10-04	2026-09-29
159	2024-08-26	dx	op	abrnl-fetus-care2	2025-10-04	2026-09-29
159	2024-08-29	dx	op	hrp-care	2025-10-04	2026-09-29
159	2024-08-29	dx	op	abrnl-fetus-care2	2025-10-04	2026-09-29
159	2024-09-03	dx	ip	abrnl-fetus-care2	2025-10-04	2026-09-29
159	2024-09-04	dx	op	hrp-care	2025-10-04	2026-09-29
159	2024-09-04	dx	op	preg-week-37	2025-10-04	2026-09-29
159	2024-09-11	dx	ip	preg-week-38	2025-10-04	2026-09-29
159	2024-09-11	dx	op	hrp-care	2025-10-04	2026-09-29
159	2024-09-19	dx	op	preg-week-39	2025-10-04	2026-09-29
159	2024-09-19	px	op	birth-px	2025-10-04	2026-09-29
159	2024-09-19	dx	op	birth	2025-10-04	2026-09-29
159	2024-09-19	dx	op	birth-outcom	2025-10-04	2026-09-29
159	2025-04-16	dx	op	preg-care	2025-10-04	2026-09-29
159	2025-04-16	px	op	birth-px	2025-10-04	2026-09-29
159	2025-04-16	dx	op	spl-scrn	2025-10-04	2026-09-29
159	2025-05-13	dx	op	preg-care	2025-10-04	2026-09-29
160	2023-06-16	dx	op	hrp-care	2018-03-20	2026-10-09
160	2024-02-19	dx	op	hrp-care	2018-03-20	2026-10-09
160	2024-03-04	dx	op	hrp-care	2018-03-20	2026-10-09
160	2024-04-08	dx	op	hrp-care	2018-03-20	2026-10-09
160	2024-04-08	dx	op	compl-preg4	2018-03-20	2026-10-09
160	2024-04-08	dx	op	ant-scrn	2018-03-20	2026-10-09
160	2024-04-08	dx	op	other-history	2018-03-20	2026-10-09
160	2024-05-13	dx	ip	ant-scrn	2018-03-20	2026-10-09
160	2024-05-13	dx	op	preg-week-19	2018-03-20	2026-10-09
160	2024-05-13	dx	op	hrp-care	2018-03-20	2026-10-09
160	2024-06-18	dx	op	compl-preg4	2018-03-20	2026-10-09
160	2024-06-18	dx	op	preg-week-24	2018-03-20	2026-10-09
160	2024-06-18	dx	op	ant-scrn	2018-03-20	2026-10-09
160	2024-06-18	dx	op	hrp-care	2018-03-20	2026-10-09
160	2024-07-17	dx	op	hrp-care	2018-03-20	2026-10-09
160	2024-07-17	dx	op	preg-week-29	2018-03-20	2026-10-09
160	2024-07-17	dx	op	compl-preg4	2018-03-20	2026-10-09
160	2024-08-01	dx	op	hrp-care	2018-03-20	2026-10-09
160	2024-08-01	dx	op	preg-week-31	2018-03-20	2026-10-09
160	2024-08-16	dx	op	hrp-care	2018-03-20	2026-10-09
160	2024-08-16	dx	ip	hrp-care	2018-03-20	2026-10-09
160	2024-08-16	dx	op	preg-week-33	2018-03-20	2026-10-09
160	2024-09-03	dx	ip	hrp-care	2018-03-20	2026-10-09
160	2024-09-03	dx	op	compl-preg4	2018-03-20	2026-10-09
160	2024-09-03	dx	op	abrnl-fetus-care2	2018-03-20	2026-10-09
160	2024-09-03	dx	op	preg-week-35	2018-03-20	2026-10-09
160	2024-09-10	dx	op	preg-week-36	2018-03-20	2026-10-09
160	2024-09-10	dx	op	abrnl-fetus-care2	2018-03-20	2026-10-09
160	2024-09-10	dx	ip	ant-scrn	2018-03-20	2026-10-09
160	2024-09-10	dx	op	hrp-care	2018-03-20	2026-10-09
160	2024-09-17	dx	ip	abrnl-fetus-care2	2018-03-20	2026-10-09
160	2024-09-17	dx	op	compl-preg4	2018-03-20	2026-10-09
160	2024-09-17	dx	op	hrp-care	2018-03-20	2026-10-09
160	2024-09-17	dx	op	preg-week-37	2018-03-20	2026-10-09
160	2024-09-25	dx	op	preg-week-39	2018-03-20	2026-10-09
160	2024-09-25	dx	op	hrp-care	2018-03-20	2026-10-09
160	2024-09-25	dx	op	abrnl-fetus-care2	2018-03-20	2026-10-09
160	2024-10-03	dx	op	compl-preg4	2018-03-20	2026-10-09
160	2024-10-03	dx	ip	preg-week-40	2018-03-20	2026-10-09
160	2024-10-03	dx	op	hrp-care	2018-03-20	2026-10-09
160	2024-10-08	px	op	birth-px	2018-03-20	2026-10-09
160	2024-10-08	dx	op	preg-week-40	2018-03-20	2026-10-09
160	2024-10-08	dx	op	abrnl-fetus-care2	2018-03-20	2026-10-09
160	2024-10-08	dx	op	birth-outcom	2018-03-20	2026-10-09
160	2024-11-14	px	op	birth-px	2018-03-20	2026-10-09
160	2024-11-14	dx	op	spl-scrn	2018-03-20	2026-10-09
161	2023-12-28	dx	op	preg-care	2010-07-10	2026-05-08
161	2023-12-28	dx	ip	preg-week-08	2010-07-10	2026-05-08
161	2024-03-21	dx	op	preg-care	2010-07-10	2026-05-08
161	2024-03-21	dx	ip	preg-week-20	2010-07-10	2026-05-08
161	2024-05-14	dx	op	placenta-prev	2010-07-10	2026-05-08
161	2024-05-14	dx	ip	preg-week-28	2010-07-10	2026-05-08
161	2024-07-08	dx	op	preg-week-36	2010-07-10	2026-05-08
161	2024-07-08	dx	op	placenta-prev	2010-07-10	2026-05-08
161	2024-07-21	dx	op	birth	2010-07-10	2026-05-08
161	2024-07-21	dx	op	birth-outcom	2010-07-10	2026-05-08
161	2024-07-21	px	op	birth-px	2010-07-10	2026-05-08
161	2024-08-28	dx	op	compl-preg4	2010-07-10	2026-05-08
162	2022-05-27	dx	op	abrnl-fetus-care2	2016-07-27	2026-04-17
162	2022-05-27	dx	op	multi-gest	2016-07-27	2026-04-17
162	2022-05-27	dx	op	preg-week-09	2016-07-27	2026-04-17
162	2022-06-16	dx	ip	preg-week-12	2016-07-27	2026-04-17
162	2022-06-16	dx	op	multi-gest	2016-07-27	2026-04-17
162	2022-07-12	dx	op	abrnl-preg1	2016-07-27	2026-04-17
162	2022-07-12	dx	op	abrnl-fetus-care2	2016-07-27	2026-04-17
162	2022-07-13	dx	op	abrnl-preg1	2016-07-27	2026-04-17
162	2022-07-13	dx	op	placenta-prob	2016-07-27	2026-04-17
162	2022-07-13	px	ip	birth-px	2016-07-27	2026-04-17
162	2022-07-27	dx	op	s-abort	2016-07-27	2026-04-17
162	2023-02-02	dx	op	abrnl-fetus-care2	2016-07-27	2026-04-17
162	2023-02-02	dx	op	preg-week-08	2016-07-27	2026-04-17
162	2023-02-02	dx	op	hrp-care	2016-07-27	2026-04-17
162	2023-02-02	dx	op	hemo-preg	2016-07-27	2026-04-17
162	2023-02-09	dx	op	abrnl-fetus-care2	2016-07-27	2026-04-17
162	2023-02-09	dx	op	hemo-preg	2016-07-27	2026-04-17
162	2023-02-27	dx	op	s-abort	2016-07-27	2026-04-17
162	2023-12-20	dx	op	hrp-care	2016-07-27	2026-04-17
162	2024-01-03	dx	op	hrp-care	2016-07-27	2026-04-17
162	2024-01-25	dx	op	abrnl-fetus-care2	2016-07-27	2026-04-17
162	2024-02-08	dx	op	preg-week-15	2016-07-27	2026-04-17
162	2024-07-05	dx	op	preg-week-36	2016-07-27	2026-04-17
162	2024-07-05	dx	ip	hrp-care	2016-07-27	2026-04-17
162	2024-07-26	dx	op	preg-week-39	2016-07-27	2026-04-17
162	2024-07-26	dx	ip	hrp-care	2016-07-27	2026-04-17
162	2024-07-26	dx	op	birth-outcom	2016-07-27	2026-04-17
162	2024-07-26	px	op	birth-px	2016-07-27	2026-04-17
162	2024-07-26	dx	op	preg-care	2016-07-27	2026-04-17
162	2024-07-26	dx	op	birth	2016-07-27	2026-04-17
162	2024-07-27	dx	op	preg-care	2016-07-27	2026-04-17
162	2024-07-27	dx	op	birth	2016-07-27	2026-04-17
162	2024-09-06	dx	op	post-care	2016-07-27	2026-04-17
163	2022-01-13	dx	op	preg-care	2015-02-06	2026-04-05
163	2022-01-19	tx_px	op	psy-thrp	2015-02-06	2026-04-05
163	2022-01-26	tx_px	op	psy-thrp	2015-02-06	2026-04-05
163	2022-01-28	dx	op	hrp-care	2015-02-06	2026-04-05
163	2022-01-28	dx	op	preg-week-11	2015-02-06	2026-04-05
163	2022-02-02	tx_px	op	psy-thrp	2015-02-06	2026-04-05
163	2022-02-09	tx_px	op	psy-thrp	2015-02-06	2026-04-05
163	2022-02-10	dx	op	preg-care	2015-02-06	2026-04-05
163	2022-02-21	tx_px	op	psy-thrp	2015-02-06	2026-04-05
163	2022-02-25	dx	op	hrp-care	2015-02-06	2026-04-05
163	2022-02-25	dx	op	preg-week-15	2015-02-06	2026-04-05
163	2022-03-07	tx_px	op	psy-thrp	2015-02-06	2026-04-05
163	2022-03-18	tx_px	op	psy-thrp	2015-02-06	2026-04-05
163	2022-03-25	dx	op	preg-week-19	2015-02-06	2026-04-05
163	2022-03-25	tx_px	ip	psy-thrp	2015-02-06	2026-04-05
163	2022-03-25	dx	op	hrp-care	2015-02-06	2026-04-05
163	2022-03-28	tx_px	op	psy-thrp	2015-02-06	2026-04-05
163	2022-04-01	dx	op	ant-scrn	2015-02-06	2026-04-05
163	2022-04-04	tx_px	op	psy-thrp	2015-02-06	2026-04-05
163	2022-04-13	tx_px	op	psy-thrp	2015-02-06	2026-04-05
163	2022-04-18	tx_px	op	psy-thrp	2015-02-06	2026-04-05
163	2022-04-25	tx_px	op	psy-thrp	2015-02-06	2026-04-05
163	2022-05-02	tx_px	op	psy-thrp	2015-02-06	2026-04-05
163	2022-05-13	dx	op	hrp-care	2015-02-06	2026-04-05
163	2022-05-13	dx	op	preg-week-26	2015-02-06	2026-04-05
163	2022-05-18	tx_px	op	psy-thrp	2015-02-06	2026-04-05
163	2022-05-20	dx	op	hrp-care	2015-02-06	2026-04-05
163	2022-05-30	dx	op	vomit-preg	2015-02-06	2026-04-05
163	2022-05-30	dx	op	compl-preg4	2015-02-06	2026-04-05
163	2022-06-09	dx	op	m-hypert	2015-02-06	2026-04-05
163	2022-06-09	dx	op	ant-scrn	2015-02-06	2026-04-05
163	2022-06-09	dx	op	diab-preg	2015-02-06	2026-04-05
163	2022-06-09	tx_px	op	psy-thrp	2015-02-06	2026-04-05
163	2022-06-09	dx	op	compl-preg4	2015-02-06	2026-04-05
163	2022-06-10	dx	ip	hrp-care	2015-02-06	2026-04-05
163	2022-06-10	dx	op	preg-week-30	2015-02-06	2026-04-05
163	2022-06-10	dx	op	m-hypert	2015-02-06	2026-04-05
163	2022-06-10	dx	op	abrnl-preg2	2015-02-06	2026-04-05
163	2022-06-10	dx	op	diab-preg	2015-02-06	2026-04-05
163	2022-06-11	dx	op	compl-preg4	2015-02-06	2026-04-05
163	2022-06-11	dx	op	ant-scrn	2015-02-06	2026-04-05
163	2022-06-11	dx	op	diab-preg	2015-02-06	2026-04-05
163	2022-06-11	dx	op	m-hypert	2015-02-06	2026-04-05
163	2022-06-11	dx	op	abrnl-fetus-care2	2015-02-06	2026-04-05
163	2022-06-12	dx	op	diab-preg	2015-02-06	2026-04-05
163	2022-06-12	dx	op	m-hypert	2015-02-06	2026-04-05
163	2022-06-12	dx	op	preg-week-31	2015-02-06	2026-04-05
163	2022-06-13	dx	op	diab-preg	2015-02-06	2026-04-05
163	2022-06-13	dx	op	ant-scrn	2015-02-06	2026-04-05
163	2022-06-13	dx	op	compl-preg4	2015-02-06	2026-04-05
163	2022-06-13	dx	ip	diab-preg	2015-02-06	2026-04-05
163	2022-06-13	dx	op	m-hypert	2015-02-06	2026-04-05
163	2022-06-16	tx_px	op	psy-thrp	2015-02-06	2026-04-05
163	2022-06-23	dx	op	diab-preg	2015-02-06	2026-04-05
163	2022-06-23	tx_px	op	psy-thrp	2015-02-06	2026-04-05
163	2022-06-24	dx	op	compl-preg4	2015-02-06	2026-04-05
163	2022-06-24	dx	op	diab-preg	2015-02-06	2026-04-05
163	2022-06-24	dx	op	abrnl-fetus-care2	2015-02-06	2026-04-05
163	2022-06-24	dx	op	preg-week-32	2015-02-06	2026-04-05
163	2022-06-24	dx	ip	hrp-care	2015-02-06	2026-04-05
163	2022-06-28	dx	op	diab-preg	2015-02-06	2026-04-05
163	2022-06-28	dx	op	preg-week-33	2015-02-06	2026-04-05
163	2022-06-29	dx	ip	preg-week-33	2015-02-06	2026-04-05
163	2022-06-30	dx	ip	diab-preg	2015-02-06	2026-04-05
163	2022-06-30	tx_px	op	psy-thrp	2015-02-06	2026-04-05
163	2022-07-07	dx	op	hrp-care	2015-02-06	2026-04-05
163	2022-07-07	dx	op	diab-preg	2015-02-06	2026-04-05
163	2022-07-08	tx_px	op	psy-thrp	2015-02-06	2026-04-05
163	2022-07-14	dx	op	diab-preg	2015-02-06	2026-04-05
163	2022-07-14	tx_px	op	psy-thrp	2015-02-06	2026-04-05
163	2022-07-15	dx	op	diab-preg	2015-02-06	2026-04-05
163	2022-07-15	dx	op	hrp-care	2015-02-06	2026-04-05
163	2022-07-15	dx	ip	preg-week-35	2015-02-06	2026-04-05
163	2022-07-19	dx	op	diab-preg	2015-02-06	2026-04-05
163	2022-07-19	dx	op	compl-preg4	2015-02-06	2026-04-05
163	2022-07-19	dx	op	abrnl-fetus-care2	2015-02-06	2026-04-05
163	2022-07-21	dx	op	diab-preg	2015-02-06	2026-04-05
163	2022-07-22	dx	op	hrp-care	2015-02-06	2026-04-05
163	2022-07-22	dx	op	diab-preg	2015-02-06	2026-04-05
163	2022-07-22	dx	op	preg-week-36	2015-02-06	2026-04-05
163	2022-07-26	dx	ip	abrnl-fetus-care2	2015-02-06	2026-04-05
163	2022-07-26	dx	op	hrp-care	2015-02-06	2026-04-05
163	2022-07-26	dx	ip	diab-preg	2015-02-06	2026-04-05
163	2022-07-28	tx_px	ip	psy-thrp	2015-02-06	2026-04-05
163	2022-07-28	dx	op	diab-preg	2015-02-06	2026-04-05
163	2022-07-29	dx	op	diab-preg	2015-02-06	2026-04-05
163	2022-07-29	dx	op	hrp-care	2015-02-06	2026-04-05
163	2022-07-29	px	op	birth-px	2015-02-06	2026-04-05
163	2022-07-29	dx	op	preg-week-37	2015-02-06	2026-04-05
163	2022-07-29	dx	ip	birth-outcom	2015-02-06	2026-04-05
163	2022-07-29	dx	op	pe-hypert	2015-02-06	2026-04-05
163	2022-07-30	dx	op	m-hypert	2015-02-06	2026-04-05
163	2022-07-31	dx	op	m-hypert	2015-02-06	2026-04-05
163	2022-08-08	dx	op	post-care	2015-02-06	2026-04-05
163	2022-08-09	tx_px	op	psy-thrp	2015-02-06	2026-04-05
163	2022-08-17	tx_px	ip	psy-thrp	2015-02-06	2026-04-05
163	2022-08-25	tx_px	ip	psy-thrp	2015-02-06	2026-04-05
163	2022-09-15	tx_px	op	psy-thrp	2015-02-06	2026-04-05
163	2022-09-22	tx_px	ip	psy-thrp	2015-02-06	2026-04-05
163	2022-09-29	tx_px	op	psy-thrp	2015-02-06	2026-04-05
163	2022-10-07	tx_px	op	psy-thrp	2015-02-06	2026-04-05
163	2022-10-19	tx_px	op	psy-thrp	2015-02-06	2026-04-05
163	2022-11-04	dx	op	diab-preg	2015-02-06	2026-04-05
163	2022-11-10	tx_px	ip	psy-thrp	2015-02-06	2026-04-05
163	2022-11-17	tx_px	op	psy-thrp	2015-02-06	2026-04-05
163	2022-11-21	tx_px	op	psy-thrp	2015-02-06	2026-04-05
163	2022-12-02	tx_px	op	psy-thrp	2015-02-06	2026-04-05
163	2022-12-08	tx_px	op	psy-thrp	2015-02-06	2026-04-05
163	2022-12-15	tx_px	op	psy-thrp	2015-02-06	2026-04-05
163	2022-12-22	tx_px	ip	psy-thrp	2015-02-06	2026-04-05
163	2023-01-05	tx_px	op	psy-thrp	2015-02-06	2026-04-05
163	2023-01-12	tx_px	ip	psy-thrp	2015-02-06	2026-04-05
163	2023-01-19	tx_px	ip	psy-thrp	2015-02-06	2026-04-05
163	2023-01-26	tx_px	op	psy-thrp	2015-02-06	2026-04-05
163	2023-02-02	tx_px	op	psy-thrp	2015-02-06	2026-04-05
163	2023-02-09	tx_px	op	psy-thrp	2015-02-06	2026-04-05
163	2023-02-24	tx_px	op	psy-thrp	2015-02-06	2026-04-05
163	2023-03-02	tx_px	op	psy-thrp	2015-02-06	2026-04-05
163	2023-03-23	tx_px	op	psy-thrp	2015-02-06	2026-04-05
163	2023-03-30	tx_px	ip	psy-thrp	2015-02-06	2026-04-05
163	2023-04-06	tx_px	op	psy-thrp	2015-02-06	2026-04-05
163	2023-04-13	tx_px	op	psy-thrp	2015-02-06	2026-04-05
163	2023-04-20	tx_px	op	psy-thrp	2015-02-06	2026-04-05
163	2023-04-27	tx_px	op	psy-thrp	2015-02-06	2026-04-05
163	2023-05-04	tx_px	op	psy-thrp	2015-02-06	2026-04-05
163	2023-05-11	tx_px	op	psy-thrp	2015-02-06	2026-04-05
163	2023-05-25	tx_px	op	psy-thrp	2015-02-06	2026-04-05
163	2023-06-01	tx_px	op	psy-thrp	2015-02-06	2026-04-05
163	2023-06-08	tx_px	op	psy-thrp	2015-02-06	2026-04-05
163	2023-06-15	dx	op	mdd	2015-02-06	2026-04-05
163	2023-06-22	tx_px	op	psy-thrp	2015-02-06	2026-04-05
163	2023-06-22	dx	op	mdd	2015-02-06	2026-04-05
163	2023-06-29	dx	ip	mdd	2015-02-06	2026-04-05
163	2023-06-29	tx_px	op	psy-thrp	2015-02-06	2026-04-05
163	2023-06-30	dx	op	mdd	2015-02-06	2026-04-05
163	2023-07-03	dx	op	mdd	2015-02-06	2026-04-05
163	2023-07-06	dx	op	mdd	2015-02-06	2026-04-05
163	2023-07-06	tx_px	op	psy-thrp	2015-02-06	2026-04-05
163	2023-07-13	tx_px	op	psy-thrp	2015-02-06	2026-04-05
163	2023-07-20	tx_px	op	psy-thrp	2015-02-06	2026-04-05
163	2023-07-20	dx	op	mdd	2015-02-06	2026-04-05
163	2023-07-27	dx	op	mdd	2015-02-06	2026-04-05
163	2023-07-27	tx_px	ip	psy-thrp	2015-02-06	2026-04-05
163	2023-07-31	dx	op	mdd	2015-02-06	2026-04-05
163	2023-08-03	tx_px	op	psy-thrp	2015-02-06	2026-04-05
163	2023-08-03	dx	op	mdd	2015-02-06	2026-04-05
163	2023-08-10	dx	op	mdd	2015-02-06	2026-04-05
163	2023-08-10	tx_px	op	psy-thrp	2015-02-06	2026-04-05
163	2023-08-17	tx_px	op	psy-thrp	2015-02-06	2026-04-05
163	2023-08-17	dx	ip	mdd	2015-02-06	2026-04-05
163	2023-08-24	dx	op	mdd	2015-02-06	2026-04-05
163	2023-08-24	tx_px	op	psy-thrp	2015-02-06	2026-04-05
163	2023-08-31	dx	op	mdd	2015-02-06	2026-04-05
163	2023-08-31	tx_px	op	psy-thrp	2015-02-06	2026-04-05
163	2023-09-21	dx	ip	mdd	2015-02-06	2026-04-05
163	2023-09-21	tx_px	op	psy-thrp	2015-02-06	2026-04-05
163	2023-09-28	dx	op	mdd	2015-02-06	2026-04-05
163	2023-09-28	tx_px	ip	psy-thrp	2015-02-06	2026-04-05
163	2023-09-30	dx	op	mdd	2015-02-06	2026-04-05
163	2023-10-05	dx	op	mdd	2015-02-06	2026-04-05
163	2023-10-05	tx_px	op	psy-thrp	2015-02-06	2026-04-05
163	2023-10-12	tx_px	op	psy-thrp	2015-02-06	2026-04-05
163	2023-10-12	dx	ip	mdd	2015-02-06	2026-04-05
163	2023-10-19	dx	op	mdd	2015-02-06	2026-04-05
163	2023-10-19	tx_px	op	psy-thrp	2015-02-06	2026-04-05
163	2023-10-26	dx	op	mdd	2015-02-06	2026-04-05
163	2023-10-31	dx	op	mdd	2015-02-06	2026-04-05
163	2023-11-02	dx	op	mdd	2015-02-06	2026-04-05
163	2023-11-02	tx_px	op	psy-thrp	2015-02-06	2026-04-05
163	2023-11-09	dx	op	mdd	2015-02-06	2026-04-05
163	2023-11-09	tx_px	op	psy-thrp	2015-02-06	2026-04-05
163	2023-11-16	tx_px	op	psy-thrp	2015-02-06	2026-04-05
163	2023-11-21	dx	op	mdd	2015-02-06	2026-04-05
163	2023-11-21	tx_px	op	psy-thrp	2015-02-06	2026-04-05
163	2023-11-30	tx_px	op	psy-thrp	2015-02-06	2026-04-05
163	2023-11-30	dx	op	mdd	2015-02-06	2026-04-05
163	2023-12-07	dx	op	mdd	2015-02-06	2026-04-05
163	2023-12-07	tx_px	op	psy-thrp	2015-02-06	2026-04-05
163	2023-12-19	dx	op	mdd	2015-02-06	2026-04-05
163	2023-12-21	dx	op	mdd	2015-02-06	2026-04-05
163	2023-12-21	tx_px	op	psy-thrp	2015-02-06	2026-04-05
163	2023-12-28	tx_px	op	psy-thrp	2015-02-06	2026-04-05
163	2023-12-28	dx	op	mdd	2015-02-06	2026-04-05
163	2023-12-31	dx	ip	mdd	2015-02-06	2026-04-05
163	2024-01-04	tx_px	op	psy-thrp	2015-02-06	2026-04-05
163	2024-01-04	dx	op	mdd	2015-02-06	2026-04-05
163	2024-01-15	dx	ip	mdd	2015-02-06	2026-04-05
163	2024-01-18	dx	ip	mdd	2015-02-06	2026-04-05
163	2024-01-18	tx_px	op	psy-thrp	2015-02-06	2026-04-05
163	2024-01-25	tx_px	op	psy-thrp	2015-02-06	2026-04-05
163	2024-01-25	dx	op	mdd	2015-02-06	2026-04-05
163	2024-01-31	dx	op	mdd	2015-02-06	2026-04-05
163	2024-02-01	tx_px	ip	psy-thrp	2015-02-06	2026-04-05
163	2024-02-01	dx	op	mdd	2015-02-06	2026-04-05
163	2024-02-15	tx_px	op	psy-thrp	2015-02-06	2026-04-05
163	2024-02-15	dx	ip	mdd	2015-02-06	2026-04-05
163	2024-02-20	dx	ip	mdd	2015-02-06	2026-04-05
163	2024-02-22	dx	op	mdd	2015-02-06	2026-04-05
163	2024-02-22	tx_px	op	psy-thrp	2015-02-06	2026-04-05
163	2024-02-29	dx	op	mdd	2015-02-06	2026-04-05
163	2024-02-29	tx_px	op	psy-thrp	2015-02-06	2026-04-05
163	2024-03-07	tx_px	op	psy-thrp	2015-02-06	2026-04-05
163	2024-03-07	dx	op	mdd	2015-02-06	2026-04-05
163	2024-03-08	dx	op	mdd	2015-02-06	2026-04-05
163	2024-03-21	dx	op	mdd	2015-02-06	2026-04-05
163	2024-03-21	tx_px	op	psy-thrp	2015-02-06	2026-04-05
163	2024-03-28	tx_px	op	psy-thrp	2015-02-06	2026-04-05
163	2024-03-28	dx	op	mdd	2015-02-06	2026-04-05
163	2024-03-31	dx	op	mdd	2015-02-06	2026-04-05
163	2024-04-08	dx	op	mdd	2015-02-06	2026-04-05
163	2024-04-10	dx	ip	incidental, preg-unplnd	2015-02-06	2026-04-05
163	2024-04-11	dx	op	mdd	2015-02-06	2026-04-05
163	2024-04-11	tx_px	op	psy-thrp	2015-02-06	2026-04-05
163	2024-04-30	dx	ip	mdd	2015-02-06	2026-04-05
163	2024-05-02	tx_px	op	psy-thrp	2015-02-06	2026-04-05
163	2024-05-02	dx	op	mdd	2015-02-06	2026-04-05
163	2024-05-10	tx_px	ip	psy-thrp	2015-02-06	2026-04-05
163	2024-05-10	dx	op	mdd	2015-02-06	2026-04-05
163	2024-05-14	dx	op	hrp-care	2015-02-06	2026-04-05
163	2024-05-14	dx	op	preg-week-09	2015-02-06	2026-04-05
163	2024-05-16	tx_px	op	psy-thrp	2015-02-06	2026-04-05
163	2024-05-16	dx	op	mdd	2015-02-06	2026-04-05
163	2024-05-21	dx	op	compl-preg4	2015-02-06	2026-04-05
163	2024-05-30	tx_px	op	psy-thrp	2015-02-06	2026-04-05
163	2024-05-30	dx	op	mdd	2015-02-06	2026-04-05
163	2024-05-31	dx	op	mdd	2015-02-06	2026-04-05
163	2024-06-06	tx_px	op	psy-thrp	2015-02-06	2026-04-05
163	2024-06-06	dx	op	mdd	2015-02-06	2026-04-05
163	2024-06-13	tx_px	op	psy-thrp	2015-02-06	2026-04-05
163	2024-06-13	dx	op	mdd	2015-02-06	2026-04-05
163	2024-06-17	dx	op	mdd	2015-02-06	2026-04-05
163	2024-06-20	tx_px	op	psy-thrp	2015-02-06	2026-04-05
163	2024-06-20	dx	op	mdd	2015-02-06	2026-04-05
163	2024-06-26	dx	op	m-hypert	2015-02-06	2026-04-05
163	2024-06-26	dx	op	hrp-care	2015-02-06	2026-04-05
163	2024-06-26	dx	op	ant-scrn	2015-02-06	2026-04-05
163	2024-06-27	dx	op	mdd	2015-02-06	2026-04-05
163	2024-06-27	tx_px	ip	psy-thrp	2015-02-06	2026-04-05
163	2024-06-30	dx	ip	mdd	2015-02-06	2026-04-05
163	2024-07-04	tx_px	op	psy-thrp	2015-02-06	2026-04-05
163	2024-07-04	dx	op	mdd	2015-02-06	2026-04-05
163	2024-07-09	dx	op	m-hypert	2015-02-06	2026-04-05
163	2024-07-09	dx	op	hrp-care	2015-02-06	2026-04-05
163	2024-07-11	dx	op	mdd	2015-02-06	2026-04-05
163	2024-07-11	tx_px	op	psy-thrp	2015-02-06	2026-04-05
163	2024-07-17	dx	op	hrp-care	2015-02-06	2026-04-05
163	2024-07-17	dx	op	m-hypert	2015-02-06	2026-04-05
163	2024-07-17	dx	op	preg-week-18	2015-02-06	2026-04-05
163	2024-07-24	dx	op	mdd	2015-02-06	2026-04-05
163	2024-07-25	tx_px	op	psy-thrp	2015-02-06	2026-04-05
163	2024-07-25	dx	op	mdd	2015-02-06	2026-04-05
163	2024-07-31	dx	ip	preg-week-20	2015-02-06	2026-04-05
163	2024-07-31	dx	op	compl-preg4	2015-02-06	2026-04-05
163	2024-07-31	dx	op	mdd	2015-02-06	2026-04-05
163	2024-07-31	dx	op	ant-scrn	2015-02-06	2026-04-05
163	2024-08-01	tx_px	op	psy-thrp	2015-02-06	2026-04-05
163	2024-08-01	dx	op	mdd	2015-02-06	2026-04-05
163	2024-08-08	tx_px	op	psy-thrp	2015-02-06	2026-04-05
163	2024-08-08	dx	ip	mdd	2015-02-06	2026-04-05
163	2024-08-19	dx	op	hrp-care	2015-02-06	2026-04-05
163	2024-08-19	dx	op	m-hypert	2015-02-06	2026-04-05
163	2024-08-19	dx	op	preg-week-23	2015-02-06	2026-04-05
163	2024-08-22	tx_px	op	psy-thrp	2015-02-06	2026-04-05
163	2024-08-22	dx	op	mdd	2015-02-06	2026-04-05
163	2024-08-23	dx	op	mdd	2015-02-06	2026-04-05
163	2024-08-31	dx	op	mdd	2015-02-06	2026-04-05
163	2024-09-05	tx_px	op	psy-thrp	2015-02-06	2026-04-05
163	2024-09-05	dx	op	mdd	2015-02-06	2026-04-05
163	2024-09-17	dx	ip	preg-week-27	2015-02-06	2026-04-05
163	2024-09-17	dx	op	m-hypert	2015-02-06	2026-04-05
163	2024-09-17	dx	op	hrp-care	2015-02-06	2026-04-05
163	2024-09-24	dx	op	compl-preg4	2015-02-06	2026-04-05
163	2024-09-24	dx	ip	ant-scrn	2015-02-06	2026-04-05
163	2024-09-24	dx	op	preg-week-28	2015-02-06	2026-04-05
163	2024-09-24	dx	op	m-hypert	2015-02-06	2026-04-05
163	2024-09-24	dx	op	hrp-care	2015-02-06	2026-04-05
163	2024-09-30	dx	op	mdd	2015-02-06	2026-04-05
163	2024-10-15	dx	op	hrp-care	2015-02-06	2026-04-05
163	2024-10-15	dx	op	compl-preg4	2015-02-06	2026-04-05
163	2024-10-15	dx	op	m-hypert	2015-02-06	2026-04-05
163	2024-10-15	dx	op	preg-week-31	2015-02-06	2026-04-05
163	2024-10-17	dx	op	mdd	2015-02-06	2026-04-05
163	2024-10-17	tx_px	ip	psy-thrp	2015-02-06	2026-04-05
163	2024-10-18	dx	op	mdd	2015-02-06	2026-04-05
163	2024-10-22	dx	op	m-hypert	2015-02-06	2026-04-05
163	2024-10-22	dx	op	compl-preg4	2015-02-06	2026-04-05
163	2024-10-22	dx	op	hrp-care	2015-02-06	2026-04-05
163	2024-10-29	dx	op	hrp-care	2015-02-06	2026-04-05
163	2024-10-29	dx	op	m-hypert	2015-02-06	2026-04-05
163	2024-10-29	dx	op	abrnl-fetus-care2	2015-02-06	2026-04-05
163	2024-10-29	dx	ip	compl-preg4	2015-02-06	2026-04-05
163	2024-10-29	dx	op	preg-week-33	2015-02-06	2026-04-05
163	2024-10-31	dx	op	mdd	2015-02-06	2026-04-05
163	2024-11-04	dx	op	mdd	2015-02-06	2026-04-05
163	2024-11-04	tx_px	op	psy-thrp	2015-02-06	2026-04-05
163	2024-11-05	dx	op	m-hypert	2015-02-06	2026-04-05
163	2024-11-05	dx	op	hrp-care	2015-02-06	2026-04-05
163	2024-11-05	dx	op	ant-scrn	2015-02-06	2026-04-05
163	2024-11-05	dx	op	compl-preg4	2015-02-06	2026-04-05
163	2024-11-12	dx	op	compl-preg4	2015-02-06	2026-04-05
163	2024-11-12	dx	op	ant-scrn	2015-02-06	2026-04-05
163	2024-11-12	dx	op	m-hypert	2015-02-06	2026-04-05
163	2024-11-12	dx	op	hrp-care	2015-02-06	2026-04-05
163	2024-11-12	dx	op	abrnl-fetus-care2	2015-02-06	2026-04-05
163	2024-11-12	dx	op	preg-week-35	2015-02-06	2026-04-05
163	2024-11-19	dx	op	m-hypert	2015-02-06	2026-04-05
163	2024-11-19	dx	op	ant-scrn	2015-02-06	2026-04-05
163	2024-11-19	dx	op	abrnl-fetus-care2	2015-02-06	2026-04-05
163	2024-11-19	dx	op	preg-week-36	2015-02-06	2026-04-05
163	2024-11-19	dx	op	compl-preg4	2015-02-06	2026-04-05
163	2024-11-19	dx	op	hrp-care	2015-02-06	2026-04-05
163	2024-11-26	dx	ip	preg-week-37	2015-02-06	2026-04-05
163	2024-11-26	dx	ip	hrp-care	2015-02-06	2026-04-05
163	2024-11-26	dx	ip	ant-scrn	2015-02-06	2026-04-05
163	2024-11-26	dx	op	compl-preg4	2015-02-06	2026-04-05
163	2024-11-26	dx	ip	compl-preg4	2015-02-06	2026-04-05
163	2024-11-26	dx	op	m-hypert	2015-02-06	2026-04-05
163	2024-11-30	dx	op	mdd	2015-02-06	2026-04-05
163	2024-12-01	dx	op	birth-outcom	2015-02-06	2026-04-05
163	2024-12-01	dx	op	compl-preg4	2015-02-06	2026-04-05
163	2024-12-01	dx	op	m-hypert	2015-02-06	2026-04-05
163	2024-12-01	px	op	birth-px	2015-02-06	2026-04-05
163	2024-12-01	dx	op	preg-week-38	2015-02-06	2026-04-05
163	2024-12-01	dx	op	hrp-care	2015-02-06	2026-04-05
163	2024-12-02	dx	ip	preg-week-38	2015-02-06	2026-04-05
163	2024-12-02	dx	op	birth	2015-02-06	2026-04-05
163	2024-12-03	dx	op	preg-week-38	2015-02-06	2026-04-05
163	2024-12-03	dx	op	birth	2015-02-06	2026-04-05
163	2024-12-10	dx	ip	post-care	2015-02-06	2026-04-05
163	2024-12-12	dx	ip	mdd	2015-02-06	2026-04-05
163	2024-12-12	tx_px	op	psy-thrp	2015-02-06	2026-04-05
163	2024-12-19	tx_px	op	psy-thrp	2015-02-06	2026-04-05
163	2024-12-19	dx	op	mdd	2015-02-06	2026-04-05
163	2024-12-31	dx	op	mdd	2015-02-06	2026-04-05
163	2025-01-07	dx	op	post-care	2015-02-06	2026-04-05
163	2025-01-09	dx	op	mdd	2015-02-06	2026-04-05
163	2025-01-09	tx_px	op	psy-thrp	2015-02-06	2026-04-05
163	2025-01-23	tx_px	op	psy-thrp	2015-02-06	2026-04-05
163	2025-01-23	dx	op	mdd	2015-02-06	2026-04-05
163	2025-01-30	tx_px	op	psy-thrp	2015-02-06	2026-04-05
163	2025-01-30	dx	op	mdd	2015-02-06	2026-04-05
163	2025-02-20	tx_px	op	psy-thrp	2015-02-06	2026-04-05
163	2025-02-20	dx	op	mdd	2015-02-06	2026-04-05
163	2025-02-27	dx	op	mdd	2015-02-06	2026-04-05
163	2025-02-27	tx_px	op	psy-thrp	2015-02-06	2026-04-05
163	2025-02-28	dx	op	mdd	2015-02-06	2026-04-05
163	2025-03-13	dx	ip	mdd	2015-02-06	2026-04-05
163	2025-03-13	tx_px	op	psy-thrp	2015-02-06	2026-04-05
163	2025-03-17	dx	op	post-care	2015-02-06	2026-04-05
163	2025-03-27	tx_px	op	psy-thrp	2015-02-06	2026-04-05
163	2025-03-27	dx	op	mdd	2015-02-06	2026-04-05
163	2025-03-31	dx	op	mdd	2015-02-06	2026-04-05
163	2025-04-10	dx	op	mdd	2015-02-06	2026-04-05
163	2025-04-10	tx_px	ip	psy-thrp	2015-02-06	2026-04-05
163	2025-04-17	dx	op	mdd	2015-02-06	2026-04-05
163	2025-04-17	tx_px	ip	psy-thrp	2015-02-06	2026-04-05
163	2025-05-01	tx_px	op	psy-thrp	2015-02-06	2026-04-05
163	2025-05-01	dx	op	mdd	2015-02-06	2026-04-05
163	2025-05-15	tx_px	op	psy-thrp	2015-02-06	2026-04-05
163	2025-05-15	dx	ip	mdd	2015-02-06	2026-04-05
164	2024-03-20	px	op	ppd-scrn	2024-11-16	2026-06-12
164	2024-04-25	px	op	ppd-scrn	2024-11-16	2026-06-12
164	2024-05-30	px	op	ppd-scrn	2024-11-16	2026-06-12
164	2024-06-27	px	ip	ppd-scrn	2024-11-16	2026-06-12
164	2024-06-28	dx	op	incidental, preg-unplnd	2024-11-16	2026-06-12
164	2024-07-10	dx	op	hrp-care	2024-11-16	2026-06-12
164	2024-07-10	dx	op	abrnl-fetus-care2	2024-11-16	2026-06-12
164	2024-07-29	dx	op	hemo-preg	2024-11-16	2026-06-12
164	2024-07-29	dx	op	hrp-care	2024-11-16	2026-06-12
164	2024-07-31	px	op	ppd-scrn	2024-11-16	2026-06-12
164	2024-08-05	dx	op	hrp-care	2024-11-16	2026-06-12
164	2024-08-14	dx	ip	hrp-care	2024-11-16	2026-06-12
164	2024-08-14	dx	op	hemo-preg	2024-11-16	2026-06-12
164	2024-09-11	dx	op	ant-scrn	2024-11-16	2026-06-12
164	2024-09-11	dx	op	hrp-care	2024-11-16	2026-06-12
164	2024-09-11	dx	ip	preg-care	2024-11-16	2026-06-12
164	2024-09-30	dx	op	hemo-preg	2024-11-16	2026-06-12
164	2024-09-30	dx	op	hrp-care	2024-11-16	2026-06-12
164	2024-09-30	dx	op	ant-scrn	2024-11-16	2026-06-12
164	2024-10-30	dx	op	preg-care	2024-11-16	2026-06-12
164	2024-11-27	dx	ip	preg-care	2024-11-16	2026-06-12
164	2024-12-18	dx	op	hrp-care	2024-11-16	2026-06-12
164	2025-01-15	dx	op	hrp-care	2024-11-16	2026-06-12
164	2025-01-15	dx	op	preg-care	2024-11-16	2026-06-12
164	2025-01-22	dx	op	hrp-care	2024-11-16	2026-06-12
164	2025-01-29	dx	ip	hrp-care	2024-11-16	2026-06-12
164	2025-02-05	dx	op	hrp-care	2024-11-16	2026-06-12
164	2025-02-12	dx	op	hrp-care	2024-11-16	2026-06-12
164	2025-02-15	px	op	birth-px	2024-11-16	2026-06-12
164	2025-02-15	dx	op	preg-week-39	2024-11-16	2026-06-12
165	2022-05-08	dx	op	mdd	2016-08-14	2026-10-30
165	2022-05-09	dx	op	r-mdd	2016-08-14	2026-10-30
165	2022-05-09	dx	op	mdd	2016-08-14	2026-10-30
165	2022-05-10	dx	op	r-mdd	2016-08-14	2026-10-30
165	2022-05-11	dx	op	r-mdd	2016-08-14	2026-10-30
165	2022-05-12	dx	ip	r-mdd	2016-08-14	2026-10-30
165	2022-05-13	dx	op	r-mdd	2016-08-14	2026-10-30
165	2022-05-14	dx	op	r-mdd	2016-08-14	2026-10-30
165	2023-12-04	dx	ip	spl-scrn	2016-08-14	2026-10-30
165	2024-05-19	dx	op	preg-week-28	2016-08-14	2026-10-30
165	2024-05-19	dx	op	compl-preg4	2016-08-14	2026-10-30
165	2024-06-04	dx	ip	preg-care	2016-08-14	2026-10-30
165	2024-06-21	dx	op	preg-week-32	2016-08-14	2026-10-30
165	2024-06-27	dx	op	preg-care	2016-08-14	2026-10-30
165	2024-07-11	dx	op	preg-care	2016-08-14	2026-10-30
165	2024-07-23	dx	op	preg-care	2016-08-14	2026-10-30
165	2024-07-30	dx	op	preg-care	2016-08-14	2026-10-30
165	2024-08-01	dx	op	birth-outcom	2016-08-14	2026-10-30
165	2024-08-01	px	op	birth-px	2016-08-14	2026-10-30
165	2024-08-01	dx	ip	compl-preg4	2016-08-14	2026-10-30
165	2024-08-01	dx	op	preg-week-38	2016-08-14	2026-10-30
165	2024-09-18	dx	ip	compl-preg4	2016-08-14	2026-10-30
165	2024-09-18	px	op	birth-px	2016-08-14	2026-10-30
165	2024-09-18	dx	op	post-care	2016-08-14	2026-10-30
165	2024-09-18	dx	op	ppd	2016-08-14	2026-10-30
166	2022-01-26	dx	op	abrnl-fetus-care1	2013-01-26	2026-08-15
166	2022-01-26	dx	op	compl-preg4	2013-01-26	2026-08-15
166	2022-01-26	dx	op	ant-scrn	2013-01-26	2026-08-15
166	2022-01-26	dx	op	hrp-care	2013-01-26	2026-08-15
166	2022-01-26	dx	op	preg-week-19	2013-01-26	2026-08-15
166	2023-08-18	dx	op	hrp-care	2013-01-26	2026-08-15
166	2023-08-18	dx	op	preg-care	2013-01-26	2026-08-15
166	2023-09-27	dx	op	hrp-care	2013-01-26	2026-08-15
166	2023-10-03	dx	op	hrp-care	2013-01-26	2026-08-15
166	2023-10-03	dx	op	preg-week-27	2013-01-26	2026-08-15
166	2023-10-25	dx	op	hrp-care	2013-01-26	2026-08-15
166	2023-11-07	dx	op	hrp-care	2013-01-26	2026-08-15
166	2023-11-07	dx	op	preg-week-32	2013-01-26	2026-08-15
166	2023-11-08	dx	op	hrp-care	2013-01-26	2026-08-15
166	2023-11-21	dx	ip	hrp-care	2013-01-26	2026-08-15
166	2023-12-12	dx	op	preg-week-37	2013-01-26	2026-08-15
166	2023-12-12	dx	ip	hrp-care	2013-01-26	2026-08-15
166	2023-12-21	dx	op	preg-care	2013-01-26	2026-08-15
166	2023-12-26	dx	op	trauma	2013-01-26	2026-08-15
166	2023-12-26	dx	op	birth	2013-01-26	2026-08-15
166	2023-12-26	dx	ip	birth-outcom	2013-01-26	2026-08-15
166	2023-12-26	dx	op	preg-week-39	2013-01-26	2026-08-15
166	2023-12-27	dx	ip	birth-outcom	2013-01-26	2026-08-15
166	2023-12-27	px	op	birth-px	2013-01-26	2026-08-15
166	2023-12-27	dx	ip	birth	2013-01-26	2026-08-15
166	2023-12-28	dx	op	birth	2013-01-26	2026-08-15
166	2023-12-29	dx	ip	birth	2013-01-26	2026-08-15
166	2024-08-12	dx	ip	s-abort	2013-01-26	2026-08-15
166	2024-08-12	dx	op	s-abort	2013-01-26	2026-08-15
166	2024-08-12	dx	op	hemo-post	2013-01-26	2026-08-15
166	2024-09-05	dx	op	s-abort	2013-01-26	2026-08-15
167	2024-08-07	dx	op	preg-care	2012-01-27	2026-05-22
167	2024-08-07	px	op	birth-px	2012-01-27	2026-05-22
167	2024-08-07	dx	op	spl-scrn	2012-01-27	2026-05-22
167	2024-08-07	dx	op	preg-week-09	2012-01-27	2026-05-22
167	2024-08-13	dx	op	preg-care	2012-01-27	2026-05-22
167	2024-08-13	dx	op	preg-week-10	2012-01-27	2026-05-22
167	2024-08-26	dx	ip	hemo-preg	2012-01-27	2026-05-22
167	2024-09-13	dx	op	preg-care	2012-01-27	2026-05-22
167	2024-09-13	dx	ip	preg-week-15	2012-01-27	2026-05-22
167	2024-09-30	dx	op	preg-week-17	2012-01-27	2026-05-22
167	2024-09-30	dx	op	preg-care	2012-01-27	2026-05-22
167	2024-12-16	dx	ip	preg-care	2012-01-27	2026-05-22
167	2024-12-16	dx	op	preg-week-28	2012-01-27	2026-05-22
167	2025-02-28	px	op	birth-px	2012-01-27	2026-05-22
167	2025-02-28	dx	op	birth-outcom	2012-01-27	2026-05-22
167	2025-04-14	dx	op	spl-scrn	2012-01-27	2026-05-22
167	2025-04-14	px	op	birth-px	2012-01-27	2026-05-22
168	2023-07-06	px	op	birth-px	2021-09-28	2026-08-09
168	2024-08-08	px	op	birth-px	2021-09-28	2026-08-09
168	2024-08-09	dx	op	mdd	2021-09-28	2026-08-09
168	2024-09-04	dx	op	mdd	2021-09-28	2026-08-09
168	2024-09-16	dx	op	mdd	2021-09-28	2026-08-09
168	2024-10-02	dx	op	mdd	2021-09-28	2026-08-09
168	2024-10-24	tx_rx	pharmacy	SERTRALINE	2021-09-28	2026-08-09
168	2024-11-06	dx	op	mdd	2021-09-28	2026-08-09
168	2024-12-04	dx	op	mdd	2021-09-28	2026-08-09
168	2024-12-19	tx_rx	pharmacy	SERTRALINE	2021-09-28	2026-08-09
168	2025-03-03	dx	op	mdd	2021-09-28	2026-08-09
168	2025-03-18	dx	op	preg-care	2021-09-28	2026-08-09
168	2025-03-20	dx	op	compl-preg4	2021-09-28	2026-08-09
168	2025-03-20	dx	op	hrp-care	2021-09-28	2026-08-09
168	2025-03-20	dx	op	preg-care	2021-09-28	2026-08-09
168	2025-04-10	dx	op	ant-scrn	2021-09-28	2026-08-09
168	2025-04-10	dx	op	preg-week-21	2021-09-28	2026-08-09
168	2025-04-21	dx	op	compl-preg4	2021-09-28	2026-08-09
168	2025-04-24	dx	op	mdd	2021-09-28	2026-08-09
168	2025-05-06	dx	op	mdd	2021-09-28	2026-08-09
168	2025-05-21	dx	op	compl-preg4	2021-09-28	2026-08-09
168	2025-05-24	dx	op	preg-week-27	2021-09-28	2026-08-09
169	2024-03-12	dx	op	hrp-care	2024-01-31	2026-04-16
169	2024-03-21	dx	op	hrp-care	2024-01-31	2026-04-16
169	2024-03-21	dx	ip	compl-preg4	2024-01-31	2026-04-16
169	2024-03-26	dx	op	hrp-care	2024-01-31	2026-04-16
169	2024-03-26	dx	ip	other-history	2024-01-31	2026-04-16
169	2024-03-26	dx	op	compl-preg4	2024-01-31	2026-04-16
169	2024-03-26	dx	op	preg-week-18	2024-01-31	2026-04-16
169	2024-04-01	dx	op	preg-week-19	2024-01-31	2026-04-16
169	2024-04-18	dx	ip	abrnl-preg2	2024-01-31	2026-04-16
169	2024-04-26	dx	op	preg-week-20	2024-01-31	2026-04-16
169	2024-04-27	dx	op	preg-week-20	2024-01-31	2026-04-16
169	2024-05-08	dx	op	compl-preg4	2024-01-31	2026-04-16
169	2024-05-08	dx	ip	compl-preg4	2024-01-31	2026-04-16
169	2024-05-08	dx	ip	other-history	2024-01-31	2026-04-16
169	2024-05-16	dx	op	preg-week-36	2024-01-31	2026-04-16
169	2024-05-16	dx	op	hrp-care	2024-01-31	2026-04-16
169	2024-05-16	dx	op	preg-week-26	2024-01-31	2026-04-16
169	2024-05-17	dx	op	ant-scrn	2024-01-31	2026-04-16
169	2024-05-17	dx	ip	compl-preg4	2024-01-31	2026-04-16
169	2024-05-17	dx	op	preg-week-25	2024-01-31	2026-04-16
169	2024-05-23	dx	op	hrp-care	2024-01-31	2026-04-16
169	2024-06-01	dx	op	hrp-care	2024-01-31	2026-04-16
169	2024-06-20	dx	op	compl-preg4	2024-01-31	2026-04-16
169	2024-06-20	dx	ip	hrp-care	2024-01-31	2026-04-16
169	2024-07-02	dx	op	compl-preg4	2024-01-31	2026-04-16
169	2024-07-02	dx	op	hrp-care	2024-01-31	2026-04-16
169	2024-07-02	dx	op	preg-week-18	2024-01-31	2026-04-16
169	2024-07-16	dx	op	hrp-care	2024-01-31	2026-04-16
169	2024-07-16	dx	op	compl-preg4	2024-01-31	2026-04-16
169	2024-07-16	dx	ip	hrp-care	2024-01-31	2026-04-16
169	2024-07-24	dx	ip	hrp-care	2024-01-31	2026-04-16
169	2024-07-24	dx	op	compl-preg4	2024-01-31	2026-04-16
169	2024-07-25	dx	op	preg-week-36	2024-01-31	2026-04-16
169	2024-07-31	dx	op	compl-preg4	2024-01-31	2026-04-16
169	2024-08-01	dx	op	compl-preg4	2024-01-31	2026-04-16
169	2024-08-01	dx	op	preg-week-37	2024-01-31	2026-04-16
169	2024-08-02	px	op	birth-px	2024-01-31	2026-04-16
169	2024-08-02	dx	op	hrp-care	2024-01-31	2026-04-16
169	2024-08-02	dx	op	compl-preg4	2024-01-31	2026-04-16
170	2024-10-22	dx	ip	preg-care	2011-02-09	2026-12-22
170	2024-12-10	dx	ip	preg-care	2011-02-09	2026-12-22
170	2025-02-10	dx	ip	preg-week-00	2011-02-09	2026-12-22
170	2025-02-10	dx	op	preg-care	2011-02-09	2026-12-22
170	2025-03-10	dx	op	preg-week-39	2011-02-09	2026-12-22
170	2025-03-10	dx	ip	birth-outcom	2011-02-09	2026-12-22
170	2025-03-10	px	op	birth-px	2011-02-09	2026-12-22
171	2022-05-29	dx	ip	s-abort	2011-07-05	2026-11-19
171	2023-06-28	dx	ip	abrnl-fetus-care2	2011-07-05	2026-11-19
171	2023-06-29	px	op	ppd-scrn	2011-07-05	2026-11-19
171	2023-07-07	px	op	birth-px	2011-07-05	2026-11-19
171	2023-07-07	dx	op	incidental, preg-unplnd	2011-07-05	2026-11-19
171	2025-03-08	dx	op	preg-week-41	2011-07-05	2026-11-19
171	2025-03-08	dx	ip	birth-outcom	2011-07-05	2026-11-19
172	2023-08-23	dx	op	preg-week-01	2019-10-13	2026-07-05
172	2023-08-23	dx	op	vomit-preg	2019-10-13	2026-07-05
172	2023-08-25	dx	op	preg-week-00	2019-10-13	2026-07-05
172	2023-08-25	dx	op	compl-preg4	2019-10-13	2026-07-05
172	2023-09-20	dx	op	preg-care	2019-10-13	2026-07-05
172	2023-10-18	dx	op	preg-care	2019-10-13	2026-07-05
172	2023-11-08	dx	op	hrp-care	2019-10-13	2026-07-05
172	2023-11-29	dx	op	preg-care	2019-10-13	2026-07-05
172	2023-12-27	dx	ip	preg-care	2019-10-13	2026-07-05
172	2024-01-24	dx	op	preg-care	2019-10-13	2026-07-05
172	2024-02-07	dx	op	preg-care	2019-10-13	2026-07-05
172	2024-02-21	dx	ip	preg-care	2019-10-13	2026-07-05
172	2024-03-06	dx	op	preg-care	2019-10-13	2026-07-05
172	2024-03-13	dx	op	preg-care	2019-10-13	2026-07-05
172	2024-03-15	dx	ip	ant-scrn	2019-10-13	2026-07-05
172	2024-03-20	dx	op	preg-care	2019-10-13	2026-07-05
172	2024-03-27	dx	op	preg-care	2019-10-13	2026-07-05
172	2024-03-28	dx	op	compl-preg4	2019-10-13	2026-07-05
172	2024-03-28	dx	ip	preg-week-38	2019-10-13	2026-07-05
172	2024-04-03	dx	op	preg-care	2019-10-13	2026-07-05
172	2024-04-10	dx	ip	preg-care	2019-10-13	2026-07-05
172	2024-04-13	dx	op	preg-week-41	2019-10-13	2026-07-05
172	2024-04-17	dx	ip	birth-outcom	2019-10-13	2026-07-05
172	2024-04-18	dx	op	birth-outcom	2019-10-13	2026-07-05
172	2024-04-18	dx	op	incidental, preg-unplnd	2019-10-13	2026-07-05
172	2024-04-18	dx	op	preg-week-41	2019-10-13	2026-07-05
172	2024-04-18	dx	op	birth	2019-10-13	2026-07-05
172	2024-04-18	px	op	birth-px	2019-10-13	2026-07-05
172	2024-05-29	dx	ip	post-care	2019-10-13	2026-07-05
172	2024-11-20	dx	ip	s-abort	2019-10-13	2026-07-05
173	2022-02-28	dx	op	hrp-care	2024-09-12	2026-10-09
173	2022-03-07	dx	op	hrp-care	2024-09-12	2026-10-09
173	2022-03-20	dx	op	hrp-care	2024-09-12	2026-10-09
173	2022-03-23	dx	op	hrp-care	2024-09-12	2026-10-09
173	2022-05-24	tx_px	op	psy-thrp	2024-09-12	2026-10-09
173	2022-05-25	px	ip	birth-px	2024-09-12	2026-10-09
173	2022-06-01	tx_px	op	psy-thrp	2024-09-12	2026-10-09
173	2022-06-08	tx_px	op	psy-thrp	2024-09-12	2026-10-09
173	2022-06-15	tx_px	op	psy-thrp	2024-09-12	2026-10-09
173	2022-07-06	tx_px	op	psy-thrp	2024-09-12	2026-10-09
173	2022-07-20	tx_px	op	psy-thrp	2024-09-12	2026-10-09
173	2022-08-03	tx_px	op	psy-thrp	2024-09-12	2026-10-09
173	2022-08-10	tx_px	op	psy-thrp	2024-09-12	2026-10-09
173	2022-08-17	tx_px	op	psy-thrp	2024-09-12	2026-10-09
173	2022-09-14	tx_px	op	psy-thrp	2024-09-12	2026-10-09
173	2022-09-28	tx_px	op	psy-thrp	2024-09-12	2026-10-09
173	2022-10-12	tx_px	op	psy-thrp	2024-09-12	2026-10-09
173	2022-10-26	tx_px	op	psy-thrp	2024-09-12	2026-10-09
173	2022-11-09	tx_px	op	psy-thrp	2024-09-12	2026-10-09
173	2022-11-23	tx_px	ip	psy-thrp	2024-09-12	2026-10-09
173	2022-12-07	tx_px	op	psy-thrp	2024-09-12	2026-10-09
173	2022-12-21	tx_px	op	psy-thrp	2024-09-12	2026-10-09
173	2023-01-04	tx_px	ip	psy-thrp	2024-09-12	2026-10-09
173	2023-01-25	tx_px	op	psy-thrp	2024-09-12	2026-10-09
173	2023-03-01	tx_px	op	psy-thrp	2024-09-12	2026-10-09
173	2024-08-02	dx	ip	preg-care	2024-09-12	2026-10-09
173	2024-12-12	tx_rx	pharmacy	BUPROPION	2024-09-12	2026-10-09
173	2025-02-16	px	op	birth-px	2024-09-12	2026-10-09
173	2025-02-16	dx	ip	c-birth	2024-09-12	2026-10-09
173	2025-04-14	tx_rx	pharmacy	ESCITALOPRAM	2024-09-12	2026-10-09
174	2023-11-17	px	ip	ppd-scrn	2024-08-30	2026-08-07
174	2023-11-17	px	op	birth-px	2024-08-30	2026-08-07
174	2023-11-17	dx	ip	spl-scrn	2024-08-30	2026-08-07
174	2023-12-14	dx	op	abrnl-fetus-care2	2024-08-30	2026-08-07
174	2024-04-11	dx	op	abrnl-fetus-care2	2024-08-30	2026-08-07
174	2024-04-11	dx	op	preg-week-13	2024-08-30	2026-08-07
174	2024-04-11	dx	ip	abrnl-fetus-care1	2024-08-30	2026-08-07
174	2024-04-12	dx	op	abrnl-fetus-care1	2024-08-30	2026-08-07
174	2024-04-12	dx	op	abrnl-preg2	2024-08-30	2026-08-07
174	2024-04-12	dx	ip	preg-week-13	2024-08-30	2026-08-07
174	2024-04-25	dx	op	abrnl-fetus-care1	2024-08-30	2026-08-07
174	2024-04-25	dx	op	abrnl-preg2	2024-08-30	2026-08-07
174	2024-04-25	dx	ip	preg-week-15	2024-08-30	2026-08-07
174	2024-04-25	dx	op	hrp-care	2024-08-30	2026-08-07
174	2024-05-30	dx	op	abrnl-preg2	2024-08-30	2026-08-07
174	2024-05-30	dx	op	preg-week-20	2024-08-30	2026-08-07
174	2024-05-30	dx	op	abrnl-fetus-care1	2024-08-30	2026-08-07
174	2024-06-18	dx	op	abrnl-fetus-care1	2024-08-30	2026-08-07
174	2024-06-18	dx	ip	abrnl-preg2	2024-08-30	2026-08-07
174	2024-06-18	dx	op	preg-week-22	2024-08-30	2026-08-07
174	2024-08-29	dx	ip	abrnl-fetus-care2	2024-08-30	2026-08-07
174	2024-08-29	dx	op	preg-week-33	2024-08-30	2026-08-07
174	2024-09-13	dx	op	spl-scrn	2024-08-30	2026-08-07
174	2024-09-24	dx	op	compl-preg4	2024-08-30	2026-08-07
174	2024-09-24	dx	ip	abrnl-fetus-care2	2024-08-30	2026-08-07
174	2024-09-25	dx	op	compl-preg4	2024-08-30	2026-08-07
174	2024-10-09	dx	op	birth-outcom	2024-08-30	2026-08-07
174	2024-10-09	dx	op	preg-week-39	2024-08-30	2026-08-07
174	2024-11-26	dx	op	spl-scrn	2024-08-30	2026-08-07
175	2024-05-30	dx	op	preg-care	2021-09-25	2026-12-24
175	2024-05-31	dx	op	preg-care	2021-09-25	2026-12-24
175	2024-06-03	dx	op	preg-care	2021-09-25	2026-12-24
175	2024-06-04	dx	op	preg-care	2021-09-25	2026-12-24
175	2024-06-24	dx	op	compl-preg4	2021-09-25	2026-12-24
175	2024-06-25	dx	op	ant-scrn	2021-09-25	2026-12-24
175	2024-06-25	dx	op	hrp-care	2021-09-25	2026-12-24
175	2024-06-27	dx	op	preg-care	2021-09-25	2026-12-24
175	2024-07-01	dx	op	preg-care	2021-09-25	2026-12-24
175	2024-07-01	dx	ip	preg-care	2021-09-25	2026-12-24
175	2024-07-03	dx	ip	preg-care	2021-09-25	2026-12-24
175	2024-07-08	dx	op	preg-care	2021-09-25	2026-12-24
175	2024-07-11	dx	op	preg-care	2021-09-25	2026-12-24
175	2024-07-16	dx	op	preg-care	2021-09-25	2026-12-24
175	2024-07-25	dx	op	compl-preg4	2021-09-25	2026-12-24
175	2024-07-29	dx	op	preg-week-13	2021-09-25	2026-12-24
175	2024-07-29	dx	op	ant-scrn	2021-09-25	2026-12-24
175	2024-08-22	dx	op	compl-preg4	2021-09-25	2026-12-24
175	2024-09-05	dx	op	ant-scrn	2021-09-25	2026-12-24
175	2024-09-05	dx	op	hrp-care	2021-09-25	2026-12-24
175	2024-09-05	dx	ip	preg-week-19	2021-09-25	2026-12-24
175	2024-09-05	dx	op	compl-preg4	2021-09-25	2026-12-24
175	2024-09-17	dx	op	compl-preg4	2021-09-25	2026-12-24
175	2024-10-08	dx	op	preg-care	2021-09-25	2026-12-24
175	2024-10-10	dx	op	hrp-care	2021-09-25	2026-12-24
175	2024-10-10	dx	op	ant-scrn	2021-09-25	2026-12-24
175	2024-10-10	dx	op	compl-preg4	2021-09-25	2026-12-24
175	2024-10-16	dx	op	spl-scrn	2021-09-25	2026-12-24
175	2024-10-16	px	ip	birth-px	2021-09-25	2026-12-24
175	2024-10-25	dx	op	compl-preg4	2021-09-25	2026-12-24
175	2024-11-05	dx	op	preg-care	2021-09-25	2026-12-24
175	2024-11-07	dx	ip	hrp-care	2021-09-25	2026-12-24
175	2024-11-07	dx	op	compl-preg4	2021-09-25	2026-12-24
175	2024-11-07	dx	op	hrp-care	2021-09-25	2026-12-24
175	2024-11-11	dx	op	compl-preg4	2021-09-25	2026-12-24
175	2024-11-20	px	op	birth-px	2021-09-25	2026-12-24
175	2024-11-20	dx	ip	spl-scrn	2021-09-25	2026-12-24
175	2024-11-26	dx	op	preg-care	2021-09-25	2026-12-24
175	2024-12-05	dx	op	hrp-care	2021-09-25	2026-12-24
175	2024-12-05	dx	op	preg-week-32	2021-09-25	2026-12-24
175	2024-12-05	dx	op	ant-scrn	2021-09-25	2026-12-24
175	2024-12-05	dx	op	compl-preg4	2021-09-25	2026-12-24
175	2024-12-09	dx	op	compl-preg4	2021-09-25	2026-12-24
175	2024-12-10	dx	op	preg-care	2021-09-25	2026-12-24
175	2024-12-24	dx	op	compl-preg4	2021-09-25	2026-12-24
175	2024-12-30	dx	op	preg-care	2021-09-25	2026-12-24
175	2025-01-02	dx	op	preg-week-36	2021-09-25	2026-12-24
175	2025-01-02	dx	op	hrp-care	2021-09-25	2026-12-24
175	2025-01-02	dx	op	compl-preg4	2021-09-25	2026-12-24
175	2025-01-08	dx	op	preg-care	2021-09-25	2026-12-24
175	2025-01-15	dx	op	compl-preg4	2021-09-25	2026-12-24
175	2025-01-15	dx	op	preg-care	2021-09-25	2026-12-24
175	2025-01-22	dx	op	preg-care	2021-09-25	2026-12-24
175	2025-01-22	dx	op	abrnl-fetus-care2	2021-09-25	2026-12-24
175	2025-01-23	dx	op	preg-care	2021-09-25	2026-12-24
175	2025-01-23	dx	op	abrnl-fetus-care2	2021-09-25	2026-12-24
175	2025-01-24	dx	op	abrnl-fetus-care2	2021-09-25	2026-12-24
175	2025-01-25	dx	op	preg-care	2021-09-25	2026-12-24
175	2025-01-26	px	op	birth-px	2021-09-25	2026-12-24
175	2025-01-27	dx	op	post-care	2021-09-25	2026-12-24
175	2025-02-13	dx	ip	post-care	2021-09-25	2026-12-24
175	2025-02-13	px	op	birth-px	2021-09-25	2026-12-24
175	2025-02-13	dx	op	spl-scrn	2021-09-25	2026-12-24
175	2025-03-05	dx	ip	post-care	2021-09-25	2026-12-24
176	2022-01-04	dx	op	preg-week-38	2020-01-12	2026-07-22
176	2022-01-04	dx	op	compl-preg4	2020-01-12	2026-07-22
176	2022-01-21	dx	ip	preg-week-24	2020-01-12	2026-07-22
176	2022-02-15	dx	op	preg-care	2020-01-12	2026-07-22
176	2022-04-14	dx	op	preg-care	2020-01-12	2026-07-22
176	2022-04-18	dx	op	abrnl-fetus-care2	2020-01-12	2026-07-22
176	2022-05-02	dx	op	preg-care	2020-01-12	2026-07-22
176	2022-05-03	dx	op	compl-preg4	2020-01-12	2026-07-22
176	2022-05-03	dx	op	g-hypert-p	2020-01-12	2026-07-22
176	2022-05-05	dx	op	placenta-prob	2020-01-12	2026-07-22
176	2022-05-05	px	ip	birth-px	2020-01-12	2026-07-22
176	2022-05-05	dx	op	g-hypert-p	2020-01-12	2026-07-22
176	2022-06-15	dx	op	post-care	2020-01-12	2026-07-22
176	2024-03-06	dx	op	preg-care	2020-01-12	2026-07-22
176	2024-03-07	dx	op	hrp-care	2020-01-12	2026-07-22
176	2024-03-26	dx	op	preg-care	2020-01-12	2026-07-22
176	2024-05-20	dx	op	preg-week-20	2020-01-12	2026-07-22
176	2024-05-20	dx	op	ant-scrn	2020-01-12	2026-07-22
176	2024-05-29	dx	ip	ant-scrn	2020-01-12	2026-07-22
176	2024-05-29	dx	op	preg-week-21	2020-01-12	2026-07-22
176	2024-07-12	dx	op	preg-care	2020-01-12	2026-07-22
176	2024-09-11	dx	op	ant-scrn	2020-01-12	2026-07-22
176	2024-09-11	dx	op	preg-care	2020-01-12	2026-07-22
176	2024-10-04	dx	op	compl-preg4	2020-01-12	2026-07-22
176	2024-10-04	dx	op	preg-week-39	2020-01-12	2026-07-22
176	2024-10-04	dx	op	birth-outcom	2020-01-12	2026-07-22
176	2024-10-04	px	op	birth-px	2020-01-12	2026-07-22
176	2024-10-15	dx	op	spl-scrn	2020-01-12	2026-07-22
176	2024-10-15	px	op	birth-px	2020-01-12	2026-07-22
176	2024-11-12	px	op	birth-px	2020-01-12	2026-07-22
176	2024-11-12	dx	op	spl-scrn	2020-01-12	2026-07-22
177	2024-12-03	dx	op	abrnl-preg2	2015-02-28	2026-04-07
177	2024-12-03	dx	op	preg-week-36	2015-02-28	2026-04-07
177	2024-12-03	dx	op	ant-scrn	2015-02-28	2026-04-07
177	2024-12-30	dx	op	preg-week-39	2015-02-28	2026-04-07
177	2024-12-30	dx	ip	birth	2015-02-28	2026-04-07
177	2024-12-30	px	ip	birth-px	2015-02-28	2026-04-07
177	2024-12-30	dx	op	birth-outcom	2015-02-28	2026-04-07
178	2022-12-14	dx	op	abrnl-fetus-care2	2014-02-05	2026-09-12
178	2022-12-14	dx	op	preg-week-08	2014-02-05	2026-09-12
178	2022-12-28	dx	ip	abrnl-fetus-care2	2014-02-05	2026-09-12
178	2022-12-28	dx	op	preg-week-08	2014-02-05	2026-09-12
178	2023-01-12	dx	ip	incidental, preg-unplnd	2014-02-05	2026-09-12
178	2023-03-07	dx	op	ant-scrn	2014-02-05	2026-09-12
178	2023-03-07	dx	ip	hrp-care	2014-02-05	2026-09-12
178	2023-03-07	dx	op	preg-week-18	2014-02-05	2026-09-12
178	2023-04-06	dx	op	placenta-prob	2014-02-05	2026-09-12
178	2023-04-06	dx	op	preg-week-23	2014-02-05	2026-09-12
178	2023-04-06	dx	ip	hrp-care	2014-02-05	2026-09-12
178	2023-04-06	dx	op	placenta-prev	2014-02-05	2026-09-12
178	2023-05-08	dx	op	abrnl-preg2	2014-02-05	2026-09-12
178	2023-05-08	dx	op	preg-week-27	2014-02-05	2026-09-12
178	2023-05-08	dx	op	abrnl-fetus-care1	2014-02-05	2026-09-12
178	2023-05-08	dx	op	hrp-care	2014-02-05	2026-09-12
178	2023-06-20	dx	op	preg-week-33	2014-02-05	2026-09-12
178	2023-06-20	dx	op	hrp-care	2014-02-05	2026-09-12
178	2023-06-22	dx	op	hrp-care	2014-02-05	2026-09-12
178	2023-06-22	dx	op	placenta-prob	2014-02-05	2026-09-12
178	2023-06-26	dx	op	placenta-prob	2014-02-05	2026-09-12
178	2023-06-29	dx	op	placenta-prob	2014-02-05	2026-09-12
178	2023-07-06	dx	op	hrp-care	2014-02-05	2026-09-12
178	2023-07-10	dx	op	placenta-prob	2014-02-05	2026-09-12
178	2023-07-13	dx	op	hrp-care	2014-02-05	2026-09-12
178	2023-07-13	dx	op	preg-week-37	2014-02-05	2026-09-12
178	2023-07-13	dx	op	placenta-prob	2014-02-05	2026-09-12
178	2023-07-17	dx	op	hrp-care	2014-02-05	2026-09-12
178	2023-07-20	dx	op	hrp-care	2014-02-05	2026-09-12
178	2023-07-24	dx	op	hrp-care	2014-02-05	2026-09-12
178	2023-07-27	dx	ip	abrnl-fetus-care2	2014-02-05	2026-09-12
178	2023-07-28	dx	op	placenta-prob	2014-02-05	2026-09-12
178	2023-07-28	dx	op	preg-week-39	2014-02-05	2026-09-12
178	2023-07-28	px	op	birth-px	2014-02-05	2026-09-12
178	2023-07-28	dx	ip	birth	2014-02-05	2026-09-12
178	2023-07-28	dx	op	birth-outcom	2014-02-05	2026-09-12
178	2025-03-17	dx	ip	ant-scrn	2014-02-05	2026-09-12
178	2025-03-17	dx	op	preg-week-20	2014-02-05	2026-09-12
179	2024-08-06	dx	ip	preg-care	2023-01-12	2026-11-05
179	2024-08-13	dx	op	preg-care	2023-01-12	2026-11-05
179	2024-08-13	dx	ip	hrp-care	2023-01-12	2026-11-05
179	2024-08-13	dx	ip	preg-care	2023-01-12	2026-11-05
179	2024-08-15	dx	op	preg-care	2023-01-12	2026-11-05
179	2024-08-29	dx	op	preg-care	2023-01-12	2026-11-05
179	2024-09-09	dx	op	preg-care	2023-01-12	2026-11-05
179	2024-09-12	dx	ip	preg-care	2023-01-12	2026-11-05
179	2024-09-12	dx	op	preg-week-39	2023-01-12	2026-11-05
179	2024-09-14	dx	op	ant-scrn	2023-01-12	2026-11-05
179	2024-09-14	dx	op	preg-week-38	2023-01-12	2026-11-05
179	2024-09-14	dx	op	preg-week-00	2023-01-12	2026-11-05
179	2024-09-14	dx	op	hrp-care	2023-01-12	2026-11-05
179	2024-09-15	dx	op	compl-preg4	2023-01-12	2026-11-05
179	2024-09-15	dx	op	birth-outcom	2023-01-12	2026-11-05
179	2024-09-15	dx	op	trauma	2023-01-12	2026-11-05
179	2024-09-16	px	op	birth-px	2023-01-12	2026-11-05
179	2024-09-16	dx	op	birth	2023-01-12	2026-11-05
179	2024-09-16	dx	op	preg-week-38	2023-01-12	2026-11-05
180	2024-06-18	dx	op	preg-care	2009-07-10	2026-05-11
180	2024-08-20	dx	ip	preg-week-20	2009-07-10	2026-05-11
180	2024-08-20	dx	ip	preg-care	2009-07-10	2026-05-11
180	2024-11-20	dx	op	preg-week-33	2009-07-10	2026-05-11
180	2024-11-20	dx	op	abrnl-fetus-care2	2009-07-10	2026-05-11
180	2024-12-18	dx	op	preg-week-37	2009-07-10	2026-05-11
180	2024-12-18	dx	op	ant-scrn	2009-07-10	2026-05-11
180	2025-01-07	dx	op	preg-week-40	2009-07-10	2026-05-11
180	2025-01-07	dx	op	birth-outcom	2009-07-10	2026-05-11
180	2025-01-07	px	op	birth-px	2009-07-10	2026-05-11
180	2025-01-07	dx	ip	g-hypert	2009-07-10	2026-05-11
180	2025-02-24	dx	op	post-care	2009-07-10	2026-05-11
181	2024-08-05	dx	op	incidental, preg-unplnd	2025-07-18	2026-08-09
181	2024-08-07	dx	op	incidental, preg-unplnd	2025-07-18	2026-08-09
181	2024-08-12	dx	ip	incidental, preg-unplnd	2025-07-18	2026-08-09
181	2024-08-13	dx	op	birth-outcom	2025-07-18	2026-08-09
181	2024-08-13	dx	op	birth	2025-07-18	2026-08-09
181	2024-08-13	dx	op	preg-week-41	2025-07-18	2026-08-09
181	2024-08-13	px	op	birth-px	2025-07-18	2026-08-09
182	2022-09-29	dx	op	compl-preg4	2014-09-16	2026-05-11
182	2022-09-29	dx	op	hemo-preg	2014-09-16	2026-05-11
182	2022-10-10	dx	op	preg-week-08	2014-09-16	2026-05-11
182	2022-10-10	dx	op	preg-care	2014-09-16	2026-05-11
182	2022-10-28	dx	op	preg-care	2014-09-16	2026-05-11
182	2022-10-28	dx	op	preg-week-11	2014-09-16	2026-05-11
182	2022-11-07	dx	op	preg-care	2014-09-16	2026-05-11
182	2022-11-07	dx	ip	preg-week-12	2014-09-16	2026-05-11
182	2022-11-22	dx	op	preg-week-15	2014-09-16	2026-05-11
182	2022-12-05	dx	op	preg-week-16	2014-09-16	2026-05-11
182	2022-12-05	dx	ip	preg-care	2014-09-16	2026-05-11
182	2022-12-21	dx	ip	preg-week-18	2014-09-16	2026-05-11
182	2022-12-21	dx	op	preg-care	2014-09-16	2026-05-11
182	2023-01-03	dx	op	compl-preg4	2014-09-16	2026-05-11
182	2023-01-05	dx	ip	preg-care	2014-09-16	2026-05-11
182	2023-01-19	dx	op	preg-week-22	2014-09-16	2026-05-11
182	2023-01-19	dx	op	preg-care	2014-09-16	2026-05-11
182	2023-01-30	dx	op	preg-week-24	2014-09-16	2026-05-11
182	2023-02-01	dx	op	compl-preg4	2014-09-16	2026-05-11
182	2023-02-01	dx	op	vomit-preg	2014-09-16	2026-05-11
182	2023-02-14	dx	op	preg-week-24	2014-09-16	2026-05-11
182	2023-02-14	dx	op	preg-care	2014-09-16	2026-05-11
182	2023-03-01	dx	op	preg-week-28	2014-09-16	2026-05-11
182	2023-03-01	dx	op	preg-care	2014-09-16	2026-05-11
182	2023-03-10	dx	ip	preg-week-30	2014-09-16	2026-05-11
182	2023-03-16	dx	ip	preg-week-30	2014-09-16	2026-05-11
182	2023-03-16	dx	ip	preg-care	2014-09-16	2026-05-11
182	2023-03-30	dx	op	preg-week-32	2014-09-16	2026-05-11
182	2023-03-30	dx	op	preg-care	2014-09-16	2026-05-11
182	2023-04-14	dx	op	preg-week-35	2014-09-16	2026-05-11
182	2023-04-26	dx	op	preg-week-36	2014-09-16	2026-05-11
182	2023-04-26	dx	op	preg-care	2014-09-16	2026-05-11
182	2023-05-03	dx	ip	preg-care	2014-09-16	2026-05-11
182	2023-05-03	dx	op	preg-week-37	2014-09-16	2026-05-11
182	2023-05-09	dx	op	preg-week-38	2014-09-16	2026-05-11
182	2023-05-09	dx	op	birth-outcom	2014-09-16	2026-05-11
182	2023-05-09	dx	op	preg-week-00	2014-09-16	2026-05-11
182	2023-05-10	dx	op	preg-week-39	2014-09-16	2026-05-11
182	2023-05-10	dx	op	birth-outcom	2014-09-16	2026-05-11
182	2023-05-10	px	op	birth-px	2014-09-16	2026-05-11
182	2023-05-10	dx	op	birth	2014-09-16	2026-05-11
182	2023-05-18	px	op	birth-px	2014-09-16	2026-05-11
182	2023-05-18	dx	ip	post-care	2014-09-16	2026-05-11
182	2023-06-22	dx	op	post-care	2014-09-16	2026-05-11
182	2023-06-22	px	op	birth-px	2014-09-16	2026-05-11
182	2024-03-07	dx	op	hemo-preg	2014-09-16	2026-05-11
182	2024-04-02	dx	op	preg-care	2014-09-16	2026-05-11
182	2024-04-02	dx	op	preg-week-10	2014-09-16	2026-05-11
182	2024-04-29	px	ip	birth-px	2014-09-16	2026-05-11
182	2024-11-11	dx	op	hemo-preg	2014-09-16	2026-05-11
182	2024-12-11	dx	ip	s-abort	2014-09-16	2026-05-11
183	2022-03-29	dx	ip	incidental, preg-unplnd	2010-06-02	2026-10-22
183	2022-04-05	dx	op	incidental, preg-unplnd	2010-06-02	2026-10-22
183	2023-04-13	dx	op	incidental, preg-unplnd	2010-06-02	2026-10-22
183	2023-04-20	dx	op	incidental, preg-unplnd	2010-06-02	2026-10-22
183	2023-05-01	px	op	birth-px	2010-06-02	2026-10-22
183	2023-11-07	dx	ip	preg-care	2010-06-02	2026-10-22
183	2024-05-16	dx	op	preg-care	2010-06-02	2026-10-22
183	2024-12-03	dx	op	birth-outcom	2010-06-02	2026-10-22
183	2024-12-03	dx	op	compl-preg4	2010-06-02	2026-10-22
184	2024-06-18	dx	ip	preg-care	2017-08-02	2026-11-16
184	2024-06-18	dx	op	preg-week-10	2017-08-02	2026-11-16
184	2025-01-22	dx	op	birth-outcom	2017-08-02	2026-11-16
184	2025-01-22	px	ip	birth-px	2017-08-02	2026-11-16
184	2025-01-22	dx	op	preg-week-41	2017-08-02	2026-11-16
184	2025-01-23	dx	op	post-care	2017-08-02	2026-11-16
184	2025-02-20	dx	op	spl-scrn	2017-08-02	2026-11-16
184	2025-02-20	dx	op	compl-preg3	2017-08-02	2026-11-16
184	2025-02-20	px	op	birth-px	2017-08-02	2026-11-16
184	2025-03-20	dx	ip	compl-preg3	2017-08-02	2026-11-16
185	2022-11-14	dx	op	ant-scrn	2020-02-11	2026-08-12
185	2022-12-13	dx	op	hemo-preg	2020-02-11	2026-08-12
185	2023-12-22	dx	op	preg-care	2020-02-11	2026-08-12
185	2024-03-07	dx	op	preg-care	2020-02-11	2026-08-12
185	2024-04-03	dx	op	hrp-care	2020-02-11	2026-08-12
185	2024-04-26	dx	op	preg-care	2020-02-11	2026-08-12
185	2024-05-09	dx	ip	preg-care	2020-02-11	2026-08-12
185	2024-05-23	dx	ip	preg-care	2020-02-11	2026-08-12
185	2024-06-06	dx	op	preg-care	2020-02-11	2026-08-12
185	2024-06-13	dx	op	preg-care	2020-02-11	2026-08-12
185	2024-06-21	dx	ip	preg-care	2020-02-11	2026-08-12
185	2024-06-28	dx	ip	preg-care	2020-02-11	2026-08-12
185	2024-07-02	dx	op	preg-care	2020-02-11	2026-08-12
185	2024-07-07	dx	op	birth-outcom	2020-02-11	2026-08-12
185	2024-07-07	dx	op	preg-week-40	2020-02-11	2026-08-12
185	2024-07-07	dx	op	birth	2020-02-11	2026-08-12
185	2024-07-08	dx	op	birth	2020-02-11	2026-08-12
185	2024-07-08	px	op	birth-px	2020-02-11	2026-08-12
185	2024-07-08	dx	op	birth-outcom	2020-02-11	2026-08-12
185	2024-07-08	dx	ip	incidental, preg-unplnd	2020-02-11	2026-08-12
185	2024-07-08	dx	op	placenta-prob	2020-02-11	2026-08-12
186	2024-09-06	dx	op	preg-week-09	2016-10-08	2026-10-29
186	2024-09-26	dx	op	preg-week-12	2016-10-08	2026-10-29
186	2024-09-26	dx	ip	ant-scrn	2016-10-08	2026-10-29
186	2024-09-26	dx	op	hrp-care	2016-10-08	2026-10-29
186	2024-09-26	dx	ip	hrp-care	2016-10-08	2026-10-29
186	2024-10-10	dx	op	preg-week-14	2016-10-08	2026-10-29
186	2024-10-10	dx	op	abrnl-preg2	2016-10-08	2026-10-29
186	2024-10-21	dx	op	hrp-care	2016-10-08	2026-10-29
186	2024-10-21	dx	op	preg-week-15	2016-10-08	2026-10-29
186	2024-10-21	dx	op	abrnl-fetus-care2	2016-10-08	2026-10-29
186	2024-12-05	dx	ip	ant-scrn	2016-10-08	2026-10-29
186	2024-12-05	dx	op	preg-week-22	2016-10-08	2026-10-29
186	2025-01-30	dx	ip	preg-week-30	2016-10-08	2026-10-29
186	2025-03-20	dx	op	abrnl-fetus-care2	2016-10-08	2026-10-29
186	2025-03-20	dx	ip	preg-week-37	2016-10-08	2026-10-29
186	2025-03-20	dx	op	compl-preg4	2016-10-08	2026-10-29
186	2025-03-24	dx	op	compl-preg4	2016-10-08	2026-10-29
186	2025-03-24	dx	ip	preg-week-37	2016-10-08	2026-10-29
186	2025-03-27	dx	op	compl-preg4	2016-10-08	2026-10-29
186	2025-03-27	dx	op	preg-week-38	2016-10-08	2026-10-29
186	2025-03-31	dx	op	compl-preg4	2016-10-08	2026-10-29
186	2025-03-31	dx	op	preg-week-38	2016-10-08	2026-10-29
186	2025-04-03	dx	op	compl-preg4	2016-10-08	2026-10-29
186	2025-04-03	dx	op	preg-week-39	2016-10-08	2026-10-29
186	2025-04-04	px	ip	birth-px	2016-10-08	2026-10-29
186	2025-04-04	dx	op	preg-week-39	2016-10-08	2026-10-29
187	2025-03-19	dx	op	mdd	2010-03-13	2026-06-08
187	2025-05-01	dx	op	preg-week-01	2010-03-13	2026-06-08
187	2025-05-04	dx	ip	s-abort	2010-03-13	2026-06-08
188	2022-03-08	dx	op	hrp-care	2023-05-03	2026-04-14
188	2022-03-08	dx	op	spl-scrn	2023-05-03	2026-04-14
188	2022-08-17	dx	op	preg-week-00	2023-05-03	2026-04-14
188	2022-08-17	dx	op	hemo-preg	2023-05-03	2026-04-14
188	2022-08-17	dx	op	spl-scrn	2023-05-03	2026-04-14
188	2022-08-19	dx	op	preg-week-00	2023-05-03	2026-04-14
188	2022-08-19	dx	ip	hemo-preg	2023-05-03	2026-04-14
188	2022-08-20	dx	op	preg-week-01	2023-05-03	2026-04-14
188	2022-08-21	dx	op	preg-week-01	2023-05-03	2026-04-14
188	2022-08-25	dx	op	spl-scrn	2023-05-03	2026-04-14
188	2022-08-25	dx	op	preg-week-00	2023-05-03	2026-04-14
188	2022-08-25	dx	op	abrnl-fetus-care2	2023-05-03	2026-04-14
188	2022-09-05	dx	op	preg-care	2023-05-03	2026-04-14
188	2022-09-10	dx	op	preg-care	2023-05-03	2026-04-14
188	2022-09-10	dx	op	preg-week-01	2023-05-03	2026-04-14
188	2022-09-19	dx	op	spl-scrn	2023-05-03	2026-04-14
188	2022-09-19	dx	op	preg-care	2023-05-03	2026-04-14
188	2022-09-27	dx	op	preg-care	2023-05-03	2026-04-14
188	2022-09-27	dx	op	ant-scrn	2023-05-03	2026-04-14
188	2022-10-06	dx	op	preg-week-10	2023-05-03	2026-04-14
188	2022-10-06	dx	op	preg-week-09	2023-05-03	2026-04-14
188	2022-10-06	dx	op	hemo-preg	2023-05-03	2026-04-14
188	2022-10-19	dx	op	spl-scrn	2023-05-03	2026-04-14
188	2022-10-22	dx	op	preg-care	2023-05-03	2026-04-14
188	2022-10-25	dx	op	ant-scrn	2023-05-03	2026-04-14
188	2022-10-26	dx	op	preg-care	2023-05-03	2026-04-14
188	2022-10-26	dx	op	preg-week-12	2023-05-03	2026-04-14
188	2022-10-31	dx	op	hrp-care	2023-05-03	2026-04-14
188	2022-10-31	dx	op	preg-week-13	2023-05-03	2026-04-14
188	2022-11-03	dx	op	incidental, preg-unplnd	2023-05-03	2026-04-14
188	2022-11-03	dx	op	abrnl-fetus-care1	2023-05-03	2026-04-14
188	2022-11-03	dx	ip	preg-week-13	2023-05-03	2026-04-14
188	2022-11-03	px	op	birth-px	2023-05-03	2026-04-14
188	2023-08-10	dx	op	mdd	2023-05-03	2026-04-14
188	2023-11-13	dx	op	hrp-care	2023-05-03	2026-04-14
188	2023-11-13	dx	op	preg-week-01	2023-05-03	2026-04-14
188	2023-11-15	dx	op	preg-week-01	2023-05-03	2026-04-14
188	2023-11-18	dx	op	preg-week-01	2023-05-03	2026-04-14
188	2023-11-18	dx	op	hemo-preg	2023-05-03	2026-04-14
188	2023-11-22	dx	op	hrp-care	2023-05-03	2026-04-14
188	2023-11-22	dx	op	spl-scrn	2023-05-03	2026-04-14
188	2023-11-22	dx	ip	hrp-care	2023-05-03	2026-04-14
188	2023-11-22	dx	ip	ant-scrn	2023-05-03	2026-04-14
188	2023-11-22	dx	op	abrnl-fetus-care2	2023-05-03	2026-04-14
188	2023-12-07	dx	op	hrp-care	2023-05-03	2026-04-14
188	2023-12-07	dx	op	vomit-preg	2023-05-03	2026-04-14
188	2023-12-07	dx	op	ant-scrn	2023-05-03	2026-04-14
188	2023-12-07	dx	ip	preg-week-01	2023-05-03	2026-04-14
188	2023-12-20	dx	ip	ant-scrn	2023-05-03	2026-04-14
188	2023-12-20	dx	op	preg-week-09	2023-05-03	2026-04-14
188	2023-12-20	dx	ip	hrp-care	2023-05-03	2026-04-14
188	2023-12-29	dx	op	hrp-care	2023-05-03	2026-04-14
188	2023-12-29	dx	op	preg-week-10	2023-05-03	2026-04-14
188	2024-01-19	dx	op	ant-scrn	2023-05-03	2026-04-14
188	2024-01-26	dx	op	ant-scrn	2023-05-03	2026-04-14
188	2024-01-26	dx	op	hrp-care	2023-05-03	2026-04-14
188	2024-01-30	dx	op	ant-scrn	2023-05-03	2026-04-14
188	2024-01-30	dx	op	compl-preg4	2023-05-03	2026-04-14
188	2024-01-30	dx	op	hrp-care	2023-05-03	2026-04-14
188	2024-01-30	dx	op	preg-week-15	2023-05-03	2026-04-14
188	2024-02-23	dx	op	preg-week-18	2023-05-03	2026-04-14
188	2024-02-23	dx	ip	hrp-care	2023-05-03	2026-04-14
188	2024-03-07	dx	op	ant-scrn	2023-05-03	2026-04-14
188	2024-03-08	dx	op	hrp-care	2023-05-03	2026-04-14
188	2024-03-08	dx	op	preg-week-20	2023-05-03	2026-04-14
188	2024-03-09	dx	op	ant-scrn	2023-05-03	2026-04-14
188	2024-04-23	dx	op	hrp-care	2023-05-03	2026-04-14
188	2024-04-23	dx	ip	ant-scrn	2023-05-03	2026-04-14
188	2024-04-23	dx	op	spl-scrn	2023-05-03	2026-04-14
188	2024-04-25	dx	op	ant-scrn	2023-05-03	2026-04-14
188	2024-04-29	dx	op	preg-week-28	2023-05-03	2026-04-14
188	2024-05-03	dx	op	diab-preg	2023-05-03	2026-04-14
188	2024-05-15	dx	op	diab-preg	2023-05-03	2026-04-14
188	2024-05-15	dx	op	preg-week-30	2023-05-03	2026-04-14
188	2024-05-15	dx	op	hrp-care	2023-05-03	2026-04-14
188	2024-05-18	dx	op	preg-week-31	2023-05-03	2026-04-14
188	2024-05-18	dx	ip	hrp-care	2023-05-03	2026-04-14
188	2024-05-18	dx	op	diab-preg	2023-05-03	2026-04-14
188	2024-05-24	dx	op	diab-preg	2023-05-03	2026-04-14
188	2024-05-24	dx	op	preg-week-31	2023-05-03	2026-04-14
188	2024-05-24	dx	op	hrp-care	2023-05-03	2026-04-14
188	2024-05-28	dx	op	preg-week-32	2023-05-03	2026-04-14
188	2024-05-28	dx	ip	hrp-care	2023-05-03	2026-04-14
188	2024-05-29	dx	op	preg-week-32	2023-05-03	2026-04-14
188	2024-05-29	dx	ip	diab-preg	2023-05-03	2026-04-14
188	2024-05-30	dx	ip	hrp-care	2023-05-03	2026-04-14
188	2024-05-30	dx	op	preg-week-32	2023-05-03	2026-04-14
188	2024-06-03	dx	op	hrp-care	2023-05-03	2026-04-14
188	2024-06-03	dx	op	preg-week-33	2023-05-03	2026-04-14
188	2024-06-06	dx	op	preg-week-33	2023-05-03	2026-04-14
188	2024-06-06	dx	op	diab-preg	2023-05-03	2026-04-14
188	2024-06-06	dx	ip	hrp-care	2023-05-03	2026-04-14
188	2024-06-10	dx	ip	preg-week-34	2023-05-03	2026-04-14
188	2024-06-10	dx	op	hrp-care	2023-05-03	2026-04-14
188	2024-06-13	dx	op	preg-week-34	2023-05-03	2026-04-14
188	2024-06-13	dx	op	hrp-care	2023-05-03	2026-04-14
188	2024-06-17	dx	op	preg-week-35	2023-05-03	2026-04-14
188	2024-06-17	dx	op	hrp-care	2023-05-03	2026-04-14
188	2024-06-20	dx	op	hrp-care	2023-05-03	2026-04-14
188	2024-06-20	dx	op	preg-week-35	2023-05-03	2026-04-14
188	2024-06-24	dx	op	preg-week-36	2023-05-03	2026-04-14
188	2024-06-24	dx	op	hrp-care	2023-05-03	2026-04-14
188	2024-06-25	dx	op	spl-scrn	2023-05-03	2026-04-14
188	2024-06-25	dx	op	diab-preg	2023-05-03	2026-04-14
188	2024-06-25	dx	op	ant-scrn	2023-05-03	2026-04-14
188	2024-06-28	dx	op	hrp-care	2023-05-03	2026-04-14
188	2024-06-28	dx	op	preg-week-36	2023-05-03	2026-04-14
188	2024-06-30	dx	op	preg-week-37	2023-05-03	2026-04-14
188	2024-06-30	dx	op	diab-preg	2023-05-03	2026-04-14
188	2024-07-02	dx	ip	hrp-care	2023-05-03	2026-04-14
188	2024-07-02	dx	op	preg-week-37	2023-05-03	2026-04-14
188	2024-07-02	dx	op	diab-preg	2023-05-03	2026-04-14
188	2024-07-05	dx	op	preg-week-37	2023-05-03	2026-04-14
188	2024-07-05	dx	op	hrp-care	2023-05-03	2026-04-14
188	2024-07-08	dx	op	preg-week-38	2023-05-03	2026-04-14
188	2024-07-08	dx	op	diab-preg	2023-05-03	2026-04-14
188	2024-07-09	dx	op	preg-week-38	2023-05-03	2026-04-14
188	2024-07-09	dx	op	hrp-care	2023-05-03	2026-04-14
188	2024-07-13	dx	op	birth-outcom	2023-05-03	2026-04-14
188	2024-07-13	dx	ip	hrp-care	2023-05-03	2026-04-14
188	2024-07-13	dx	op	diab-preg	2023-05-03	2026-04-14
188	2024-07-13	dx	ip	preg-week-39	2023-05-03	2026-04-14
188	2024-07-13	dx	ip	compl-preg4	2023-05-03	2026-04-14
188	2024-07-14	dx	op	diab-preg	2023-05-03	2026-04-14
188	2024-07-14	dx	ip	diab-preg	2023-05-03	2026-04-14
188	2024-07-14	px	op	birth-px	2023-05-03	2026-04-14
188	2024-07-14	dx	op	preg-week-39	2023-05-03	2026-04-14
189	2022-10-06	dx	op	spl-scrn	2010-08-17	2026-06-14
189	2022-10-18	tx_rx	pharmacy	SERTRALINE	2010-08-17	2026-06-14
189	2022-10-24	dx	op	preg-week-01	2010-08-17	2026-06-14
189	2022-10-24	dx	op	hemo-preg	2010-08-17	2026-06-14
189	2022-10-26	dx	op	s-abort	2010-08-17	2026-06-14
189	2022-11-09	dx	op	s-abort	2010-08-17	2026-06-14
189	2022-11-09	px	op	birth-px	2010-08-17	2026-06-14
189	2022-11-12	tx_rx	pharmacy	SERTRALINE	2010-08-17	2026-06-14
189	2022-12-12	tx_rx	pharmacy	SERTRALINE	2010-08-17	2026-06-14
189	2023-01-03	dx	op	abrnl-fetus-care2	2010-08-17	2026-06-14
189	2023-01-03	dx	op	other-history	2010-08-17	2026-06-14
189	2023-01-03	dx	op	preg-week-01	2010-08-17	2026-06-14
189	2023-01-13	tx_rx	pharmacy	SERTRALINE	2010-08-17	2026-06-14
189	2023-02-11	tx_rx	pharmacy	SERTRALINE	2010-08-17	2026-06-14
189	2023-02-14	dx	op	other-history	2010-08-17	2026-06-14
189	2023-02-14	dx	op	abrnl-fetus-care2	2010-08-17	2026-06-14
189	2023-02-14	dx	op	preg-week-12	2010-08-17	2026-06-14
189	2023-03-14	tx_rx	pharmacy	SERTRALINE	2010-08-17	2026-06-14
189	2023-04-10	dx	op	preg-week-20	2010-08-17	2026-06-14
189	2023-04-10	dx	ip	preg-care	2010-08-17	2026-06-14
189	2023-04-14	tx_rx	pharmacy	SERTRALINE	2010-08-17	2026-06-14
189	2023-05-17	tx_rx	pharmacy	SERTRALINE	2010-08-17	2026-06-14
189	2023-08-18	dx	ip	abrnl-fetus-care2	2010-08-17	2026-06-14
189	2023-08-18	dx	op	preg-week-38	2010-08-17	2026-06-14
189	2023-08-28	dx	op	birth-outcom	2010-08-17	2026-06-14
189	2023-08-28	dx	op	preg-week-40	2010-08-17	2026-06-14
189	2023-08-28	px	op	birth-px	2010-08-17	2026-06-14
189	2023-08-28	px	ip	birth-px	2010-08-17	2026-06-14
189	2023-10-10	px	op	ppd-scrn	2010-08-17	2026-06-14
189	2023-10-10	dx	op	spl-scrn	2010-08-17	2026-06-14
189	2023-11-20	tx_rx	pharmacy	SERTRALINE	2010-08-17	2026-06-14
189	2023-12-16	tx_rx	pharmacy	SERTRALINE	2010-08-17	2026-06-14
189	2024-01-02	tx_rx	pharmacy	SERTRALINE	2010-08-17	2026-06-14
189	2024-01-20	tx_rx	pharmacy	SERTRALINE	2010-08-17	2026-06-14
189	2024-02-10	tx_rx	pharmacy	SERTRALINE	2010-08-17	2026-06-14
189	2024-03-04	tx_rx	pharmacy	SERTRALINE	2010-08-17	2026-06-14
189	2024-03-26	tx_rx	pharmacy	SERTRALINE	2010-08-17	2026-06-14
189	2024-04-16	tx_rx	pharmacy	SERTRALINE	2010-08-17	2026-06-14
189	2024-05-06	tx_rx	pharmacy	SERTRALINE	2010-08-17	2026-06-14
189	2024-05-28	tx_rx	pharmacy	SERTRALINE	2010-08-17	2026-06-14
189	2024-06-17	tx_rx	pharmacy	SERTRALINE	2010-08-17	2026-06-14
189	2024-07-06	tx_rx	pharmacy	SERTRALINE	2010-08-17	2026-06-14
189	2024-09-13	dx	op	preg-week-01	2010-08-17	2026-06-14
189	2024-09-13	dx	op	abrnl-fetus-care2	2010-08-17	2026-06-14
189	2024-09-13	dx	op	other-history	2010-08-17	2026-06-14
189	2024-09-19	dx	op	preg-week-01	2010-08-17	2026-06-14
189	2024-12-17	dx	op	preg-care	2010-08-17	2026-06-14
189	2024-12-17	dx	ip	preg-week-20	2010-08-17	2026-06-14
189	2025-03-03	dx	op	preg-week-31	2010-08-17	2026-06-14
189	2025-03-14	dx	op	preg-week-32	2010-08-17	2026-06-14
189	2025-03-14	dx	op	abrnl-fetus-care1	2010-08-17	2026-06-14
189	2025-04-30	dx	ip	preg-week-39	2010-08-17	2026-06-14
189	2025-05-11	dx	ip	preg-week-00	2010-08-17	2026-06-14
189	2025-05-11	dx	op	birth	2010-08-17	2026-06-14
189	2025-05-11	dx	op	birth-outcom	2010-08-17	2026-06-14
189	2025-05-11	dx	op	preg-week-41	2010-08-17	2026-06-14
189	2025-05-12	dx	op	birth	2010-08-17	2026-06-14
189	2025-05-12	px	op	birth-px	2010-08-17	2026-06-14
189	2025-05-12	dx	op	preg-week-41	2010-08-17	2026-06-14
190	2022-04-08	dx	op	spl-scrn	2017-09-17	2026-07-18
190	2024-05-14	dx	ip	preg-care	2017-09-17	2026-07-18
190	2024-05-14	dx	op	preg-week-08	2017-09-17	2026-07-18
190	2024-05-14	dx	ip	abrnl-fetus-care2	2017-09-17	2026-07-18
190	2024-05-14	dx	op	ant-scrn	2017-09-17	2026-07-18
190	2024-05-29	dx	op	preg-week-10	2017-09-17	2026-07-18
190	2024-05-29	dx	op	ant-scrn	2017-09-17	2026-07-18
190	2024-05-29	dx	ip	preg-care	2017-09-17	2026-07-18
190	2024-07-02	dx	op	preg-care	2017-09-17	2026-07-18
190	2024-07-02	dx	op	preg-week-15	2017-09-17	2026-07-18
190	2024-08-06	dx	op	ant-scrn	2017-09-17	2026-07-18
190	2024-08-06	dx	ip	preg-week-20	2017-09-17	2026-07-18
190	2024-08-06	dx	op	preg-care	2017-09-17	2026-07-18
190	2024-08-27	dx	op	preg-week-23	2017-09-17	2026-07-18
190	2024-08-27	dx	op	preg-care	2017-09-17	2026-07-18
190	2024-10-02	dx	op	preg-week-28	2017-09-17	2026-07-18
190	2024-10-02	px	op	birth-px	2017-09-17	2026-07-18
190	2024-10-02	dx	op	ant-scrn	2017-09-17	2026-07-18
190	2024-10-02	dx	op	preg-care	2017-09-17	2026-07-18
190	2024-10-02	dx	op	spl-scrn	2017-09-17	2026-07-18
190	2024-10-07	dx	op	compl-preg4	2017-09-17	2026-07-18
190	2024-10-24	dx	op	preg-care	2017-09-17	2026-07-18
190	2024-10-24	dx	op	preg-week-32	2017-09-17	2026-07-18
190	2024-11-06	dx	op	preg-week-33	2017-09-17	2026-07-18
190	2024-11-06	dx	op	preg-care	2017-09-17	2026-07-18
190	2024-11-20	dx	op	preg-care	2017-09-17	2026-07-18
190	2024-11-20	dx	ip	placenta-prob	2017-09-17	2026-07-18
190	2024-11-20	dx	op	ant-scrn	2017-09-17	2026-07-18
190	2024-11-20	dx	op	preg-week-35	2017-09-17	2026-07-18
190	2024-11-26	dx	op	preg-week-36	2017-09-17	2026-07-18
190	2024-12-04	dx	op	preg-week-37	2017-09-17	2026-07-18
190	2024-12-12	px	op	birth-px	2017-09-17	2026-07-18
190	2024-12-12	dx	op	birth-outcom	2017-09-17	2026-07-18
190	2024-12-12	dx	op	preg-week-39	2017-09-17	2026-07-18
190	2025-01-28	dx	op	post-care	2017-09-17	2026-07-18
190	2025-01-28	px	op	birth-px	2017-09-17	2026-07-18
191	2022-02-14	tx_rx	pharmacy	VENLAFAXINE	2015-08-06	2026-06-09
191	2022-05-20	tx_rx	pharmacy	VENLAFAXINE	2015-08-06	2026-06-09
191	2022-08-19	tx_rx	pharmacy	VENLAFAXINE	2015-08-06	2026-06-09
191	2022-09-20	tx_rx	pharmacy	VENLAFAXINE	2015-08-06	2026-06-09
191	2022-09-25	tx_rx	pharmacy	VENLAFAXINE	2015-08-06	2026-06-09
191	2022-12-19	tx_rx	pharmacy	VENLAFAXINE	2015-08-06	2026-06-09
191	2022-12-21	tx_rx	pharmacy	VENLAFAXINE	2015-08-06	2026-06-09
191	2023-03-15	tx_rx	pharmacy	VENLAFAXINE	2015-08-06	2026-06-09
191	2023-03-22	tx_rx	pharmacy	VENLAFAXINE	2015-08-06	2026-06-09
191	2023-06-23	tx_rx	pharmacy	VENLAFAXINE	2015-08-06	2026-06-09
191	2023-07-21	tx_rx	pharmacy	VENLAFAXINE	2015-08-06	2026-06-09
191	2023-10-15	tx_rx	pharmacy	VENLAFAXINE	2015-08-06	2026-06-09
191	2023-10-16	tx_rx	pharmacy	VENLAFAXINE	2015-08-06	2026-06-09
191	2023-10-24	dx	op	compl-preg4	2015-08-06	2026-06-09
191	2023-11-01	dx	op	preg-care	2015-08-06	2026-06-09
191	2023-11-29	tx_rx	pharmacy	VENLAFAXINE	2015-08-06	2026-06-09
191	2023-12-06	dx	op	vomit-preg	2015-08-06	2026-06-09
191	2023-12-08	dx	op	preg-care	2015-08-06	2026-06-09
191	2023-12-20	dx	op	preg-care	2015-08-06	2026-06-09
191	2024-01-18	dx	ip	preg-care	2015-08-06	2026-06-09
191	2024-01-24	dx	op	preg-care	2015-08-06	2026-06-09
191	2024-03-08	tx_rx	pharmacy	VENLAFAXINE	2015-08-06	2026-06-09
191	2024-05-14	dx	op	preg-care	2015-08-06	2026-06-09
191	2024-06-06	tx_rx	pharmacy	VENLAFAXINE	2015-08-06	2026-06-09
191	2024-06-27	dx	op	preg-care	2015-08-06	2026-06-09
191	2024-07-02	dx	op	abrnl-fetus-care2	2015-08-06	2026-06-09
191	2024-07-10	dx	op	m-hypert	2015-08-06	2026-06-09
191	2024-07-12	dx	op	m-hypert	2015-08-06	2026-06-09
191	2024-07-20	dx	op	g-hypert-p	2015-08-06	2026-06-09
191	2024-07-21	dx	op	preg-week-38	2015-08-06	2026-06-09
191	2024-07-21	dx	ip	g-hypert-p	2015-08-06	2026-06-09
191	2024-07-21	px	op	birth-px	2015-08-06	2026-06-09
191	2024-07-21	dx	op	birth-outcom	2015-08-06	2026-06-09
191	2024-07-21	px	ip	birth-px	2015-08-06	2026-06-09
191	2024-09-04	dx	op	post-care	2015-08-06	2026-06-09
191	2024-09-04	tx_rx	pharmacy	VENLAFAXINE	2015-08-06	2026-06-09
191	2024-12-09	tx_rx	pharmacy	VENLAFAXINE	2015-08-06	2026-06-09
192	2025-05-07	px	op	birth-px	2017-12-18	2026-08-10
193	2024-03-05	dx	op	preg-care	2010-06-18	2026-04-20
193	2024-03-21	dx	op	compl-preg4	2010-06-18	2026-04-20
193	2024-03-24	dx	op	abrnl-fetus-care2	2010-06-18	2026-04-20
193	2024-04-02	dx	op	preg-care	2010-06-18	2026-04-20
193	2024-04-16	dx	op	preg-week-15	2010-06-18	2026-04-20
193	2024-05-01	dx	op	preg-care	2010-06-18	2026-04-20
193	2024-05-01	dx	op	preg-week-15	2010-06-18	2026-04-20
193	2024-05-13	dx	op	ant-scrn	2010-06-18	2026-04-20
193	2024-05-13	dx	op	preg-week-19	2010-06-18	2026-04-20
193	2024-05-13	dx	op	compl-preg4	2010-06-18	2026-04-20
193	2024-05-29	dx	op	preg-care	2010-06-18	2026-04-20
193	2024-06-13	dx	op	abrnl-fetus-care2	2010-06-18	2026-04-20
193	2024-06-26	dx	op	abrnl-fetus-care2	2010-06-18	2026-04-20
193	2024-06-26	dx	op	preg-care	2010-06-18	2026-04-20
193	2024-07-08	dx	op	compl-preg4	2010-06-18	2026-04-20
193	2024-07-08	dx	op	preg-week-27	2010-06-18	2026-04-20
193	2024-07-10	dx	ip	preg-care	2010-06-18	2026-04-20
193	2024-07-10	dx	op	preg-week-28	2010-06-18	2026-04-20
193	2024-07-12	dx	op	preg-care	2010-06-18	2026-04-20
193	2024-07-12	dx	ip	preg-week-28	2010-06-18	2026-04-20
193	2024-07-24	dx	op	preg-care	2010-06-18	2026-04-20
193	2024-07-28	dx	ip	preg-week-30	2010-06-18	2026-04-20
193	2024-07-28	dx	op	abrnl-fetus-care2	2010-06-18	2026-04-20
193	2024-08-14	dx	op	preg-care	2010-06-18	2026-04-20
193	2024-08-26	dx	op	compl-preg4	2010-06-18	2026-04-20
193	2024-08-28	dx	op	preg-care	2010-06-18	2026-04-20
193	2024-09-11	dx	op	preg-care	2010-06-18	2026-04-20
193	2024-09-12	dx	op	preg-week-36	2010-06-18	2026-04-20
193	2024-09-18	dx	op	preg-care	2010-06-18	2026-04-20
193	2024-09-26	dx	op	preg-care	2010-06-18	2026-04-20
193	2024-09-28	dx	op	compl-preg4	2010-06-18	2026-04-20
193	2024-09-29	dx	op	birth-outcom	2010-06-18	2026-04-20
193	2024-09-29	px	op	birth-px	2010-06-18	2026-04-20
193	2024-09-29	dx	op	hrp-care	2010-06-18	2026-04-20
193	2024-09-30	dx	ip	c-birth	2010-06-18	2026-04-20
193	2024-09-30	dx	op	birth-outcom	2010-06-18	2026-04-20
193	2024-09-30	px	ip	birth-px	2010-06-18	2026-04-20
193	2025-01-30	tx_px	op	psy-thrp	2010-06-18	2026-04-20
193	2025-02-05	px	op	birth-px	2010-06-18	2026-04-20
193	2025-02-13	tx_px	op	psy-thrp	2010-06-18	2026-04-20
194	2023-04-12	dx	ip	preg-care	2026-10-21	2026-04-25
194	2023-04-12	dx	op	spl-scrn	2026-10-21	2026-04-25
194	2023-04-12	px	op	ppd-scrn	2026-10-21	2026-04-25
194	2023-05-11	dx	op	preg-care	2026-10-21	2026-04-25
194	2023-05-25	dx	ip	abrnl-fetus-care2	2026-10-21	2026-04-25
194	2023-05-25	dx	ip	preg-care	2026-10-21	2026-04-25
194	2023-06-21	dx	ip	preg-care	2026-10-21	2026-04-25
194	2023-07-13	dx	op	preg-care	2026-10-21	2026-04-25
194	2023-07-31	dx	op	preg-week-26	2026-10-21	2026-04-25
194	2023-07-31	dx	op	compl-preg4	2026-10-21	2026-04-25
194	2023-07-31	dx	op	ant-scrn	2026-10-21	2026-04-25
194	2023-07-31	dx	ip	abrnl-fetus-care2	2026-10-21	2026-04-25
194	2023-08-09	dx	op	preg-care	2026-10-21	2026-04-25
194	2023-08-17	dx	op	compl-preg4	2026-10-21	2026-04-25
194	2023-08-17	dx	op	preg-care	2026-10-21	2026-04-25
194	2023-08-17	dx	op	vomit-preg	2026-10-21	2026-04-25
194	2023-09-01	dx	op	abrnl-fetus-care2	2026-10-21	2026-04-25
194	2023-09-01	dx	ip	preg-week-28	2026-10-21	2026-04-25
194	2023-09-20	dx	op	preg-care	2026-10-21	2026-04-25
194	2023-09-29	dx	op	abrnl-fetus-care2	2026-10-21	2026-04-25
194	2023-09-29	dx	op	abrnl-preg2	2026-10-21	2026-04-25
194	2023-09-29	dx	op	preg-week-32	2026-10-21	2026-04-25
194	2023-10-06	dx	op	preg-care	2026-10-21	2026-04-25
194	2023-10-24	dx	op	preg-week-35	2026-10-21	2026-04-25
194	2023-10-25	dx	op	preg-care	2026-10-21	2026-04-25
194	2023-11-02	dx	op	preg-care	2026-10-21	2026-04-25
194	2023-11-08	dx	op	preg-care	2026-10-21	2026-04-25
194	2023-11-08	dx	op	abrnl-fetus-care2	2026-10-21	2026-04-25
194	2023-11-09	dx	op	birth-outcom	2026-10-21	2026-04-25
194	2023-11-09	dx	op	prem-rupt	2026-10-21	2026-04-25
194	2023-11-09	dx	op	preg-week-37	2026-10-21	2026-04-25
194	2023-11-09	dx	op	hemo-post	2026-10-21	2026-04-25
194	2023-11-10	dx	ip	prem-rupt	2026-10-21	2026-04-25
194	2023-11-10	dx	ip	preg-week-37	2026-10-21	2026-04-25
194	2023-11-10	dx	op	birth-outcom	2026-10-21	2026-04-25
194	2023-11-10	dx	op	hemo-post	2026-10-21	2026-04-25
194	2023-11-11	dx	op	birth-outcom	2026-10-21	2026-04-25
194	2023-11-11	dx	op	hemo-post	2026-10-21	2026-04-25
194	2023-11-11	dx	ip	prem-rupt	2026-10-21	2026-04-25
194	2023-11-11	dx	ip	preg-week-37	2026-10-21	2026-04-25
194	2023-12-21	dx	ip	post-care	2026-10-21	2026-04-25
194	2023-12-21	px	op	ppd-scrn	2026-10-21	2026-04-25
194	2023-12-21	dx	ip	spl-scrn	2026-10-21	2026-04-25
194	2024-05-17	dx	op	preg-care	2026-10-21	2026-04-25
194	2024-05-17	px	op	birth-px	2026-10-21	2026-04-25
194	2024-05-17	px	op	ppd-scrn	2026-10-21	2026-04-25
194	2024-05-17	dx	op	compl-preg4	2026-10-21	2026-04-25
194	2024-05-28	dx	op	abrnl-fetus-care2	2026-10-21	2026-04-25
194	2024-05-30	dx	op	hrp-care	2026-10-21	2026-04-25
194	2024-05-30	dx	op	spl-scrn	2026-10-21	2026-04-25
194	2024-05-30	dx	op	preg-care	2026-10-21	2026-04-25
194	2024-05-30	dx	ip	compl-preg4	2026-10-21	2026-04-25
194	2024-07-02	dx	ip	preg-care	2026-10-21	2026-04-25
194	2024-07-15	dx	ip	abrnl-fetus-care2	2026-10-21	2026-04-25
194	2024-07-15	dx	op	ant-scrn	2026-10-21	2026-04-25
194	2024-07-15	dx	op	hrp-care	2026-10-21	2026-04-25
194	2024-07-15	dx	ip	hrp-care	2026-10-21	2026-04-25
194	2024-07-16	dx	op	preg-care	2026-10-21	2026-04-25
194	2024-08-13	dx	op	preg-care	2026-10-21	2026-04-25
194	2024-08-20	dx	ip	preg-week-25	2026-10-21	2026-04-25
194	2024-08-20	dx	op	abrnl-fetus-care2	2026-10-21	2026-04-25
194	2024-10-04	dx	op	spl-scrn	2026-10-21	2026-04-25
194	2024-10-04	dx	op	compl-preg4	2026-10-21	2026-04-25
194	2024-10-04	dx	op	preg-care	2026-10-21	2026-04-25
194	2024-10-08	dx	op	hrp-care	2026-10-21	2026-04-25
194	2024-10-08	dx	op	abrnl-fetus-care2	2026-10-21	2026-04-25
194	2024-10-08	dx	op	other-history	2026-10-21	2026-04-25
194	2024-10-08	dx	op	preg-week-32	2026-10-21	2026-04-25
194	2024-11-01	dx	op	preg-care	2026-10-21	2026-04-25
194	2024-11-01	dx	op	hrp-care	2026-10-21	2026-04-25
194	2024-11-01	dx	op	spl-scrn	2026-10-21	2026-04-25
194	2024-11-08	dx	op	preg-care	2026-10-21	2026-04-25
194	2024-11-08	dx	op	compl-preg4	2026-10-21	2026-04-25
194	2024-11-08	dx	op	hrp-care	2026-10-21	2026-04-25
194	2024-11-08	dx	op	abrnl-fetus-care2	2026-10-21	2026-04-25
194	2024-11-08	dx	op	spl-scrn	2026-10-21	2026-04-25
194	2024-11-16	dx	op	birth	2026-10-21	2026-04-25
194	2024-11-16	px	op	birth-px	2026-10-21	2026-04-25
194	2024-11-23	dx	op	post-care	2026-10-21	2026-04-25
195	2024-05-06	dx	op	incidental, preg-unplnd	2014-03-13	2026-07-26
195	2024-05-23	dx	op	preg-care	2014-03-13	2026-07-26
195	2024-05-23	dx	ip	preg-week-08	2014-03-13	2026-07-26
195	2024-06-20	dx	op	abrnl-fetus-care2	2014-03-13	2026-07-26
195	2024-06-20	dx	op	preg-week-12	2014-03-13	2026-07-26
195	2024-08-08	dx	ip	preg-week-19	2014-03-13	2026-07-26
195	2024-08-08	dx	op	preg-care	2014-03-13	2026-07-26
195	2024-08-08	dx	op	ant-scrn	2014-03-13	2026-07-26
195	2024-09-25	dx	op	preg-week-26	2014-03-13	2026-07-26
195	2024-10-03	dx	op	preg-week-27	2014-03-13	2026-07-26
195	2024-10-03	dx	ip	preg-care	2014-03-13	2026-07-26
195	2024-10-24	dx	op	preg-week-30	2014-03-13	2026-07-26
195	2024-11-04	dx	ip	m-hypert	2014-03-13	2026-07-26
195	2024-11-04	dx	op	preg-week-32	2014-03-13	2026-07-26
195	2024-11-21	dx	op	preg-week-34	2014-03-13	2026-07-26
195	2024-12-04	dx	op	preg-care	2014-03-13	2026-07-26
195	2024-12-04	dx	ip	preg-week-36	2014-03-13	2026-07-26
195	2024-12-04	dx	ip	m-hypert	2014-03-13	2026-07-26
195	2024-12-16	dx	op	preg-week-38	2014-03-13	2026-07-26
195	2024-12-23	dx	op	preg-week-39	2014-03-13	2026-07-26
195	2024-12-23	dx	op	birth-outcom	2014-03-13	2026-07-26
195	2024-12-23	px	op	birth-px	2014-03-13	2026-07-26
195	2024-12-23	px	ip	birth-px	2014-03-13	2026-07-26
195	2025-02-20	dx	ip	post-care	2014-03-13	2026-07-26
195	2025-02-20	dx	op	spl-scrn	2014-03-13	2026-07-26
195	2025-02-20	px	op	birth-px	2014-03-13	2026-07-26
196	2024-08-13	dx	op	abrnl-fetus-care2	2015-05-13	2026-05-16
196	2024-08-13	dx	ip	preg-week-10	2015-05-13	2026-05-16
196	2024-08-13	dx	op	hrp-care	2015-05-13	2026-05-16
196	2024-08-17	dx	ip	compl-preg4	2015-05-13	2026-05-16
196	2024-08-17	dx	op	hrp-care	2015-05-13	2026-05-16
196	2024-09-04	dx	op	preg-week-13	2015-05-13	2026-05-16
196	2024-09-04	dx	op	compl-preg4	2015-05-13	2026-05-16
196	2024-09-11	dx	op	preg-care	2015-05-13	2026-05-16
196	2024-09-11	dx	op	preg-week-14	2015-05-13	2026-05-16
196	2024-09-23	dx	op	ant-scrn	2015-05-13	2026-05-16
196	2024-09-23	dx	op	preg-week-16	2015-05-13	2026-05-16
196	2024-09-26	dx	op	hrp-care	2015-05-13	2026-05-16
196	2024-10-09	dx	ip	preg-care	2015-05-13	2026-05-16
196	2024-10-09	dx	op	preg-week-18	2015-05-13	2026-05-16
196	2024-10-10	dx	op	preg-week-18	2015-05-13	2026-05-16
196	2024-10-30	dx	op	placenta-prev	2015-05-13	2026-05-16
196	2024-10-30	dx	op	compl-preg4	2015-05-13	2026-05-16
196	2024-10-30	dx	ip	preg-week-21	2015-05-13	2026-05-16
196	2024-11-07	dx	op	hrp-care	2015-05-13	2026-05-16
196	2024-11-07	dx	op	preg-care	2015-05-13	2026-05-16
196	2024-11-07	dx	op	preg-week-22	2015-05-13	2026-05-16
196	2024-11-07	dx	op	placenta-prev	2015-05-13	2026-05-16
196	2024-11-18	dx	op	preg-week-22	2015-05-13	2026-05-16
196	2024-12-05	dx	op	preg-week-22	2015-05-13	2026-05-16
196	2024-12-05	dx	op	preg-care	2015-05-13	2026-05-16
196	2024-12-05	dx	op	preg-week-26	2015-05-13	2026-05-16
196	2025-01-03	dx	op	preg-care	2015-05-13	2026-05-16
196	2025-01-03	dx	op	placenta-prev	2015-05-13	2026-05-16
196	2025-01-03	dx	ip	preg-week-30	2015-05-13	2026-05-16
196	2025-01-17	dx	op	preg-care	2015-05-13	2026-05-16
196	2025-01-17	dx	op	compl-preg4	2015-05-13	2026-05-16
196	2025-01-17	dx	ip	preg-week-32	2015-05-13	2026-05-16
196	2025-01-17	dx	op	placenta-prev	2015-05-13	2026-05-16
196	2025-01-25	dx	op	compl-preg4	2015-05-13	2026-05-16
196	2025-01-25	dx	ip	preg-week-33	2015-05-13	2026-05-16
196	2025-01-31	dx	op	compl-preg4	2015-05-13	2026-05-16
196	2025-02-12	dx	ip	compl-preg4	2015-05-13	2026-05-16
196	2025-02-12	dx	op	preg-week-36	2015-05-13	2026-05-16
196	2025-02-17	dx	op	compl-preg4	2015-05-13	2026-05-16
196	2025-02-17	dx	op	preg-week-37	2015-05-13	2026-05-16
196	2025-02-17	dx	op	hrp-care	2015-05-13	2026-05-16
196	2025-02-24	dx	op	compl-preg4	2015-05-13	2026-05-16
196	2025-02-24	dx	op	hrp-care	2015-05-13	2026-05-16
196	2025-02-24	dx	ip	preg-week-38	2015-05-13	2026-05-16
196	2025-02-26	dx	ip	preg-week-38	2015-05-13	2026-05-16
196	2025-02-26	px	op	birth-px	2015-05-13	2026-05-16
196	2025-02-26	dx	op	compl-preg3	2015-05-13	2026-05-16
196	2025-02-26	dx	ip	prem-rupt	2015-05-13	2026-05-16
196	2025-02-26	dx	op	birth-outcom	2015-05-13	2026-05-16
196	2025-02-28	dx	op	post-care	2015-05-13	2026-05-16
196	2025-02-28	dx	op	compl-preg4	2015-05-13	2026-05-16
196	2025-03-01	dx	op	post-care	2015-05-13	2026-05-16
196	2025-03-01	dx	op	compl-preg4	2015-05-13	2026-05-16
196	2025-04-03	dx	op	compl-preg3	2015-05-13	2026-05-16
196	2025-04-03	dx	ip	compl-preg3	2015-05-13	2026-05-16
196	2025-04-03	dx	op	post-care	2015-05-13	2026-05-16
196	2025-04-03	dx	op	m-hypert	2015-05-13	2026-05-16
196	2025-04-03	dx	op	hemo-post	2015-05-13	2026-05-16
196	2025-04-04	dx	ip	compl-preg3	2015-05-13	2026-05-16
196	2025-04-04	dx	op	post-care	2015-05-13	2026-05-16
196	2025-04-15	dx	op	post-care	2015-05-13	2026-05-16
197	2022-10-26	px	op	birth-px	2023-06-26	2026-05-02
197	2022-10-26	dx	op	spl-scrn	2023-06-26	2026-05-02
197	2024-02-14	px	ip	ppd-scrn	2023-06-26	2026-05-02
197	2024-02-14	dx	op	spl-scrn	2023-06-26	2026-05-02
197	2024-02-14	px	op	ppd-scrn	2023-06-26	2026-05-02
197	2024-10-24	dx	op	preg-week-08	2023-06-26	2026-05-02
197	2024-10-24	dx	op	abrnl-fetus-care2	2023-06-26	2026-05-02
197	2024-10-24	dx	op	preg-care	2023-06-26	2026-05-02
197	2024-11-22	dx	ip	preg-week-12	2023-06-26	2026-05-02
197	2024-11-22	dx	op	abrnl-preg2	2023-06-26	2026-05-02
197	2025-01-06	dx	ip	ant-scrn	2023-06-26	2026-05-02
197	2025-01-16	dx	op	ant-scrn	2023-06-26	2026-05-02
197	2025-03-07	dx	op	preg-care	2023-06-26	2026-05-02
197	2025-04-01	dx	op	preg-week-31	2023-06-26	2026-05-02
197	2025-04-01	dx	ip	abrnl-fetus-care2	2023-06-26	2026-05-02
197	2025-05-06	dx	op	preg-week-38	2023-06-26	2026-05-02
197	2025-05-06	dx	op	ant-scrn	2023-06-26	2026-05-02
197	2025-05-07	dx	op	abrnl-fetus-care2	2023-06-26	2026-05-02
197	2025-05-07	dx	ip	preg-week-36	2023-06-26	2026-05-02
197	2025-05-13	dx	op	abrnl-fetus-care2	2023-06-26	2026-05-02
197	2025-05-13	dx	op	preg-week-37	2023-06-26	2026-05-02
197	2025-05-20	dx	ip	preg-week-38	2023-06-26	2026-05-02
197	2025-05-20	dx	op	compl-preg4	2023-06-26	2026-05-02
197	2025-05-27	dx	op	preg-week-39	2023-06-26	2026-05-02
197	2025-05-27	dx	op	birth-outcom	2023-06-26	2026-05-02
197	2025-05-27	px	op	birth-px	2023-06-26	2026-05-02
198	2024-09-03	dx	op	compl-preg4	2022-09-06	2026-03-31
198	2024-09-03	dx	ip	preg-week-08	2022-09-06	2026-03-31
198	2024-09-03	dx	op	preg-week-10	2022-09-06	2026-03-31
198	2024-09-08	dx	ip	hemo-preg	2022-09-06	2026-03-31
198	2024-09-08	dx	op	hemo-preg	2022-09-06	2026-03-31
198	2024-09-08	dx	op	preg-week-11	2022-09-06	2026-03-31
198	2024-09-08	dx	op	preg-week-09	2022-09-06	2026-03-31
198	2024-11-13	dx	ip	compl-preg4	2022-09-06	2026-03-31
198	2024-11-13	dx	op	hemo-preg	2022-09-06	2026-03-31
198	2024-11-13	dx	op	hrp-care	2022-09-06	2026-03-31
198	2024-11-13	dx	op	preg-care	2022-09-06	2026-03-31
198	2024-11-20	dx	op	compl-preg4	2022-09-06	2026-03-31
198	2024-11-20	dx	op	ant-scrn	2022-09-06	2026-03-31
198	2024-11-20	dx	op	preg-week-19	2022-09-06	2026-03-31
198	2024-11-20	dx	op	preg-week-21	2022-09-06	2026-03-31
198	2024-12-11	dx	op	preg-care	2022-09-06	2026-03-31
198	2024-12-11	dx	op	hrp-care	2022-09-06	2026-03-31
198	2024-12-11	dx	op	compl-preg4	2022-09-06	2026-03-31
198	2024-12-11	dx	op	preg-week-22	2022-09-06	2026-03-31
198	2024-12-23	dx	op	compl-preg4	2022-09-06	2026-03-31
198	2025-01-08	dx	op	compl-preg4	2022-09-06	2026-03-31
198	2025-01-08	dx	ip	hrp-care	2022-09-06	2026-03-31
198	2025-01-08	dx	op	hrp-care	2022-09-06	2026-03-31
198	2025-02-10	dx	op	preg-care	2022-09-06	2026-03-31
198	2025-02-10	dx	op	preg-week-31	2022-09-06	2026-03-31
198	2025-02-10	dx	ip	hrp-care	2022-09-06	2026-03-31
198	2025-02-25	dx	op	hrp-care	2022-09-06	2026-03-31
198	2025-02-25	dx	op	compl-preg4	2022-09-06	2026-03-31
198	2025-02-25	dx	op	preg-care	2022-09-06	2026-03-31
198	2025-03-10	dx	op	preg-care	2022-09-06	2026-03-31
198	2025-03-10	dx	op	hrp-care	2022-09-06	2026-03-31
198	2025-03-10	dx	op	compl-preg4	2022-09-06	2026-03-31
198	2025-03-10	dx	ip	hemo-preg	2022-09-06	2026-03-31
198	2025-03-17	dx	op	hrp-care	2022-09-06	2026-03-31
198	2025-03-17	dx	op	compl-preg4	2022-09-06	2026-03-31
198	2025-03-17	dx	op	preg-care	2022-09-06	2026-03-31
198	2025-03-21	dx	op	preterm-lbr	2022-09-06	2026-03-31
198	2025-03-21	px	op	birth-px	2022-09-06	2026-03-31
198	2025-03-21	dx	op	birth-outcom	2022-09-06	2026-03-31
198	2025-03-21	dx	ip	hrp-care	2022-09-06	2026-03-31
198	2025-03-21	dx	op	hemo-post	2022-09-06	2026-03-31
198	2025-03-21	dx	ip	compl-preg4	2022-09-06	2026-03-31
198	2025-03-21	dx	op	compl-preg4	2022-09-06	2026-03-31
198	2025-03-21	dx	op	preg-week-36	2022-09-06	2026-03-31
198	2025-03-21	dx	op	s-abort	2022-09-06	2026-03-31
198	2025-03-23	dx	op	post-care	2022-09-06	2026-03-31
198	2025-03-24	dx	op	post-care	2022-09-06	2026-03-31
199	2023-04-06	tx_rx	pharmacy	ESCITALOPRAM	2021-01-25	2026-03-16
199	2023-04-06	dx	ip	mdd	2021-01-25	2026-03-16
199	2023-09-18	dx	ip	hemo-preg	2021-01-25	2026-03-16
199	2023-09-18	dx	ip	preg-week-00	2021-01-25	2026-03-16
199	2023-09-18	dx	op	s-abort	2021-01-25	2026-03-16
199	2023-09-25	dx	op	s-abort	2021-01-25	2026-03-16
199	2023-09-25	dx	op	preg-week-00	2021-01-25	2026-03-16
199	2023-10-02	dx	ip	s-abort	2021-01-25	2026-03-16
199	2023-10-02	dx	op	preg-care	2021-01-25	2026-03-16
199	2023-10-18	dx	ip	preg-care	2021-01-25	2026-03-16
199	2023-12-18	dx	op	hemo-preg	2021-01-25	2026-03-16
199	2024-01-10	dx	op	spl-scrn	2021-01-25	2026-03-16
199	2024-01-10	px	op	birth-px	2021-01-25	2026-03-16
199	2024-01-25	dx	op	preg-week-11	2021-01-25	2026-03-16
199	2024-01-25	dx	ip	hemo-preg	2021-01-25	2026-03-16
199	2024-01-26	dx	ip	hemo-preg	2021-01-25	2026-03-16
199	2024-01-26	dx	op	preg-week-11	2021-01-25	2026-03-16
199	2024-01-29	dx	op	ant-scrn	2021-01-25	2026-03-16
199	2024-02-12	dx	op	preg-week-12	2021-01-25	2026-03-16
199	2024-02-12	dx	op	hrp-care	2021-01-25	2026-03-16
199	2024-02-12	dx	op	hemo-preg	2021-01-25	2026-03-16
199	2024-03-05	dx	op	preg-care	2021-01-25	2026-03-16
199	2024-03-05	dx	ip	preg-week-17	2021-01-25	2026-03-16
199	2024-03-13	dx	ip	preg-week-18	2021-01-25	2026-03-16
199	2024-03-13	dx	op	s-abort	2021-01-25	2026-03-16
199	2024-03-13	dx	ip	s-abort	2021-01-25	2026-03-16
199	2024-03-13	px	op	birth-px	2021-01-25	2026-03-16
199	2024-04-22	px	op	birth-px	2021-01-25	2026-03-16
199	2024-04-22	dx	op	spl-scrn	2021-01-25	2026-03-16
199	2024-12-31	dx	op	other-history	2021-01-25	2026-03-16
199	2024-12-31	dx	op	preg-week-01	2021-01-25	2026-03-16
199	2025-01-09	dx	op	s-abort	2021-01-25	2026-03-16
199	2025-01-13	dx	op	s-abort	2021-01-25	2026-03-16
199	2025-02-24	dx	op	other-history	2021-01-25	2026-03-16
199	2025-03-06	dx	op	s-abort	2021-01-25	2026-03-16
200	2023-12-21	dx	op	compl-preg4	2017-03-15	2026-04-06
200	2023-12-21	dx	op	preg-week-10	2017-03-15	2026-04-06
200	2023-12-21	dx	op	abrnl-fetus-care2	2017-03-15	2026-04-06
200	2024-01-21	dx	op	compl-preg4	2017-03-15	2026-04-06
200	2024-02-18	dx	op	preg-week-00	2017-03-15	2026-04-06
200	2024-02-18	dx	op	compl-preg4	2017-03-15	2026-04-06
200	2024-02-19	dx	op	compl-preg4	2017-03-15	2026-04-06
200	2024-02-21	dx	op	preg-week-19	2017-03-15	2026-04-06
200	2024-02-21	dx	ip	ant-scrn	2017-03-15	2026-04-06
200	2024-04-30	dx	op	compl-preg4	2017-03-15	2026-04-06
200	2024-04-30	dx	op	preg-week-29	2017-03-15	2026-04-06
200	2024-04-30	dx	op	vomit-preg	2017-03-15	2026-04-06
200	2024-05-06	dx	op	preg-week-30	2017-03-15	2026-04-06
200	2024-07-15	dx	op	birth-outcom	2017-03-15	2026-04-06
200	2024-07-15	px	op	birth-px	2017-03-15	2026-04-06
200	2024-07-15	dx	op	compl-preg4	2017-03-15	2026-04-06
200	2024-07-15	dx	op	preg-week-40	2017-03-15	2026-04-06
